<?xml version="1.0" encoding="UTF-8"?>
<!DOCTYPE X3D PUBLIC "ISO//Web3D//DTD X3D 3.1//EN" "http://www.web3d.org/specifications/x3d-3.1.dtd">
<X3D xsd:noNamespaceSchemaLocation="http://www.web3d.org/specifications/x3d-3.1.xsd" version="3.1" profile="Immersive" xmlns:xsd="http://www.w3.org/2001/XMLSchema-instance">
 <head>
  <meta content="Mascara_egipcia_textura.x3d" name="title"/>
  <meta content="Generated from Meshlab X3D Exported" name="description"/>
  <meta content="1 mayo 2025" name="created"/>
  <meta content="Meshlab X3D Exported, http://www.meshlab.net" name="generator"/>
 </head>
 <Scene>
  <Shape>
   <Appearance>
    <ImageTexture url="&quot;Mummy_mask_tex.png&quot;"/>
   </Appearance>
   <IndexedFaceSet coordIndex="0 1 2 -1 3 4 5 -1 5 6 3 -1 4 3 7 -1 1 0 8 -1 9 3 6 -1 0 10 8 -1 8 10 11 -1 3 9 7 -1 7 9 1 -1 1 9 2 -1 12 5 13 -1 14 0 2 -1 8 15 1 -1 16 4 17 -1 18 15 8 -1 19 20 21 -1 10 0 14 -1 4 13 5 -1 7 17 4 -1 8 11 18 -1 14 22 10 -1 11 10 22 -1 15 17 7 -1 7 1 15 -1 22 23 11 -1 23 22 21 -1 20 23 21 -1 24 17 25 -1 17 15 25 -1 18 11 26 -1 27 25 15 -1 21 22 28 -1 26 23 29 -1 11 23 26 -1 30 6 5 -1 9 6 30 -1 18 27 15 -1 4 31 13 -1 16 31 4 -1 16 17 24 -1 32 21 33 -1 23 20 29 -1 29 20 34 -1 21 32 19 -1 35 20 19 -1 20 35 34 -1 36 32 33 -1 19 32 36 -1 37 19 36 -1 35 19 37 -1 24 25 38 -1 38 25 39 -1 34 37 40 -1 35 37 34 -1 18 26 41 -1 12 13 42 -1 25 27 39 -1 40 37 43 -1 26 29 41 -1 12 30 5 -1 44 36 45 -1 46 41 29 -1 37 36 44 -1 44 47 37 -1 28 33 21 -1 48 14 2 -1 43 37 47 -1 29 34 46 -1 22 14 49 -1 48 2 30 -1 30 2 9 -1 27 41 50 -1 18 41 27 -1 31 42 13 -1 31 16 51 -1 51 24 52 -1 16 24 51 -1 38 52 24 -1 33 45 36 -1 53 12 42 -1 30 12 53 -1 48 49 14 -1 40 43 54 -1 22 49 28 -1 54 43 55 -1 43 47 55 -1 42 31 56 -1 47 44 57 -1 52 38 58 -1 47 57 59 -1 39 58 38 -1 55 47 59 -1 57 60 59 -1 39 27 50 -1 50 41 46 -1 60 57 61 -1 59 60 62 -1 28 63 33 -1 46 34 64 -1 64 34 65 -1 34 40 65 -1 66 67 60 -1 68 67 66 -1 66 69 70 -1 30 71 48 -1 68 66 70 -1 44 45 72 -1 54 55 73 -1 73 55 74 -1 56 31 51 -1 57 44 72 -1 75 51 52 -1 58 75 52 -1 55 59 74 -1 59 62 74 -1 58 39 76 -1 61 57 77 -1 39 50 76 -1 67 62 60 -1 61 66 60 -1 69 66 61 -1 56 78 42 -1 40 54 65 -1 78 53 42 -1 54 73 79 -1 30 53 71 -1 72 45 80 -1 79 73 74 -1 57 72 81 -1 82 50 46 -1 74 62 83 -1 84 82 46 -1 46 64 84 -1 83 62 85 -1 67 85 62 -1 86 61 77 -1 45 33 63 -1 69 61 86 -1 85 68 87 -1 67 68 85 -1 68 88 87 -1 78 56 89 -1 90 89 56 -1 91 65 54 -1 54 79 91 -1 71 53 92 -1 83 79 74 -1 77 57 81 -1 83 85 93 -1 56 51 90 -1 90 51 75 -1 87 93 85 -1 82 76 50 -1 87 88 94 -1 71 95 48 -1 49 48 95 -1 63 80 45 -1 94 88 96 -1 81 72 80 -1 79 83 97 -1 63 28 98 -1 83 93 97 -1 58 76 99 -1 100 84 64 -1 93 87 101 -1 64 65 100 -1 69 86 102 -1 58 103 75 -1 28 49 98 -1 91 79 97 -1 104 53 78 -1 84 100 105 -1 90 75 103 -1 63 98 106 -1 53 104 92 -1 100 65 91 -1 77 107 86 -1 102 86 107 -1 80 63 106 -1 87 94 101 -1 108 95 71 -1 98 49 109 -1 107 77 110 -1 78 89 111 -1 111 89 90 -1 107 112 102 -1 105 113 84 -1 106 98 114 -1 103 58 99 -1 80 106 115 -1 116 76 82 -1 117 110 81 -1 81 110 77 -1 49 95 109 -1 82 84 113 -1 93 101 97 -1 98 109 118 -1 119 104 78 -1 112 110 120 -1 78 111 119 -1 90 121 111 -1 112 107 110 -1 90 103 121 -1 103 99 122 -1 115 106 114 -1 95 108 123 -1 124 108 71 -1 71 92 124 -1 116 99 76 -1 125 80 115 -1 117 80 125 -1 117 81 80 -1 117 120 110 -1 109 95 123 -1 126 91 97 -1 113 127 82 -1 126 97 128 -1 101 128 97 -1 120 129 112 -1 121 130 111 -1 121 103 131 -1 124 92 104 -1 131 103 122 -1 132 101 94 -1 82 127 116 -1 119 111 130 -1 133 100 91 -1 108 124 134 -1 101 132 135 -1 134 123 108 -1 91 126 133 -1 136 135 132 -1 122 99 116 -1 117 125 137 -1 120 117 137 -1 123 118 109 -1 138 128 101 -1 129 120 139 -1 124 104 140 -1 141 104 119 -1 115 114 142 -1 104 141 140 -1 130 121 143 -1 131 143 121 -1 144 105 100 -1 133 144 100 -1 125 145 137 -1 126 128 146 -1 146 128 138 -1 139 120 137 -1 138 101 135 -1 98 118 114 -1 147 141 119 -1 147 130 143 -1 119 130 147 -1 125 115 148 -1 122 116 149 -1 149 116 150 -1 133 126 151 -1 118 123 152 -1 116 127 150 -1 153 124 140 -1 153 134 124 -1 142 148 115 -1 146 151 126 -1 145 125 148 -1 145 154 137 -1 139 137 154 -1 150 113 155 -1 113 150 127 -1 156 155 113 -1 113 105 156 -1 114 118 142 -1 138 135 157 -1 144 156 105 -1 158 144 133 -1 159 147 143 -1 133 151 158 -1 131 122 160 -1 160 122 149 -1 134 152 123 -1 151 146 161 -1 148 162 145 -1 139 154 163 -1 142 118 152 -1 164 150 155 -1 140 141 165 -1 141 147 159 -1 143 131 166 -1 166 159 143 -1 131 160 166 -1 167 134 153 -1 152 134 168 -1 151 161 158 -1 149 150 164 -1 162 154 145 -1 142 152 169 -1 146 138 170 -1 169 171 142 -1 141 172 165 -1 140 165 153 -1 173 144 174 -1 156 144 173 -1 141 159 175 -1 166 160 176 -1 134 167 168 -1 162 148 177 -1 164 178 149 -1 179 163 154 -1 152 168 180 -1 156 181 155 -1 141 175 172 -1 157 135 182 -1 159 183 175 -1 183 159 166 -1 158 174 144 -1 174 158 161 -1 153 184 167 -1 148 142 171 -1 146 170 161 -1 162 179 154 -1 169 152 180 -1 181 164 155 -1 170 138 185 -1 186 185 138 -1 157 186 138 -1 180 171 169 -1 182 186 157 -1 183 166 187 -1 188 176 160 -1 189 161 170 -1 160 149 188 -1 178 188 149 -1 180 168 190 -1 164 181 191 -1 192 170 185 -1 156 193 181 -1 156 173 193 -1 175 194 172 -1 165 172 195 -1 194 175 183 -1 176 187 166 -1 153 165 184 -1 171 177 148 -1 189 174 161 -1 168 167 196 -1 178 164 197 -1 190 168 196 -1 191 197 164 -1 181 193 191 -1 195 172 194 -1 198 199 186 -1 194 183 200 -1 187 200 183 -1 177 171 201 -1 176 188 202 -1 188 178 203 -1 192 185 199 -1 190 204 180 -1 204 205 171 -1 171 180 204 -1 186 199 185 -1 201 171 205 -1 206 207 177 -1 208 196 167 -1 179 209 163 -1 195 194 200 -1 210 165 195 -1 200 187 211 -1 191 193 173 -1 187 176 202 -1 184 165 210 -1 173 174 212 -1 188 203 202 -1 170 192 189 -1 203 178 197 -1 162 177 207 -1 207 179 162 -1 190 196 208 -1 177 201 206 -1 167 213 208 -1 210 195 214 -1 214 195 200 -1 187 202 215 -1 203 216 217 -1 203 197 216 -1 204 190 208 -1 205 218 201 -1 212 174 219 -1 219 174 189 -1 206 201 218 -1 220 167 184 -1 214 200 221 -1 211 221 200 -1 197 191 222 -1 191 173 223 -1 173 212 223 -1 202 203 217 -1 189 192 224 -1 199 224 192 -1 211 225 221 -1 212 219 226 -1 217 215 202 -1 219 189 224 -1 204 208 227 -1 228 204 227 -1 205 204 228 -1 218 205 229 -1 184 230 220 -1 220 231 167 -1 206 218 232 -1 213 167 231 -1 206 233 207 -1 234 235 214 -1 214 221 234 -1 210 214 235 -1 209 179 207 -1 184 210 230 -1 225 211 187 -1 222 191 223 -1 216 236 217 -1 222 216 197 -1 223 212 237 -1 228 229 205 -1 224 238 239 -1 224 199 238 -1 206 240 233 -1 221 225 234 -1 233 209 207 -1 230 210 235 -1 238 199 241 -1 198 241 199 -1 187 215 242 -1 225 187 242 -1 212 226 237 -1 213 227 208 -1 224 226 219 -1 228 227 243 -1 228 244 229 -1 229 232 218 -1 232 240 206 -1 235 234 245 -1 246 242 215 -1 246 215 217 -1 247 222 223 -1 236 216 248 -1 222 248 216 -1 226 249 250 -1 249 226 224 -1 224 239 249 -1 228 243 244 -1 237 251 223 -1 252 220 253 -1 244 254 229 -1 232 229 254 -1 220 252 231 -1 255 213 231 -1 237 226 250 -1 255 227 213 -1 230 235 245 -1 233 240 256 -1 209 233 257 -1 258 209 257 -1 236 246 217 -1 248 222 247 -1 220 230 253 -1 231 252 259 -1 227 255 260 -1 261 251 237 -1 240 232 254 -1 248 247 262 -1 230 245 263 -1 242 246 264 -1 257 233 256 -1 265 246 236 -1 243 227 260 -1 239 238 266 -1 247 223 267 -1 254 244 268 -1 251 267 223 -1 252 253 269 -1 270 231 259 -1 270 255 231 -1 250 271 237 -1 254 272 240 -1 256 240 272 -1 263 245 273 -1 245 234 273 -1 273 234 225 -1 264 246 265 -1 249 239 274 -1 266 274 239 -1 244 243 268 -1 230 263 275 -1 253 230 275 -1 259 252 269 -1 261 237 271 -1 276 270 259 -1 225 242 277 -1 260 278 243 -1 243 278 268 -1 262 247 267 -1 263 279 275 -1 251 280 267 -1 259 269 276 -1 255 270 281 -1 268 282 254 -1 260 255 281 -1 254 282 272 -1 283 271 250 -1 248 265 236 -1 262 284 248 -1 273 279 263 -1 273 225 277 -1 279 273 277 -1 277 242 285 -1 242 264 285 -1 257 256 286 -1 274 287 249 -1 288 268 278 -1 289 267 280 -1 290 269 291 -1 291 253 275 -1 269 253 291 -1 292 280 251 -1 251 261 292 -1 276 269 290 -1 271 292 261 -1 265 293 264 -1 249 283 250 -1 265 248 284 -1 272 286 256 -1 279 294 275 -1 282 268 288 -1 291 295 290 -1 291 275 294 -1 265 296 293 -1 272 282 297 -1 298 276 290 -1 299 283 249 -1 249 287 299 -1 286 272 300 -1 301 286 300 -1 302 260 281 -1 302 278 260 -1 289 280 303 -1 292 303 280 -1 285 264 293 -1 304 298 290 -1 270 276 298 -1 270 298 281 -1 297 300 272 -1 302 281 305 -1 278 302 306 -1 307 262 267 -1 279 277 308 -1 294 279 308 -1 291 294 309 -1 282 288 310 -1 277 285 311 -1 311 308 277 -1 285 293 311 -1 271 303 292 -1 312 282 310 -1 282 312 297 -1 305 281 298 -1 313 271 283 -1 283 299 313 -1 296 265 284 -1 307 284 262 -1 289 307 267 -1 314 294 308 -1 304 290 295 -1 288 278 306 -1 310 288 306 -1 291 309 295 -1 303 271 315 -1 293 296 316 -1 305 298 317 -1 313 315 271 -1 306 302 318 -1 307 289 319 -1 289 303 320 -1 309 314 321 -1 294 314 309 -1 321 314 322 -1 314 308 322 -1 323 320 303 -1 304 295 324 -1 325 304 324 -1 310 306 326 -1 315 323 303 -1 295 309 324 -1 311 293 316 -1 298 304 327 -1 328 298 327 -1 317 298 328 -1 329 313 299 -1 296 284 330 -1 284 307 330 -1 302 305 331 -1 318 302 331 -1 320 319 289 -1 332 309 333 -1 333 309 321 -1 322 308 334 -1 334 335 322 -1 327 304 325 -1 324 309 332 -1 308 311 334 -1 299 336 329 -1 307 319 337 -1 321 322 335 -1 335 333 321 -1 323 315 338 -1 312 310 326 -1 315 313 338 -1 313 329 338 -1 312 300 297 -1 300 312 339 -1 330 307 337 -1 326 306 318 -1 305 340 341 -1 342 323 343 -1 320 323 342 -1 334 311 344 -1 316 344 311 -1 345 296 346 -1 296 330 346 -1 305 317 340 -1 296 345 316 -1 305 341 331 -1 337 319 347 -1 332 333 348 -1 335 348 333 -1 325 324 349 -1 334 344 350 -1 316 345 351 -1 352 317 328 -1 346 330 353 -1 354 326 318 -1 342 347 319 -1 320 342 319 -1 323 338 343 -1 326 355 312 -1 338 356 357 -1 338 329 356 -1 358 337 359 -1 347 359 337 -1 348 360 361 -1 335 360 348 -1 334 360 335 -1 350 360 334 -1 342 343 362 -1 332 363 324 -1 327 325 349 -1 343 338 357 -1 344 316 351 -1 328 327 364 -1 340 317 352 -1 330 337 353 -1 353 337 358 -1 359 347 365 -1 366 363 332 -1 347 342 365 -1 332 348 366 -1 362 343 367 -1 343 357 367 -1 327 349 368 -1 327 368 364 -1 354 355 326 -1 365 342 369 -1 342 362 369 -1 324 363 349 -1 357 370 367 -1 345 371 351 -1 352 328 364 -1 345 346 372 -1 371 345 372 -1 353 372 346 -1 366 348 361 -1 373 359 374 -1 365 374 359 -1 372 353 358 -1 370 356 375 -1 357 356 370 -1 359 373 358 -1 356 376 377 -1 376 356 329 -1 378 331 341 -1 318 331 378 -1 363 366 379 -1 361 380 366 -1 361 360 380 -1 360 350 380 -1 374 365 381 -1 382 381 365 -1 369 382 365 -1 341 340 383 -1 362 367 369 -1 372 358 384 -1 385 370 375 -1 377 375 356 -1 378 354 318 -1 369 367 386 -1 379 366 387 -1 388 363 379 -1 389 370 385 -1 390 380 350 -1 352 364 383 -1 340 352 383 -1 364 368 391 -1 371 372 384 -1 373 392 358 -1 354 378 393 -1 387 366 380 -1 367 370 386 -1 383 364 391 -1 394 386 370 -1 389 394 370 -1 395 341 383 -1 384 358 392 -1 373 374 381 -1 396 354 393 -1 369 386 397 -1 398 385 375 -1 399 390 351 -1 377 398 375 -1 371 384 400 -1 377 401 398 -1 399 351 371 -1 350 344 390 -1 344 351 390 -1 341 395 378 -1 381 382 397 -1 369 397 382 -1 388 379 402 -1 387 380 403 -1 395 383 391 -1 404 349 388 -1 349 363 388 -1 368 349 404 -1 392 381 405 -1 381 392 373 -1 402 379 406 -1 406 387 403 -1 379 387 406 -1 403 380 407 -1 407 390 408 -1 380 390 407 -1 397 386 409 -1 384 392 410 -1 389 385 411 -1 385 398 411 -1 398 401 412 -1 390 399 408 -1 399 371 400 -1 378 395 413 -1 393 378 413 -1 381 397 414 -1 407 415 403 -1 368 404 416 -1 391 368 416 -1 394 389 417 -1 395 391 413 -1 389 411 417 -1 400 384 410 -1 381 414 405 -1 418 388 402 -1 409 419 397 -1 407 408 420 -1 394 409 386 -1 421 394 417 -1 417 411 422 -1 392 405 410 -1 398 422 411 -1 412 422 398 -1 404 388 418 -1 423 399 424 -1 408 423 420 -1 399 423 408 -1 424 399 400 -1 400 410 425 -1 406 426 427 -1 403 426 406 -1 414 397 419 -1 428 414 419 -1 406 429 402 -1 403 415 426 -1 407 420 415 -1 413 391 430 -1 422 431 417 -1 432 433 410 -1 410 405 432 -1 432 405 428 -1 414 428 405 -1 429 406 427 -1 434 404 418 -1 435 436 409 -1 416 404 434 -1 409 394 435 -1 394 421 435 -1 430 391 416 -1 421 417 431 -1 431 422 437 -1 437 422 438 -1 422 412 438 -1 424 400 439 -1 420 423 440 -1 423 424 440 -1 400 425 439 -1 429 427 441 -1 402 429 418 -1 419 409 436 -1 415 420 442 -1 421 443 435 -1 421 431 443 -1 444 443 431 -1 444 431 437 -1 445 425 446 -1 410 446 425 -1 420 440 442 -1 439 425 445 -1 432 428 447 -1 428 419 447 -1 436 435 448 -1 435 443 449 -1 449 448 435 -1 449 443 444 -1 444 437 450 -1 446 433 451 -1 438 450 437 -1 410 433 446 -1 433 432 452 -1 424 439 440 -1 442 440 453 -1 447 452 432 -1 447 419 454 -1 455 454 419 -1 419 436 455 -1 427 426 456 -1 426 415 457 -1 457 456 426 -1 415 442 457 -1 455 448 458 -1 436 448 455 -1 448 449 458 -1 458 449 444 -1 430 416 459 -1 445 446 460 -1 444 450 461 -1 453 439 462 -1 439 453 440 -1 439 445 462 -1 463 454 464 -1 447 454 463 -1 464 454 465 -1 455 465 454 -1 441 427 466 -1 418 467 434 -1 461 458 444 -1 416 434 459 -1 445 460 462 -1 451 433 452 -1 468 447 469 -1 469 447 463 -1 427 456 466 -1 464 465 470 -1 471 418 429 -1 458 465 455 -1 472 462 473 -1 459 434 474 -1 475 458 461 -1 460 473 462 -1 451 460 446 -1 452 447 468 -1 453 462 472 -1 469 463 476 -1 476 463 464 -1 464 470 477 -1 475 470 465 -1 458 475 465 -1 466 456 478 -1 457 442 479 -1 479 442 453 -1 434 467 474 -1 460 451 480 -1 481 460 480 -1 451 452 482 -1 452 468 482 -1 482 480 451 -1 468 483 482 -1 468 469 484 -1 453 472 485 -1 467 418 471 -1 486 429 441 -1 487 478 456 -1 471 429 486 -1 457 487 456 -1 476 488 469 -1 479 453 485 -1 472 473 489 -1 461 490 475 -1 489 460 481 -1 473 460 489 -1 482 483 491 -1 480 482 491 -1 483 468 492 -1 492 468 484 -1 485 472 493 -1 469 488 484 -1 476 464 494 -1 477 494 464 -1 477 470 495 -1 496 495 470 -1 441 466 497 -1 474 467 498 -1 499 493 472 -1 472 489 499 -1 500 501 483 -1 491 483 501 -1 483 492 500 -1 492 484 502 -1 488 476 503 -1 498 467 471 -1 488 502 484 -1 503 476 494 -1 470 475 496 -1 504 496 475 -1 480 505 506 -1 481 480 506 -1 489 481 499 -1 500 492 507 -1 507 492 502 -1 508 507 502 -1 501 505 491 -1 480 491 505 -1 509 501 500 -1 508 488 510 -1 502 488 508 -1 510 488 503 -1 494 477 511 -1 511 477 495 -1 504 512 496 -1 490 504 475 -1 504 490 513 -1 506 505 514 -1 515 514 505 -1 515 505 516 -1 516 517 515 -1 500 507 518 -1 518 507 519 -1 520 519 508 -1 507 508 519 -1 508 510 521 -1 521 520 508 -1 516 505 501 -1 516 501 509 -1 518 509 500 -1 521 510 503 -1 503 494 522 -1 522 494 523 -1 511 523 494 -1 495 496 524 -1 524 496 512 -1 525 514 515 -1 499 481 526 -1 481 506 526 -1 516 509 527 -1 517 516 527 -1 518 519 528 -1 528 519 520 -1 518 527 509 -1 521 503 522 -1 522 523 529 -1 511 495 524 -1 513 512 504 -1 493 499 530 -1 499 526 531 -1 531 530 499 -1 514 526 506 -1 532 526 514 -1 514 525 533 -1 525 515 534 -1 515 517 534 -1 527 535 534 -1 517 527 534 -1 535 518 528 -1 518 535 527 -1 528 520 521 -1 522 528 521 -1 529 528 522 -1 523 536 529 -1 511 536 523 -1 537 536 511 -1 511 524 537 -1 532 514 533 -1 532 531 526 -1 525 534 538 -1 538 534 539 -1 539 534 535 -1 529 540 528 -1 529 536 540 -1 533 525 538 -1 539 535 541 -1 528 541 535 -1 528 540 541 -1 70 542 68 -1 542 70 543 -1 542 543 544 -1 542 544 545 -1 546 545 544 -1 547 544 543 -1 548 544 547 -1 548 546 544 -1 548 549 546 -1 550 549 548 -1 549 550 551 -1 552 70 69 -1 542 88 68 -1 70 552 543 -1 88 542 545 -1 547 543 552 -1 545 546 553 -1 549 553 546 -1 553 549 554 -1 550 548 555 -1 550 556 551 -1 549 551 554 -1 556 550 557 -1 557 558 556 -1 557 559 558 -1 559 557 560 -1 561 559 560 -1 555 548 562 -1 554 551 563 -1 551 556 563 -1 564 550 555 -1 557 550 564 -1 69 102 552 -1 563 556 565 -1 94 96 566 -1 556 558 565 -1 558 559 567 -1 567 565 558 -1 545 96 88 -1 568 567 559 -1 559 561 568 -1 561 560 569 -1 570 96 545 -1 545 553 570 -1 548 547 562 -1 571 553 554 -1 555 572 564 -1 560 557 564 -1 563 565 573 -1 566 96 574 -1 565 567 575 -1 567 568 575 -1 576 569 577 -1 561 569 576 -1 96 570 574 -1 568 576 578 -1 561 576 568 -1 579 554 563 -1 572 580 564 -1 102 562 552 -1 580 581 564 -1 581 560 564 -1 94 566 132 -1 575 573 565 -1 552 562 547 -1 560 581 569 -1 582 574 570 -1 570 553 582 -1 577 569 581 -1 575 568 583 -1 553 571 582 -1 583 568 578 -1 554 579 571 -1 572 555 584 -1 576 585 578 -1 586 576 577 -1 585 576 586 -1 586 587 585 -1 571 579 588 -1 580 572 589 -1 590 112 591 -1 102 112 590 -1 590 592 102 -1 580 593 581 -1 562 102 592 -1 573 579 563 -1 594 579 573 -1 566 574 132 -1 555 562 584 -1 578 585 595 -1 595 583 578 -1 577 596 586 -1 587 595 585 -1 586 596 597 -1 587 586 597 -1 589 572 598 -1 593 580 589 -1 581 593 599 -1 582 600 574 -1 573 575 594 -1 584 562 601 -1 575 583 602 -1 602 583 603 -1 598 572 584 -1 583 595 603 -1 603 595 604 -1 587 597 605 -1 591 112 129 -1 592 590 591 -1 601 562 592 -1 599 593 606 -1 574 136 132 -1 577 581 599 -1 607 577 599 -1 582 608 600 -1 594 575 609 -1 609 575 602 -1 609 602 610 -1 577 607 596 -1 611 596 607 -1 597 596 611 -1 608 571 588 -1 582 571 608 -1 595 587 612 -1 612 604 595 -1 605 612 587 -1 579 613 588 -1 579 594 614 -1 593 589 606 -1 611 605 597 -1 610 602 603 -1 603 604 615 -1 616 136 574 -1 616 574 617 -1 574 600 617 -1 598 584 601 -1 592 591 618 -1 614 594 619 -1 594 620 621 -1 622 592 618 -1 622 601 592 -1 594 609 620 -1 610 603 615 -1 623 606 598 -1 604 612 624 -1 598 606 589 -1 600 608 625 -1 612 605 624 -1 588 625 608 -1 600 625 617 -1 591 129 626 -1 625 588 613 -1 613 579 614 -1 599 606 627 -1 607 599 627 -1 601 623 598 -1 605 611 628 -1 629 615 624 -1 604 624 615 -1 630 625 613 -1 591 631 618 -1 621 619 594 -1 622 618 631 -1 606 632 627 -1 633 617 634 -1 635 621 620 -1 636 607 627 -1 634 617 625 -1 620 609 637 -1 609 610 637 -1 637 610 638 -1 611 607 636 -1 623 639 606 -1 624 605 628 -1 129 139 626 -1 591 626 631 -1 630 634 625 -1 640 136 616 -1 616 617 633 -1 631 641 622 -1 636 627 642 -1 635 620 637 -1 622 643 601 -1 623 601 643 -1 644 611 636 -1 628 611 644 -1 645 628 644 -1 624 628 645 -1 645 629 624 -1 610 615 638 -1 136 640 135 -1 642 627 632 -1 633 640 616 -1 637 638 646 -1 622 641 643 -1 647 645 644 -1 629 645 648 -1 648 649 629 -1 613 614 630 -1 626 139 650 -1 638 629 649 -1 615 629 638 -1 639 623 643 -1 632 606 639 -1 182 135 640 -1 641 631 651 -1 641 652 643 -1 635 637 646 -1 139 163 650 -1 645 647 653 -1 648 645 653 -1 626 650 654 -1 639 643 655 -1 614 619 656 -1 632 639 657 -1 631 626 654 -1 656 621 658 -1 619 621 656 -1 640 633 659 -1 652 641 660 -1 661 658 621 -1 661 621 635 -1 661 635 646 -1 646 638 649 -1 654 651 631 -1 632 657 642 -1 636 642 662 -1 636 662 644 -1 663 661 646 -1 655 652 660 -1 659 633 634 -1 646 649 663 -1 630 614 664 -1 643 652 655 -1 649 648 665 -1 648 653 665 -1 614 666 664 -1 614 656 666 -1 667 186 182 -1 640 667 182 -1 656 658 668 -1 669 644 662 -1 651 660 641 -1 661 668 658 -1 634 630 670 -1 663 649 671 -1 647 644 669 -1 672 647 673 -1 653 647 672 -1 649 665 671 -1 665 653 672 -1 654 650 674 -1 675 639 655 -1 657 639 675 -1 667 198 186 -1 666 656 676 -1 676 656 668 -1 651 654 677 -1 667 640 678 -1 659 678 640 -1 650 163 209 -1 647 669 673 -1 679 672 673 -1 672 679 665 -1 654 674 680 -1 677 654 680 -1 678 659 681 -1 642 657 682 -1 683 642 682 -1 642 683 662 -1 659 634 670 -1 630 664 670 -1 661 663 684 -1 685 655 660 -1 671 686 663 -1 687 669 688 -1 673 669 687 -1 665 679 671 -1 209 674 650 -1 675 655 685 -1 689 651 677 -1 690 666 676 -1 691 657 675 -1 657 691 682 -1 668 661 692 -1 662 683 693 -1 688 662 693 -1 669 662 688 -1 684 663 686 -1 671 694 686 -1 694 671 679 -1 673 687 679 -1 664 666 695 -1 695 666 690 -1 668 696 676 -1 678 681 697 -1 696 668 692 -1 682 691 698 -1 660 651 689 -1 681 659 699 -1 659 670 699 -1 670 664 695 -1 684 692 661 -1 691 675 700 -1 696 690 676 -1 701 241 198 -1 198 667 701 -1 667 678 701 -1 697 701 678 -1 693 683 702 -1 685 660 703 -1 694 679 704 -1 687 688 704 -1 679 687 704 -1 209 705 674 -1 705 706 674 -1 700 675 685 -1 680 674 706 -1 707 680 706 -1 677 680 707 -1 689 677 707 -1 695 690 708 -1 660 689 703 -1 690 696 708 -1 696 692 709 -1 697 681 710 -1 683 682 711 -1 683 711 702 -1 699 710 681 -1 693 712 688 -1 704 688 712 -1 670 695 699 -1 689 707 713 -1 714 691 700 -1 715 238 241 -1 682 698 716 -1 711 682 716 -1 697 710 717 -1 699 695 718 -1 693 702 719 -1 712 693 719 -1 712 720 704 -1 258 706 705 -1 686 694 720 -1 694 704 720 -1 713 703 689 -1 695 708 718 -1 691 714 698 -1 705 209 258 -1 708 696 721 -1 709 721 696 -1 699 722 710 -1 692 684 723 -1 718 722 699 -1 707 706 724 -1 716 698 714 -1 685 703 725 -1 692 723 709 -1 726 258 257 -1 711 716 727 -1 717 710 728 -1 723 684 729 -1 728 710 722 -1 686 720 729 -1 684 686 729 -1 729 720 730 -1 712 719 730 -1 712 730 720 -1 706 258 731 -1 724 706 731 -1 732 718 733 -1 733 718 708 -1 708 734 733 -1 703 713 735 -1 736 703 735 -1 725 703 736 -1 737 685 725 -1 734 721 738 -1 708 721 734 -1 685 737 700 -1 721 709 739 -1 715 241 740 -1 740 241 741 -1 701 741 241 -1 701 697 741 -1 702 711 742 -1 697 717 743 -1 266 238 715 -1 744 722 718 -1 744 718 732 -1 714 700 745 -1 713 707 724 -1 724 735 713 -1 746 716 714 -1 733 734 738 -1 745 700 737 -1 739 709 723 -1 697 743 741 -1 747 723 748 -1 723 729 748 -1 749 702 742 -1 717 728 750 -1 719 702 749 -1 751 719 749 -1 730 719 751 -1 728 722 744 -1 744 732 752 -1 724 753 735 -1 714 745 746 -1 727 716 746 -1 725 754 737 -1 738 721 739 -1 742 727 755 -1 727 742 711 -1 740 741 756 -1 723 747 739 -1 286 726 257 -1 750 743 717 -1 748 730 751 -1 729 730 748 -1 726 731 258 -1 715 740 757 -1 728 744 750 -1 732 758 752 -1 732 733 758 -1 743 759 741 -1 746 745 760 -1 761 745 737 -1 266 715 757 -1 762 743 750 -1 750 744 763 -1 744 752 763 -1 759 756 741 -1 738 758 733 -1 743 764 759 -1 725 736 765 -1 286 301 726 -1 754 761 737 -1 274 266 757 -1 760 745 761 -1 726 766 731 -1 739 747 767 -1 767 747 768 -1 747 748 768 -1 749 742 769 -1 751 749 769 -1 770 731 766 -1 724 731 770 -1 771 763 752 -1 740 772 757 -1 740 756 772 -1 743 762 764 -1 773 738 774 -1 739 774 738 -1 750 763 775 -1 754 725 765 -1 766 726 301 -1 776 742 755 -1 777 742 776 -1 757 287 274 -1 769 742 777 -1 748 769 768 -1 751 769 748 -1 771 752 758 -1 778 756 759 -1 753 779 735 -1 779 736 735 -1 727 746 780 -1 758 738 781 -1 738 773 781 -1 764 762 782 -1 775 782 762 -1 762 750 775 -1 767 774 739 -1 287 757 783 -1 769 777 768 -1 761 754 784 -1 770 753 724 -1 784 785 761 -1 760 761 785 -1 746 760 786 -1 764 778 759 -1 299 287 783 -1 774 767 787 -1 788 776 755 -1 772 783 757 -1 789 777 776 -1 789 767 768 -1 777 789 768 -1 790 772 756 -1 778 790 756 -1 770 791 753 -1 758 781 792 -1 793 736 779 -1 778 764 794 -1 780 746 786 -1 736 793 765 -1 773 774 795 -1 796 301 300 -1 774 787 795 -1 727 780 755 -1 299 783 336 -1 765 797 754 -1 788 755 798 -1 766 301 796 -1 788 799 776 -1 770 766 800 -1 758 792 771 -1 792 781 801 -1 760 785 786 -1 764 782 802 -1 794 764 802 -1 781 773 803 -1 804 336 805 -1 787 767 806 -1 775 763 807 -1 336 783 805 -1 805 783 772 -1 771 807 763 -1 800 766 796 -1 767 789 806 -1 784 754 797 -1 789 799 806 -1 776 799 789 -1 807 771 808 -1 808 771 792 -1 778 809 790 -1 785 784 810 -1 791 779 753 -1 793 779 811 -1 809 778 794 -1 804 329 336 -1 773 795 803 -1 796 300 339 -1 795 787 812 -1 782 775 813 -1 812 787 806 -1 813 775 814 -1 790 805 772 -1 807 814 775 -1 797 815 784 -1 790 816 805 -1 784 815 810 -1 770 800 791 -1 817 808 792 -1 786 785 818 -1 801 781 819 -1 794 802 820 -1 780 786 818 -1 821 797 765 -1 765 793 821 -1 329 804 376 -1 781 803 819 -1 782 813 802 -1 796 339 800 -1 803 795 822 -1 795 812 822 -1 798 755 823 -1 824 798 823 -1 825 798 824 -1 799 798 825 -1 788 798 799 -1 812 806 826 -1 806 799 826 -1 810 818 785 -1 811 779 791 -1 793 811 821 -1 820 802 827 -1 802 813 827 -1 755 780 823 -1 803 822 819 -1 799 825 826 -1 791 828 811 -1 829 808 817 -1 801 817 792 -1 830 817 801 -1 794 831 809 -1 794 820 831 -1 814 827 813 -1 814 808 832 -1 808 814 807 -1 833 804 805 -1 816 833 805 -1 815 797 834 -1 825 824 835 -1 826 825 835 -1 829 817 836 -1 816 790 809 -1 801 819 837 -1 838 831 839 -1 831 820 839 -1 827 839 820 -1 376 804 833 -1 827 814 832 -1 829 832 808 -1 819 822 840 -1 812 826 841 -1 815 834 842 -1 815 842 810 -1 836 832 829 -1 830 836 817 -1 843 830 801 -1 833 816 844 -1 816 809 845 -1 845 809 831 -1 801 837 843 -1 838 839 846 -1 780 818 847 -1 848 849 827 -1 827 832 848 -1 823 780 847 -1 824 823 835 -1 822 850 840 -1 822 812 850 -1 834 797 821 -1 841 850 812 -1 826 835 841 -1 851 832 836 -1 836 830 852 -1 816 845 844 -1 818 810 853 -1 838 854 831 -1 849 846 839 -1 821 811 828 -1 819 840 837 -1 839 827 849 -1 834 821 855 -1 848 832 856 -1 851 856 832 -1 823 857 835 -1 376 833 858 -1 851 836 852 -1 844 859 833 -1 845 831 854 -1 854 838 860 -1 843 837 861 -1 860 838 846 -1 862 837 840 -1 846 849 863 -1 863 849 864 -1 377 376 858 -1 849 848 864 -1 865 823 847 -1 856 851 866 -1 859 858 833 -1 850 841 867 -1 841 835 867 -1 835 857 867 -1 851 852 866 -1 868 810 842 -1 859 844 869 -1 853 810 868 -1 845 869 844 -1 870 843 861 -1 860 871 854 -1 846 872 860 -1 861 837 862 -1 863 872 846 -1 847 818 853 -1 821 828 855 -1 847 853 873 -1 377 858 401 -1 865 874 823 -1 823 874 857 -1 842 834 875 -1 852 830 876 -1 830 843 870 -1 869 845 877 -1 845 854 877 -1 877 854 871 -1 871 872 878 -1 860 872 871 -1 872 863 878 -1 862 840 879 -1 865 847 880 -1 856 864 848 -1 856 866 881 -1 840 850 882 -1 850 867 882 -1 857 882 867 -1 830 870 876 -1 883 859 884 -1 877 871 885 -1 870 861 886 -1 401 858 887 -1 879 840 888 -1 840 882 888 -1 847 873 880 -1 878 863 889 -1 864 856 890 -1 891 888 882 -1 863 864 889 -1 882 857 891 -1 857 874 891 -1 856 881 892 -1 890 856 892 -1 866 876 893 -1 852 876 866 -1 869 884 859 -1 869 877 894 -1 877 885 894 -1 895 862 879 -1 885 871 878 -1 873 853 868 -1 883 887 858 -1 865 880 896 -1 858 859 883 -1 891 874 897 -1 874 865 896 -1 896 897 874 -1 889 864 890 -1 898 890 892 -1 866 893 881 -1 869 894 884 -1 899 876 870 -1 870 886 900 -1 894 885 901 -1 878 901 885 -1 901 878 902 -1 861 895 886 -1 878 889 902 -1 862 895 861 -1 887 412 401 -1 887 883 903 -1 879 888 904 -1 880 873 905 -1 892 881 898 -1 898 881 893 -1 876 899 893 -1 884 894 906 -1 870 900 899 -1 907 906 894 -1 907 894 908 -1 894 901 908 -1 902 889 909 -1 895 910 886 -1 903 412 887 -1 911 903 883 -1 889 890 909 -1 912 896 880 -1 884 911 883 -1 904 888 913 -1 888 891 897 -1 897 913 888 -1 890 898 914 -1 911 884 915 -1 898 893 916 -1 900 886 910 -1 917 908 901 -1 902 917 901 -1 910 895 918 -1 412 903 919 -1 895 879 920 -1 879 904 920 -1 914 909 890 -1 912 880 921 -1 896 912 922 -1 897 896 922 -1 914 898 923 -1 923 898 924 -1 924 898 916 -1 899 916 893 -1 916 899 925 -1 906 915 884 -1 900 925 899 -1 906 907 926 -1 927 925 900 -1 927 910 928 -1 900 910 927 -1 928 918 929 -1 910 918 928 -1 917 909 930 -1 902 909 917 -1 918 895 920 -1 919 903 931 -1 903 911 931 -1 897 922 913 -1 912 921 932 -1 909 914 930 -1 915 906 926 -1 907 933 926 -1 927 928 934 -1 907 908 933 -1 933 908 935 -1 918 936 929 -1 919 438 412 -1 936 918 937 -1 930 914 938 -1 937 918 920 -1 904 939 920 -1 931 911 940 -1 904 913 939 -1 922 912 932 -1 924 916 941 -1 940 911 915 -1 916 925 941 -1 926 933 942 -1 942 933 935 -1 925 927 943 -1 928 929 934 -1 935 908 944 -1 908 917 944 -1 917 945 944 -1 917 930 945 -1 921 880 905 -1 919 931 946 -1 946 931 940 -1 924 947 923 -1 922 932 948 -1 941 925 949 -1 915 950 940 -1 950 926 942 -1 915 926 950 -1 927 934 943 -1 930 938 945 -1 450 438 951 -1 438 919 951 -1 937 920 939 -1 951 919 952 -1 938 914 953 -1 953 923 954 -1 914 923 953 -1 919 946 952 -1 952 946 955 -1 939 913 956 -1 913 922 948 -1 947 954 923 -1 955 946 940 -1 950 955 940 -1 955 950 957 -1 947 924 958 -1 924 941 959 -1 959 941 960 -1 960 941 949 -1 935 961 942 -1 949 925 943 -1 962 961 935 -1 461 450 951 -1 944 962 935 -1 934 963 943 -1 963 934 964 -1 964 934 965 -1 944 945 966 -1 929 965 934 -1 945 967 968 -1 936 965 929 -1 937 965 936 -1 938 953 967 -1 945 938 967 -1 953 954 967 -1 937 939 956 -1 956 913 969 -1 913 948 969 -1 957 970 955 -1 924 959 958 -1 971 957 950 -1 942 971 950 -1 971 972 957 -1 973 968 974 -1 961 971 942 -1 975 954 947 -1 949 976 977 -1 972 971 961 -1 943 976 949 -1 461 951 978 -1 972 961 962 -1 976 943 963 -1 962 944 979 -1 966 979 944 -1 945 968 966 -1 951 952 978 -1 937 980 965 -1 968 967 974 -1 937 956 981 -1 954 974 967 -1 975 974 954 -1 955 982 952 -1 970 982 955 -1 958 959 983 -1 983 959 984 -1 959 960 985 -1 985 984 959 -1 960 977 986 -1 949 977 960 -1 973 966 968 -1 975 973 974 -1 975 947 987 -1 987 947 988 -1 972 970 957 -1 972 989 970 -1 962 989 972 -1 977 976 990 -1 990 976 991 -1 992 979 966 -1 991 976 993 -1 963 993 976 -1 994 964 965 -1 994 965 980 -1 995 980 937 -1 958 988 947 -1 988 958 996 -1 995 937 981 -1 981 956 997 -1 956 969 997 -1 969 948 998 -1 982 978 952 -1 983 999 996 -1 983 996 958 -1 983 984 1000 -1 999 983 1000 -1 973 975 1001 -1 975 987 1001 -1 1002 970 989 -1 986 977 990 -1 963 964 993 -1 993 964 994 -1 994 980 995 -1 995 981 1003 -1 979 989 962 -1 1002 989 979 -1 990 1004 986 -1 990 991 1004 -1 1004 991 1005 -1 993 1005 991 -1 1006 993 994 -1 996 999 1007 -1 981 997 1003 -1 960 986 985 -1 973 1001 966 -1 966 1001 1008 -1 1009 1008 1001 -1 987 1009 1001 -1 987 988 1010 -1 1006 1005 993 -1 1006 994 1011 -1 1012 1007 999 -1 999 1000 1012 -1 1013 996 1007 -1 988 996 1013 -1 1010 988 1013 -1 1012 1000 1014 -1 1000 984 1014 -1 1014 984 1015 -1 985 1015 984 -1 985 986 1015 -1 978 982 1016 -1 1016 982 1017 -1 1002 982 970 -1 982 1002 1017 -1 978 490 461 -1 1002 1018 1017 -1 1018 1002 979 -1 490 978 1016 -1 1018 979 992 -1 1007 1012 1019 -1 1014 1015 1020 -1 1020 1015 1021 -1 1015 986 1021 -1 986 1004 1021 -1 1005 1006 1022 -1 1012 1014 1019 -1 1019 1013 1007 -1 490 1016 1023 -1 1023 1016 1024 -1 1024 1016 1017 -1 992 1025 1018 -1 1026 1025 992 -1 992 966 1027 -1 1027 1026 992 -1 966 1008 1027 -1 1014 1028 1019 -1 1029 1030 1019 -1 1013 1019 1030 -1 1010 1013 1030 -1 1020 1028 1014 -1 1021 1004 1031 -1 1031 1004 1022 -1 1004 1005 1022 -1 1020 1021 1032 -1 1031 1022 1033 -1 1029 1019 1028 -1 1028 1020 1032 -1 1025 1017 1018 -1 513 490 1034 -1 1023 1034 490 -1 1032 1021 1035 -1 1028 1036 1029 -1 1036 1028 1032 -1 1029 1036 1037 -1 1035 1031 1038 -1 1021 1031 1035 -1 1032 1039 1036 -1 1039 1040 1036 -1 1036 1040 1037 -1 1032 1035 1039 -1 1024 1041 1023 -1 1042 1043 1025 -1 1026 1042 1025 -1 1027 1008 1044 -1 1044 1026 1027 -1 1045 1024 1017 -1 1043 1017 1025 -1 1045 1017 1043 -1 1035 1040 1039 -1 1041 1046 1023 -1 1045 1041 1024 -1 1046 1034 1023 -1 1047 1046 1041 -1 1041 1045 1048 -1 1048 1047 1041 -1 1045 1043 1049 -1 1049 1048 1045 -1 1042 1049 1043 -1 1050 800 339 -1 355 1051 312 -1 339 312 1051 -1 1052 1050 1053 -1 1052 800 1050 -1 339 1054 1050 -1 791 800 1052 -1 1054 339 1051 -1 828 791 1052 -1 355 354 1055 -1 1054 1053 1050 -1 1056 1052 1053 -1 842 875 1057 -1 828 1052 1058 -1 1051 1059 1054 -1 1059 1060 1054 -1 1053 1054 1060 -1 1057 868 842 -1 855 828 1061 -1 855 1062 834 -1 1060 1056 1053 -1 1058 1052 1056 -1 1058 1061 828 -1 1051 355 1055 -1 875 834 1062 -1 1055 354 396 -1 1057 875 1063 -1 1057 1064 868 -1 875 1062 1063 -1 396 1065 1055 -1 1066 1058 1056 -1 1061 1058 1066 -1 1067 868 1064 -1 873 868 1067 -1 1068 396 393 -1 1064 1057 1063 -1 1069 1051 1055 -1 1051 1069 1059 -1 1061 1062 855 -1 1066 1056 1070 -1 1071 1061 1066 -1 1060 1072 1056 -1 1072 1070 1056 -1 1064 1063 1073 -1 1074 1060 1059 -1 1074 1072 1060 -1 1063 1062 1075 -1 1063 1075 1073 -1 1055 1065 1076 -1 1076 1069 1055 -1 905 873 1077 -1 1072 1074 1078 -1 1068 393 413 -1 1073 1079 1064 -1 1064 1079 1067 -1 1067 1077 873 -1 1062 1061 1071 -1 1074 1059 1069 -1 1075 1062 1080 -1 413 1081 1068 -1 932 921 1082 -1 1082 1083 932 -1 948 932 1083 -1 1084 396 1068 -1 1065 396 1084 -1 1073 1075 1085 -1 1066 1086 1071 -1 1073 1087 1079 -1 1077 1067 1079 -1 413 430 1081 -1 1071 1086 1088 -1 1071 1080 1062 -1 1077 1089 1090 -1 905 1077 1090 -1 921 905 1090 -1 1066 1070 1091 -1 1065 1092 1076 -1 1077 1079 1093 -1 1069 1076 1094 -1 430 459 1081 -1 1080 1071 1088 -1 997 969 1095 -1 998 1095 969 -1 1082 921 1096 -1 1083 998 948 -1 1097 1084 1068 -1 1068 1081 1098 -1 1097 1068 1098 -1 1065 1084 1092 -1 1094 1076 1092 -1 1086 1066 1091 -1 1073 1085 1087 -1 1079 1087 1099 -1 1074 1069 1100 -1 1078 1074 1101 -1 1072 1078 1070 -1 1077 1093 1089 -1 1102 1075 1080 -1 1085 1075 1102 -1 997 1095 1103 -1 1095 998 1103 -1 921 1090 1104 -1 1096 921 1104 -1 1105 1078 1101 -1 1091 1070 1106 -1 1093 1079 1099 -1 1069 1094 1100 -1 995 1003 1107 -1 1003 1108 1109 -1 997 1108 1003 -1 997 1103 1108 -1 1103 998 1110 -1 998 1083 1111 -1 1083 1082 1112 -1 1110 998 1111 -1 1009 987 1113 -1 1098 1081 1114 -1 1097 1115 1084 -1 1084 1115 1092 -1 1070 1078 1106 -1 1086 1116 1088 -1 1087 1085 1117 -1 1101 1074 1100 -1 1011 994 1118 -1 1118 995 1107 -1 994 995 1118 -1 1089 1119 1090 -1 1107 1003 1109 -1 1103 1110 1108 -1 1090 1119 1104 -1 1083 1112 1111 -1 987 1010 1113 -1 1120 1106 1121 -1 1120 1091 1106 -1 1114 1081 459 -1 1091 1120 1086 -1 1120 1116 1086 -1 1088 1116 1122 -1 1094 1092 1123 -1 1105 1106 1078 -1 1100 1124 1101 -1 1102 1080 1125 -1 1117 1085 1102 -1 1114 459 1126 -1 1126 459 474 -1 1096 1127 1082 -1 1112 1082 1127 -1 1098 1114 1128 -1 1129 1098 1128 -1 1097 1098 1129 -1 1123 1092 1115 -1 1123 1124 1094 -1 1100 1094 1124 -1 1080 1088 1122 -1 1117 1102 1130 -1 1113 1131 1009 -1 1010 1030 1113 -1 1099 1087 1117 -1 1006 1011 1132 -1 1011 1118 1133 -1 1118 1107 1134 -1 1107 1109 1134 -1 1108 1135 1109 -1 1110 1111 1136 -1 1106 1105 1137 -1 1030 1138 1113 -1 1097 1129 1139 -1 1115 1097 1139 -1 1033 1022 1140 -1 1022 1006 1140 -1 1006 1132 1140 -1 1011 1133 1132 -1 1133 1118 1134 -1 1135 1108 1136 -1 1108 1110 1136 -1 1141 1136 1111 -1 1111 1112 1141 -1 1089 1093 1142 -1 1140 1132 1143 -1 1144 1143 1132 -1 1144 1133 1145 -1 1132 1133 1144 -1 1133 1134 1145 -1 1134 1146 1145 -1 1134 1109 1146 -1 1135 1146 1109 -1 1127 1096 1147 -1 1099 1117 1148 -1 1128 1114 1149 -1 1137 1121 1106 -1 1093 1099 1148 -1 1031 1150 1038 -1 1031 1033 1150 -1 1033 1140 1151 -1 1152 1151 1140 -1 1152 1140 1143 -1 1115 1153 1123 -1 1080 1122 1125 -1 1144 1154 1143 -1 1154 1155 1156 -1 1155 1154 1144 -1 1145 1155 1144 -1 1157 1105 1101 -1 1158 1155 1145 -1 1145 1146 1158 -1 1029 1159 1030 -1 1037 1159 1029 -1 1030 1159 1138 -1 1135 1136 1160 -1 1119 1161 1104 -1 1162 1113 1138 -1 1112 1127 1141 -1 1163 1141 1127 -1 1160 1136 1164 -1 1165 1113 1162 -1 1164 1136 1141 -1 1008 1009 1166 -1 1166 1131 1167 -1 1009 1131 1166 -1 1113 1165 1131 -1 1165 1167 1131 -1 1168 1159 1169 -1 1170 1137 1105 -1 1169 1171 1168 -1 1150 1151 1172 -1 1033 1151 1150 -1 1173 1172 1151 -1 1152 1173 1151 -1 1143 1174 1175 -1 1122 1116 1176 -1 1173 1152 1175 -1 1143 1175 1152 -1 1119 1089 1142 -1 1161 1119 1142 -1 1139 1153 1115 -1 1138 1159 1168 -1 1162 1138 1168 -1 1168 1177 1162 -1 1178 1124 1123 -1 1168 1179 1177 -1 1180 1162 1177 -1 1178 1157 1124 -1 1174 1179 1171 -1 1101 1124 1157 -1 1154 1174 1143 -1 1156 1174 1154 -1 1179 1174 1156 -1 1156 1181 1179 -1 1182 1181 1158 -1 1181 1156 1158 -1 1158 1156 1155 -1 1169 1159 1037 -1 1146 1183 1158 -1 1160 1183 1146 -1 1146 1135 1160 -1 1096 1104 1184 -1 1164 1141 1185 -1 1170 1186 1137 -1 1171 1187 1174 -1 1175 1174 1187 -1 1148 1142 1093 -1 1172 1173 1188 -1 1173 1175 1187 -1 1187 1188 1173 -1 1102 1125 1189 -1 1168 1171 1179 -1 1190 1180 1177 -1 1181 1177 1179 -1 1148 1117 1130 -1 1181 1190 1177 -1 1190 1181 1182 -1 1191 1038 1192 -1 1035 1038 1191 -1 1191 1040 1035 -1 1040 1191 1193 -1 1038 1194 1192 -1 1038 1150 1194 -1 1183 1182 1158 -1 1161 1184 1104 -1 1044 1008 1166 -1 1166 1167 1195 -1 1162 1180 1165 -1 1196 1167 1165 -1 1196 1195 1167 -1 1196 1165 1180 -1 1169 1037 1193 -1 1197 1194 1150 -1 1121 1137 1186 -1 1150 1172 1197 -1 1172 1198 1197 -1 1199 1171 1169 -1 1121 1116 1120 -1 1129 1200 1201 -1 1202 1187 1199 -1 1171 1199 1187 -1 1129 1201 1139 -1 1129 1128 1200 -1 1172 1188 1198 -1 1188 1187 1202 -1 1161 1142 1203 -1 1204 1123 1153 -1 1130 1102 1189 -1 1205 1148 1130 -1 1160 1206 1183 -1 1193 1037 1040 -1 1127 1147 1207 -1 1185 1141 1163 -1 1149 1114 1208 -1 1193 1209 1169 -1 1210 1128 1149 -1 1169 1209 1199 -1 1200 1128 1210 -1 1176 1116 1211 -1 1153 1139 1201 -1 1204 1178 1123 -1 1182 1183 1206 -1 1170 1157 1212 -1 1105 1157 1170 -1 1192 1194 1213 -1 1213 1194 1214 -1 1096 1184 1147 -1 1148 1205 1142 -1 1163 1127 1207 -1 1044 1166 1195 -1 1195 1196 1215 -1 1180 1190 1196 -1 1196 1190 1215 -1 1216 1215 1190 -1 1216 1190 1182 -1 1042 1026 1217 -1 1217 1026 1044 -1 1126 1208 1114 -1 1192 1213 1218 -1 1191 1192 1218 -1 1197 1214 1194 -1 1214 1197 1219 -1 1205 1220 1142 -1 1200 1221 1201 -1 1193 1191 1218 -1 1209 1193 1218 -1 1221 1200 1210 -1 1209 1222 1199 -1 1219 1197 1223 -1 1198 1223 1197 -1 1224 1199 1222 -1 1199 1224 1202 -1 1142 1220 1203 -1 1198 1188 1224 -1 1202 1224 1188 -1 1161 1203 1225 -1 1206 1216 1182 -1 1212 1226 1170 -1 1186 1170 1226 -1 1206 1160 1227 -1 1207 1147 1228 -1 1116 1121 1211 -1 1163 1229 1185 -1 1122 1176 1230 -1 1231 1122 1230 -1 1125 1122 1231 -1 1189 1125 1231 -1 1205 1130 1232 -1 1233 1218 1213 -1 1214 1233 1213 -1 1121 1186 1211 -1 1234 1218 1233 -1 1235 1220 1205 -1 1214 1219 1233 -1 1209 1218 1234 -1 1222 1209 1236 -1 1219 1223 1237 -1 1223 1198 1237 -1 1237 1224 1222 -1 1224 1237 1198 -1 1153 1201 1204 -1 1161 1225 1184 -1 1212 1178 1204 -1 1189 1232 1130 -1 1160 1164 1227 -1 1227 1164 1229 -1 1164 1185 1229 -1 1147 1184 1228 -1 1238 1215 1216 -1 1206 1238 1216 -1 1239 1195 1240 -1 1195 1215 1240 -1 1238 1240 1215 -1 1239 1241 1044 -1 1044 1195 1239 -1 1235 1205 1232 -1 1234 1219 1242 -1 1233 1219 1234 -1 1243 1242 1219 -1 1236 1209 1234 -1 1243 1222 1236 -1 1219 1237 1243 -1 1237 1222 1243 -1 1201 1221 1244 -1 1211 1245 1176 -1 1230 1176 1245 -1 1204 1201 1246 -1 1227 1247 1206 -1 1247 1227 1248 -1 1227 1229 1249 -1 1232 1189 1250 -1 1212 1157 1178 -1 1229 1163 1251 -1 1235 1252 1220 -1 1236 1234 1242 -1 1243 1236 1242 -1 1184 1225 1253 -1 1254 1231 1230 -1 1228 1184 1253 -1 1226 1212 1255 -1 1249 1229 1256 -1 1229 1251 1256 -1 1207 1257 1163 -1 1240 1238 1258 -1 1240 1259 1239 -1 1247 1258 1238 -1 1206 1247 1238 -1 1258 1259 1240 -1 1260 1048 1049 -1 1049 1261 1260 -1 1261 1042 1262 -1 1049 1042 1261 -1 1260 1047 1048 -1 1263 1047 1260 -1 1042 1217 1262 -1 1241 1217 1044 -1 1241 1262 1217 -1 1247 1248 1264 -1 1227 1249 1248 -1 1207 1228 1265 -1 1251 1163 1257 -1 1244 1246 1201 -1 1256 1266 1249 -1 1250 1189 1231 -1 1212 1204 1267 -1 1268 1203 1220 -1 1203 1268 1269 -1 1203 1269 1225 -1 1226 1270 1186 -1 1186 1270 1211 -1 1270 1245 1211 -1 1271 1249 1266 -1 1248 1249 1271 -1 1231 1254 1272 -1 1251 1257 1273 -1 1266 1256 1274 -1 1256 1251 1273 -1 1274 1256 1273 -1 1204 1246 1267 -1 1258 1247 1264 -1 1253 1225 1269 -1 1274 1271 1266 -1 1257 1207 1265 -1 1264 1248 1275 -1 1250 1231 1272 -1 1267 1255 1212 -1 1268 1220 1252 -1 1248 1271 1276 -1 1253 1277 1228 -1 1265 1228 1277 -1 1273 1257 1278 -1 1278 1279 1273 -1 1274 1273 1279 -1 1280 1221 1210 -1 1244 1221 1280 -1 1267 1246 1281 -1 1264 1282 1258 -1 1259 1258 1282 -1 1283 1284 1260 -1 1260 1261 1283 -1 1284 1283 1285 -1 1286 1283 1261 -1 1262 1286 1261 -1 1283 1286 1287 -1 1287 1285 1283 -1 1262 1241 1288 -1 1286 1262 1289 -1 1287 1286 1289 -1 1288 1289 1262 -1 1260 1290 1263 -1 1284 1290 1260 -1 1291 1288 1241 -1 1241 1239 1291 -1 1239 1259 1291 -1 1292 1291 1259 -1 1259 1282 1292 -1 1274 1279 1271 -1 1278 1257 1265 -1 1248 1293 1275 -1 1293 1248 1276 -1 1230 1245 1294 -1 1210 1295 1280 -1 1296 1255 1267 -1 1270 1226 1297 -1 1270 1294 1245 -1 1254 1230 1294 -1 1296 1267 1281 -1 1250 1235 1232 -1 1297 1226 1255 -1 1269 1268 1298 -1 1269 1299 1253 -1 1282 1264 1300 -1 1301 1282 1300 -1 1264 1275 1300 -1 1272 1254 1302 -1 1235 1250 1303 -1 1268 1252 1304 -1 1299 1269 1298 -1 1276 1271 1305 -1 1279 1305 1271 -1 1278 1265 1306 -1 1275 1293 1307 -1 1308 1275 1307 -1 1244 1281 1246 -1 1309 1281 1244 -1 1310 1293 1276 -1 1311 1301 1300 -1 1300 1275 1308 -1 1312 1287 1313 -1 1313 1287 1289 -1 1289 1288 1313 -1 1288 1291 1314 -1 1288 1314 1315 -1 1315 1313 1288 -1 1292 1301 1311 -1 1282 1301 1292 -1 1314 1292 1316 -1 1291 1292 1314 -1 1315 1314 1316 -1 1311 1316 1292 -1 1317 1244 1280 -1 1303 1250 1318 -1 1255 1319 1297 -1 1320 1252 1235 -1 1310 1276 1305 -1 1253 1299 1321 -1 1277 1253 1321 -1 1277 1306 1265 -1 1305 1279 1322 -1 1278 1322 1279 -1 1307 1293 1310 -1 1323 1294 1270 -1 1309 1244 1317 -1 1303 1320 1235 -1 1255 1296 1319 -1 1310 1305 1324 -1 1308 1307 1325 -1 1326 1285 1327 -1 1312 1285 1287 -1 1285 1312 1327 -1 1311 1300 1328 -1 1297 1329 1270 -1 1323 1270 1329 -1 1294 1302 1254 -1 1250 1272 1318 -1 1309 1296 1281 -1 1252 1320 1304 -1 1330 1268 1304 -1 1268 1330 1298 -1 1299 1298 1331 -1 1332 1278 1306 -1 1322 1278 1332 -1 1310 1325 1307 -1 1320 1303 1333 -1 1296 1309 1334 -1 1277 1321 1335 -1 1306 1277 1335 -1 1324 1305 1322 -1 1336 1325 1324 -1 1325 1310 1324 -1 1327 1337 1326 -1 1326 1337 1338 -1 1312 1313 1339 -1 1328 1340 1311 -1 1300 1308 1341 -1 1328 1300 1341 -1 1316 1342 1315 -1 1343 1342 1316 -1 1343 1316 1311 -1 1343 1311 1340 -1 1344 1313 1315 -1 1339 1313 1344 -1 1342 1344 1315 -1 1280 1295 1345 -1 1323 1302 1294 -1 1298 1330 1331 -1 1299 1331 1346 -1 1335 1347 1306 -1 1324 1322 1348 -1 1332 1306 1349 -1 1345 1317 1280 -1 1302 1350 1272 -1 1317 1351 1309 -1 1304 1320 1352 -1 1319 1296 1334 -1 1297 1319 1329 -1 1324 1348 1353 -1 1348 1322 1332 -1 1339 1327 1312 -1 1308 1325 1354 -1 1354 1325 1355 -1 1341 1308 1354 -1 1323 1356 1302 -1 1334 1309 1351 -1 1357 1334 1351 -1 1321 1299 1346 -1 1349 1306 1347 -1 1325 1336 1355 -1 1324 1353 1358 -1 1358 1336 1324 -1 1329 1359 1323 -1 1352 1320 1333 -1 1360 1304 1352 -1 1330 1304 1360 -1 1319 1361 1329 -1 1346 1331 1362 -1 1335 1321 1346 -1 1363 1332 1349 -1 1348 1332 1363 -1 1353 1348 1364 -1 1328 1365 1340 -1 1341 1365 1328 -1 1366 1339 1344 -1 1344 1342 1367 -1 1368 1367 1369 -1 1366 1367 1368 -1 1344 1367 1366 -1 1370 1367 1342 -1 1342 1343 1370 -1 1367 1370 1369 -1 1370 1340 1371 -1 1343 1340 1370 -1 1369 1370 1371 -1 1371 1340 1365 -1 1372 1373 1345 -1 1318 1272 1350 -1 1374 1303 1375 -1 1345 1373 1317 -1 1361 1319 1334 -1 1331 1330 1376 -1 1376 1362 1331 -1 1364 1358 1353 -1 1348 1363 1364 -1 1359 1356 1323 -1 1350 1302 1356 -1 1318 1375 1303 -1 1333 1374 1377 -1 1303 1374 1333 -1 1363 1349 1378 -1 1355 1336 1379 -1 1380 1355 1379 -1 1379 1358 1364 -1 1379 1364 1381 -1 1336 1358 1379 -1 1341 1354 1382 -1 1365 1341 1382 -1 1354 1355 1380 -1 1357 1361 1334 -1 1383 1346 1362 -1 1335 1346 1384 -1 1329 1361 1385 -1 1363 1381 1364 -1 1363 1378 1381 -1 1359 1329 1385 -1 1350 1356 1386 -1 1318 1350 1386 -1 1317 1373 1387 -1 1360 1388 1330 -1 1349 1347 1389 -1 1378 1349 1389 -1 1354 1380 1382 -1 1365 1382 1390 -1 1371 1391 1369 -1 1392 1391 1371 -1 1369 1391 1368 -1 1371 1365 1392 -1 1392 1365 1390 -1 1392 1390 1393 -1 1375 1318 1386 -1 1387 1351 1317 -1 1394 1362 1376 -1 1380 1379 1395 -1 1381 1378 1396 -1 1356 1359 1397 -1 1333 1377 1352 -1 1330 1388 1376 -1 1383 1384 1346 -1 1390 1382 1398 -1 1399 1382 1380 -1 1400 1397 1359 -1 1359 1385 1400 -1 1375 1386 1401 -1 1374 1375 1402 -1 1403 1361 1357 -1 1362 1394 1383 -1 1335 1384 1404 -1 1335 1405 1347 -1 1389 1347 1405 -1 1399 1380 1395 -1 1381 1406 1379 -1 1396 1378 1389 -1 1381 1396 1406 -1 1395 1379 1406 -1 1386 1356 1397 -1 1352 1377 1407 -1 1385 1361 1403 -1 1400 1385 1403 -1 1383 1394 1408 -1 1404 1409 1335 -1 1410 1389 1405 -1 1395 1406 1411 -1 1412 1411 1406 -1 1390 1398 1413 -1 1393 1390 1413 -1 1414 1399 1395 -1 1391 1392 1393 -1 1402 1375 1401 -1 1402 1415 1374 -1 1374 1416 1377 -1 1407 1377 1416 -1 1387 1417 1351 -1 1352 1418 1360 -1 1417 1357 1351 -1 1357 1419 1403 -1 1408 1376 1388 -1 1394 1376 1408 -1 1384 1383 1420 -1 1420 1404 1384 -1 1395 1411 1414 -1 1389 1421 1396 -1 1412 1406 1396 -1 1416 1374 1415 -1 1418 1352 1407 -1 1388 1360 1422 -1 1409 1405 1335 -1 1410 1405 1423 -1 1421 1412 1396 -1 1382 1399 1398 -1 1397 1401 1386 -1 1418 1407 1424 -1 1388 1422 1425 -1 1419 1357 1417 -1 1420 1383 1426 -1 1389 1410 1427 -1 1427 1421 1389 -1 1414 1411 1428 -1 1400 1429 1397 -1 1402 1401 1430 -1 1430 1415 1402 -1 1408 1388 1425 -1 1431 1419 1417 -1 1403 1419 1432 -1 1383 1408 1426 -1 1412 1433 1411 -1 1428 1411 1433 -1 1399 1434 1398 -1 1429 1400 1435 -1 1436 1397 1429 -1 1397 1436 1401 -1 1422 1360 1418 -1 1412 1421 1437 -1 1438 1412 1437 -1 1435 1403 1432 -1 1425 1439 1408 -1 1420 1440 1404 -1 1427 1410 1423 -1 1428 1433 1441 -1 1433 1412 1438 -1 1400 1403 1435 -1 1436 1442 1401 -1 1430 1401 1442 -1 1422 1418 1443 -1 1439 1426 1408 -1 1405 1409 1423 -1 1437 1421 1427 -1 1441 1433 1444 -1 1441 1445 1428 -1 1428 1445 1414 -1 1442 1436 1446 -1 1407 1416 1447 -1 1424 1407 1447 -1 1418 1424 1443 -1 1437 1427 1448 -1 1448 1438 1437 -1 1444 1433 1438 -1 1445 1441 1444 -1 1432 1419 1449 -1 1443 1424 1450 -1 1404 1440 1451 -1 1409 1404 1451 -1 1451 1452 1409 -1 1409 1452 1423 -1 1427 1423 1453 -1 1444 1454 1445 -1 1455 1444 1438 -1 1454 1444 1455 -1 1429 1435 1456 -1 1429 1446 1436 -1 1430 1457 1415 -1 1449 1419 1431 -1 1439 1458 1426 -1 1426 1440 1420 -1 1455 1438 1448 -1 1446 1429 1456 -1 1435 1432 1459 -1 1442 1457 1430 -1 1456 1435 1460 -1 1449 1459 1432 -1 1416 1415 1457 -1 1452 1453 1423 -1 1461 1448 1462 -1 1455 1448 1461 -1 1460 1435 1459 -1 1463 1442 1446 -1 1457 1442 1463 -1 1416 1457 1464 -1 1443 1425 1422 -1 1426 1458 1465 -1 1426 1465 1440 -1 1448 1427 1462 -1 1466 1446 1456 -1 1424 1447 1450 -1 1425 1443 1467 -1 1468 1439 1425 -1 1458 1439 1468 -1 1465 1469 1440 -1 1440 1469 1451 -1 1470 1427 1453 -1 1462 1427 1470 -1 1416 1464 1447 -1 1467 1468 1425 -1 1469 1452 1451 -1 1446 1471 1463 -1 1457 1472 1464 -1 1473 1453 1452 -1 1474 1450 1475 -1 1443 1450 1474 -1 1471 1446 1466 -1 1457 1463 1476 -1 1450 1447 1477 -1 1474 1467 1443 -1 1476 1472 1457 -1 1464 1472 1477 -1 1447 1464 1477 -1 1463 1471 1478 -1 1476 1463 1478 -1 1472 1479 1477 -1 1480 1450 1477 -1 1450 1480 1475 -1 1471 1466 1481 -1 1476 1482 1472 -1 1472 1482 1479 -1 1478 1471 1481 -1 1476 1478 1483 -1 1482 1476 1483 -1 1483 1478 1481 -1 1479 1482 1484 -1 1482 1483 1485 -1 1484 1482 1485 -1 1486 1487 1488 -1 1487 1486 1489 -1 1487 1489 1490 -1 1490 1489 1491 -1 1488 1487 1492 -1 1487 1490 1493 -1 1493 1492 1487 -1 1489 1494 1491 -1 1491 1495 1490 -1 1490 1495 1493 -1 1496 1495 1491 -1 1497 1498 1489 -1 1486 1497 1489 -1 1499 1497 1500 -1 1497 1499 1498 -1 1497 1486 1500 -1 1486 1488 1500 -1 1498 1494 1489 -1 1496 1491 1501 -1 1502 1496 1501 -1 1493 1495 1503 -1 1503 1496 1504 -1 1495 1496 1503 -1 1502 1504 1496 -1 1502 1505 1504 -1 1505 1502 1506 -1 1498 1499 1507 -1 1508 1498 1507 -1 1500 1488 1509 -1 1488 1492 1509 -1 1510 1511 1512 -1 1513 1514 1515 -1 1492 1493 1516 -1 1515 1514 1512 -1 1510 1512 1514 -1 1510 1514 1517 -1 1511 1518 1519 -1 1518 1511 1510 -1 1518 1510 1520 -1 1494 1521 1491 -1 1501 1491 1521 -1 1514 1513 1522 -1 1517 1514 1522 -1 1517 1522 1523 -1 1517 1520 1510 -1 1520 1517 1524 -1 1524 1517 1523 -1 1506 1502 1501 -1 1525 1526 1507 -1 1507 1499 1525 -1 1499 1500 1525 -1 1500 1509 1527 -1 1509 1492 1516 -1 1528 1512 1511 -1 1515 1512 1529 -1 1498 1508 1494 -1 1519 1530 1528 -1 1531 1519 1518 -1 1531 1518 1532 -1 1533 1516 1493 -1 1528 1511 1519 -1 1493 1503 1533 -1 1518 1520 1532 -1 1520 1534 1532 -1 1534 1520 1524 -1 1533 1503 1535 -1 1504 1535 1503 -1 1535 1504 1536 -1 1537 1513 1538 -1 1537 1522 1513 -1 1501 1539 1506 -1 1504 1505 1536 -1 1540 1522 1541 -1 1523 1522 1540 -1 1524 1523 1540 -1 1542 1543 1544 -1 1507 1526 1545 -1 1545 1546 1507 -1 1526 1525 1547 -1 1547 1525 1527 -1 1528 1530 1548 -1 1525 1500 1527 -1 1509 1516 1549 -1 1527 1509 1549 -1 1529 1528 1548 -1 1512 1528 1529 -1 1550 1513 1529 -1 1538 1513 1550 -1 1529 1513 1515 -1 1551 1552 1531 -1 1553 1516 1533 -1 1552 1530 1519 -1 1531 1552 1519 -1 1553 1533 1554 -1 1555 1532 1534 -1 1508 1521 1494 -1 1556 1521 1508 -1 1534 1524 1557 -1 1533 1535 1554 -1 1535 1536 1554 -1 1539 1501 1521 -1 1558 1522 1537 -1 1522 1558 1559 -1 1560 1522 1559 -1 1541 1522 1560 -1 1560 1540 1541 -1 1542 1506 1539 -1 1524 1561 1557 -1 1536 1505 1562 -1 1544 1505 1506 -1 1540 1561 1524 -1 1505 1544 1562 -1 1544 1506 1542 -1 1530 1563 1564 -1 1548 1530 1564 -1 1565 1527 1549 -1 1547 1527 1565 -1 1507 1546 1508 -1 1551 1566 1567 -1 1551 1567 1552 -1 1568 1551 1569 -1 1566 1551 1568 -1 1567 1563 1552 -1 1552 1563 1530 -1 1531 1569 1551 -1 1570 1569 1531 -1 1532 1570 1531 -1 1570 1532 1555 -1 1538 1571 1537 -1 1572 1558 1537 -1 1539 1521 1573 -1 1540 1560 1561 -1 1574 1542 1539 -1 1575 1554 1536 -1 1575 1536 1576 -1 1536 1562 1576 -1 1543 1542 1574 -1 1544 1543 1577 -1 1562 1544 1577 -1 1543 1574 1578 -1 1578 1574 1579 -1 1578 1580 1577 -1 1543 1578 1577 -1 1581 1582 1583 -1 1584 1581 1583 -1 1583 1582 1585 -1 1585 1586 1583 -1 1587 1588 1566 -1 1588 1589 1566 -1 1566 1568 1587 -1 1567 1589 1590 -1 1566 1589 1567 -1 1564 1563 1591 -1 1546 1592 1508 -1 1571 1538 1593 -1 1594 1556 1508 -1 1529 1548 1564 -1 1555 1534 1557 -1 1590 1563 1567 -1 1556 1573 1521 -1 1572 1537 1571 -1 1558 1572 1595 -1 1539 1596 1574 -1 1560 1559 1597 -1 1598 1561 1560 -1 1557 1561 1599 -1 1562 1577 1600 -1 1600 1576 1562 -1 1574 1596 1579 -1 1577 1580 1600 -1 1579 1596 1601 -1 1600 1580 1602 -1 1578 1579 1581 -1 1580 1578 1602 -1 1602 1581 1584 -1 1578 1581 1602 -1 1581 1579 1582 -1 1586 1603 1583 -1 1583 1603 1604 -1 1605 1606 1607 -1 1603 1586 1608 -1 1609 1610 1611 -1 1603 1608 1606 -1 1606 1608 1607 -1 1611 1610 1612 -1 1612 1610 1588 -1 1588 1587 1612 -1 1612 1587 1613 -1 1549 1614 1565 -1 1592 1546 1615 -1 1587 1616 1613 -1 1589 1588 1617 -1 1587 1568 1616 -1 1618 1616 1568 -1 1589 1617 1590 -1 1568 1569 1618 -1 1508 1592 1594 -1 1563 1590 1591 -1 1564 1591 1619 -1 1516 1553 1549 -1 1550 1593 1538 -1 1553 1554 1620 -1 1575 1620 1554 -1 1529 1564 1550 -1 1621 1557 1622 -1 1573 1556 1623 -1 1557 1621 1555 -1 1622 1557 1599 -1 1569 1570 1618 -1 1539 1573 1596 -1 1555 1621 1570 -1 1572 1571 1624 -1 1625 1575 1576 -1 1597 1598 1560 -1 1626 1576 1600 -1 1627 1626 1600 -1 1600 1602 1627 -1 1627 1602 1628 -1 1602 1584 1628 -1 1582 1579 1629 -1 1630 1585 1582 -1 1628 1583 1604 -1 1583 1628 1584 -1 1631 1632 1604 -1 1604 1603 1631 -1 1631 1603 1633 -1 1603 1606 1633 -1 1634 1635 1607 -1 1608 1634 1607 -1 1606 1605 1636 -1 1633 1606 1636 -1 1605 1607 1635 -1 1546 1545 1615 -1 1605 1635 1637 -1 1636 1637 1638 -1 1605 1637 1636 -1 1637 1635 1639 -1 1638 1637 1639 -1 1640 1639 1641 -1 1638 1639 1642 -1 1609 1639 1640 -1 1639 1609 1642 -1 1642 1609 1611 -1 1643 1642 1611 -1 1644 1645 1610 -1 1610 1609 1644 -1 1611 1612 1646 -1 1643 1611 1646 -1 1645 1617 1588 -1 1588 1610 1645 -1 1647 1646 1612 -1 1612 1613 1647 -1 1620 1549 1553 -1 1556 1594 1623 -1 1573 1623 1596 -1 1648 1596 1623 -1 1601 1629 1579 -1 1550 1649 1593 -1 1619 1649 1564 -1 1550 1564 1649 -1 1576 1626 1625 -1 1627 1628 1650 -1 1630 1582 1629 -1 1651 1585 1630 -1 1585 1651 1586 -1 1618 1570 1652 -1 1608 1586 1651 -1 1570 1621 1652 -1 1650 1628 1604 -1 1599 1598 1653 -1 1598 1597 1653 -1 1561 1598 1599 -1 1633 1636 1654 -1 1634 1655 1635 -1 1654 1631 1633 -1 1655 1641 1635 -1 1656 1654 1636 -1 1636 1638 1656 -1 1639 1635 1641 -1 1638 1642 1656 -1 1640 1644 1609 -1 1657 1643 1658 -1 1642 1643 1657 -1 1645 1659 1617 -1 1590 1617 1660 -1 1643 1646 1658 -1 1658 1646 1661 -1 1646 1647 1661 -1 1594 1592 1662 -1 1647 1613 1663 -1 1613 1616 1663 -1 1620 1614 1549 -1 1575 1664 1620 -1 1662 1665 1594 -1 1594 1665 1623 -1 1591 1590 1666 -1 1625 1667 1575 -1 1601 1596 1668 -1 1571 1593 1669 -1 1571 1669 1624 -1 1629 1601 1668 -1 1625 1626 1670 -1 1626 1650 1670 -1 1650 1626 1627 -1 1651 1630 1671 -1 1608 1651 1672 -1 1672 1673 1608 -1 1673 1634 1608 -1 1650 1632 1674 -1 1632 1650 1604 -1 1675 1674 1631 -1 1676 1675 1631 -1 1654 1676 1631 -1 1656 1676 1654 -1 1642 1657 1656 -1 1657 1658 1677 -1 1678 1592 1615 -1 1679 1617 1659 -1 1660 1617 1679 -1 1592 1678 1662 -1 1677 1658 1661 -1 1664 1614 1620 -1 1663 1661 1647 -1 1680 1665 1662 -1 1663 1616 1681 -1 1616 1618 1681 -1 1681 1618 1652 -1 1648 1623 1665 -1 1682 1683 1619 -1 1591 1666 1682 -1 1660 1666 1590 -1 1682 1619 1591 -1 1648 1668 1596 -1 1684 1652 1621 -1 1683 1593 1649 -1 1649 1619 1683 -1 1669 1593 1683 -1 1650 1674 1670 -1 1629 1685 1630 -1 1655 1686 1641 -1 1631 1674 1632 -1 1687 1676 1656 -1 1687 1656 1657 -1 1657 1677 1687 -1 1644 1688 1645 -1 1688 1659 1645 -1 1689 1690 1691 -1 1660 1679 1692 -1 1666 1660 1692 -1 1614 1664 1690 -1 1693 1677 1661 -1 1680 1662 1678 -1 1693 1661 1694 -1 1661 1663 1694 -1 1681 1694 1663 -1 1680 1648 1665 -1 1648 1680 1695 -1 1575 1667 1664 -1 1695 1668 1648 -1 1670 1696 1625 -1 1681 1652 1697 -1 1652 1684 1697 -1 1634 1673 1698 -1 1685 1629 1668 -1 1699 1630 1685 -1 1698 1655 1634 -1 1670 1674 1700 -1 1671 1699 1701 -1 1630 1699 1671 -1 1702 1674 1675 -1 1671 1672 1651 -1 1622 1684 1621 -1 1672 1703 1673 -1 1704 1676 1687 -1 1687 1677 1705 -1 1688 1644 1706 -1 1664 1691 1690 -1 1693 1705 1677 -1 1691 1664 1707 -1 1696 1667 1625 -1 1700 1696 1670 -1 1703 1698 1673 -1 1666 1692 1708 -1 1666 1708 1682 -1 1704 1709 1675 -1 1676 1704 1675 -1 1699 1685 1710 -1 1698 1686 1655 -1 1711 1641 1686 -1 1641 1711 1712 -1 1683 1713 1669 -1 1702 1700 1674 -1 1706 1644 1640 -1 1641 1712 1640 -1 1622 1599 1714 -1 1684 1622 1714 -1 1599 1715 1716 -1 1701 1672 1671 -1 1702 1675 1709 -1 1703 1672 1717 -1 1653 1715 1599 -1 1680 1718 1695 -1 1667 1707 1664 -1 1668 1695 1719 -1 1720 1668 1719 -1 1668 1720 1685 -1 1696 1721 1667 -1 1721 1696 1700 -1 1710 1685 1720 -1 1699 1710 1722 -1 1699 1722 1701 -1 1700 1723 1721 -1 1700 1702 1723 -1 1672 1701 1717 -1 1724 1703 1717 -1 1725 1706 1712 -1 1640 1712 1706 -1 1726 1688 1706 -1 1726 1659 1688 -1 1727 1693 1694 -1 1692 1679 1728 -1 1692 1728 1729 -1 1681 1730 1694 -1 1697 1730 1681 -1 1693 1727 1705 -1 1692 1729 1708 -1 1682 1731 1683 -1 1713 1683 1731 -1 1708 1731 1682 -1 1724 1698 1703 -1 1686 1698 1711 -1 1712 1711 1725 -1 1704 1705 1732 -1 1705 1704 1687 -1 1705 1727 1733 -1 1659 1726 1734 -1 1659 1734 1679 -1 1735 1708 1729 -1 1679 1734 1728 -1 1727 1694 1730 -1 1730 1697 1736 -1 1737 1724 1717 -1 1684 1714 1697 -1 1724 1737 1698 -1 1714 1599 1716 -1 1698 1737 1711 -1 1725 1738 1706 -1 1705 1733 1732 -1 1739 1678 1740 -1 1678 1739 1680 -1 1680 1739 1718 -1 1718 1741 1695 -1 1719 1695 1741 -1 1721 1742 1667 -1 1720 1743 1710 -1 1744 1710 1743 -1 1722 1710 1744 -1 1745 1723 1702 -1 1722 1746 1701 -1 1701 1746 1717 -1 1747 1745 1702 -1 1709 1747 1702 -1 1739 1740 1748 -1 1749 1739 1748 -1 1739 1749 1718 -1 1741 1718 1749 -1 1691 1707 1750 -1 1719 1741 1751 -1 1707 1667 1742 -1 1720 1719 1752 -1 1752 1753 1720 -1 1743 1720 1753 -1 1721 1723 1754 -1 1745 1754 1723 -1 1737 1755 1711 -1 1744 1746 1722 -1 1732 1756 1709 -1 1732 1709 1704 -1 1754 1745 1747 -1 1755 1725 1711 -1 1717 1746 1757 -1 1737 1717 1757 -1 1738 1726 1706 -1 1726 1738 1758 -1 1726 1758 1734 -1 1727 1730 1759 -1 1728 1734 1760 -1 1729 1728 1735 -1 1735 1761 1708 -1 1731 1708 1761 -1 1761 1762 1713 -1 1761 1713 1731 -1 1736 1697 1714 -1 1763 1714 1716 -1 1764 1734 1758 -1 1765 1733 1727 -1 1765 1727 1759 -1 1760 1734 1764 -1 1735 1728 1760 -1 1730 1766 1759 -1 1736 1766 1730 -1 1767 1750 1707 -1 1742 1768 1707 -1 1752 1719 1751 -1 1737 1769 1755 -1 1721 1770 1742 -1 1721 1754 1770 -1 1771 1772 1754 -1 1755 1738 1725 -1 1773 1746 1744 -1 1747 1771 1754 -1 1714 1763 1736 -1 1746 1773 1757 -1 1747 1709 1756 -1 1774 1756 1732 -1 1756 1774 1775 -1 1776 1738 1755 -1 1769 1776 1755 -1 1774 1732 1733 -1 1758 1738 1777 -1 1777 1764 1758 -1 1759 1778 1765 -1 1749 1748 1779 -1 1766 1736 1780 -1 1741 1749 1781 -1 1741 1781 1751 -1 1751 1781 1782 -1 1751 1782 1783 -1 1751 1783 1752 -1 1752 1783 1753 -1 1784 1743 1753 -1 1784 1744 1743 -1 1737 1757 1769 -1 1744 1784 1773 -1 1784 1785 1773 -1 1707 1768 1767 -1 1742 1770 1768 -1 1770 1772 1768 -1 1772 1770 1754 -1 1776 1769 1786 -1 1775 1774 1787 -1 1738 1776 1777 -1 1733 1787 1774 -1 1778 1759 1788 -1 1788 1759 1766 -1 1789 1735 1760 -1 1779 1781 1749 -1 1761 1735 1790 -1 1762 1761 1790 -1 1783 1791 1753 -1 1784 1753 1791 -1 1789 1790 1735 -1 1792 1757 1773 -1 1793 1756 1775 -1 1792 1773 1785 -1 1768 1794 1767 -1 1772 1771 1795 -1 1796 1771 1747 -1 1793 1796 1747 -1 1756 1793 1747 -1 1797 1760 1764 -1 1760 1797 1789 -1 1757 1786 1769 -1 1798 1799 1793 -1 1798 1793 1775 -1 1787 1733 1765 -1 1777 1800 1764 -1 1787 1765 1778 -1 1780 1788 1766 -1 1779 1801 1781 -1 1781 1801 1802 -1 1781 1802 1782 -1 1803 1782 1802 -1 1792 1786 1757 -1 1776 1786 1804 -1 1783 1803 1805 -1 1803 1783 1782 -1 1806 1777 1776 -1 1794 1772 1807 -1 1794 1768 1772 -1 1791 1783 1805 -1 1772 1795 1807 -1 1791 1808 1784 -1 1784 1808 1785 -1 1785 1808 1809 -1 1795 1796 1810 -1 1795 1771 1796 -1 1780 1736 1811 -1 1736 1763 1811 -1 1812 1800 1777 -1 1764 1800 1797 -1 1797 1813 1789 -1 1814 1798 1775 -1 1775 1815 1814 -1 1815 1775 1787 -1 1788 1780 1816 -1 1817 1790 1813 -1 1789 1813 1790 -1 1794 1818 1767 -1 1792 1819 1786 -1 1786 1819 1804 -1 1820 1791 1805 -1 1791 1820 1808 -1 1776 1804 1806 -1 1806 1812 1777 -1 1821 1780 1811 -1 1792 1785 1809 -1 1810 1796 1822 -1 1793 1822 1796 -1 1806 1823 1824 -1 1806 1804 1823 -1 1825 1815 1787 -1 1812 1806 1824 -1 1825 1787 1778 -1 1778 1816 1825 -1 1826 1800 1827 -1 1826 1797 1800 -1 1778 1788 1816 -1 1826 1828 1797 -1 1828 1813 1797 -1 1816 1780 1821 -1 1802 1801 1829 -1 1803 1802 1829 -1 1805 1803 1830 -1 1807 1831 1794 -1 1832 1833 1820 -1 1820 1805 1832 -1 1834 1819 1792 -1 1808 1820 1833 -1 1835 1819 1834 -1 1835 1836 1804 -1 1835 1804 1819 -1 1823 1804 1836 -1 1833 1809 1808 -1 1809 1834 1792 -1 1822 1793 1799 -1 1837 1814 1815 -1 1827 1824 1838 -1 1812 1824 1827 -1 1812 1827 1800 -1 1829 1830 1803 -1 1834 1809 1839 -1 1830 1832 1805 -1 1833 1832 1840 -1 1810 1841 1795 -1 1831 1807 1841 -1 1841 1807 1795 -1 1840 1839 1833 -1 1798 1814 1837 -1 1833 1839 1809 -1 1822 1842 1810 -1 1799 1842 1822 -1 1836 1835 1843 -1 1799 1837 1844 -1 1799 1798 1837 -1 1836 1843 1824 -1 1836 1824 1823 -1 1825 1845 1815 -1 1846 1845 1825 -1 1847 1826 1827 -1 1816 1846 1825 -1 1813 1828 1848 -1 1849 1816 1821 -1 1830 1829 1850 -1 1830 1851 1832 -1 1834 1852 1853 -1 1835 1834 1853 -1 1843 1835 1853 -1 1842 1799 1844 -1 1854 1855 1832 -1 1856 1831 1841 -1 1840 1832 1855 -1 1840 1855 1857 -1 1840 1857 1839 -1 1841 1810 1858 -1 1852 1839 1857 -1 1839 1852 1834 -1 1858 1810 1842 -1 1859 1860 1844 -1 1838 1843 1861 -1 1843 1838 1824 -1 1837 1862 1844 -1 1837 1815 1845 -1 1863 1845 1846 -1 1816 1849 1846 -1 1828 1826 1847 -1 1828 1847 1848 -1 1794 1864 1818 -1 1850 1865 1866 -1 1829 1865 1850 -1 1794 1831 1864 -1 1851 1850 1866 -1 1850 1851 1830 -1 1851 1854 1832 -1 1856 1864 1831 -1 1860 1842 1844 -1 1867 1841 1858 -1 1867 1856 1841 -1 1855 1854 1868 -1 1857 1869 1852 -1 1858 1842 1860 -1 1852 1870 1853 -1 1853 1870 1871 -1 1862 1859 1844 -1 1871 1843 1853 -1 1861 1843 1871 -1 1837 1845 1862 -1 1863 1862 1845 -1 1827 1838 1872 -1 1873 1827 1872 -1 1854 1874 1875 -1 1847 1827 1873 -1 1876 1847 1873 -1 1876 1848 1847 -1 1821 1877 1849 -1 1854 1851 1874 -1 1868 1854 1875 -1 1868 1878 1855 -1 1878 1879 1855 -1 1857 1855 1880 -1 1870 1869 1881 -1 1858 1882 1867 -1 1857 1880 1869 -1 1860 1882 1858 -1 1869 1870 1852 -1 1883 1861 1871 -1 1861 1883 1884 -1 1861 1884 1838 -1 1838 1884 1872 -1 1885 1863 1846 -1 1872 1884 1886 -1 1887 1885 1846 -1 1849 1887 1846 -1 1877 1887 1849 -1 1868 1875 1888 -1 1868 1888 1878 -1 1870 1881 1889 -1 1871 1870 1889 -1 1879 1880 1855 -1 1869 1880 1881 -1 1882 1860 1890 -1 1889 1891 1883 -1 1871 1889 1883 -1 1860 1859 1890 -1 1890 1859 1892 -1 1892 1859 1862 -1 1884 1883 1893 -1 1884 1893 1886 -1 1888 1875 1894 -1 1875 1874 1894 -1 1888 1895 1878 -1 1896 1879 1878 -1 1881 1896 1897 -1 1881 1879 1896 -1 1880 1879 1881 -1 1893 1891 1898 -1 1891 1893 1883 -1 1862 1899 1892 -1 1862 1863 1899 -1 1863 1885 1899 -1 1887 1900 1885 -1 1900 1887 1901 -1 1897 1902 1889 -1 1897 1889 1881 -1 1896 1903 1904 -1 1895 1903 1878 -1 1896 1878 1903 -1 1904 1897 1896 -1 1890 1905 1882 -1 1902 1906 1907 -1 1908 1909 1890 -1 1902 1907 1889 -1 1889 1907 1891 -1 1908 1890 1892 -1 1891 1907 1910 -1 1891 1910 1898 -1 1900 1899 1885 -1 1903 1895 1911 -1 1912 1903 1911 -1 1904 1902 1897 -1 1905 1890 1909 -1 1906 1913 1914 -1 1902 1913 1906 -1 1904 1913 1902 -1 1908 1915 1909 -1 1908 1892 1916 -1 1892 1899 1916 -1 1900 1916 1899 -1 1912 1904 1903 -1 1904 1912 1913 -1 1916 1917 1918 -1 1916 1900 1917 -1 1918 1915 1908 -1 1918 1908 1916 -1 1919 1558 1595 -1 1559 1558 1919 -1 1919 1597 1559 -1 1624 1920 1572 -1 1920 1595 1572 -1 1919 1595 1921 -1 1921 1922 1919 -1 1597 1919 1922 -1 1922 1653 1597 -1 1920 1923 1595 -1 1923 1921 1595 -1 1922 1921 1924 -1 1921 1923 1924 -1 1920 1624 1925 -1 1922 1924 1715 -1 1923 1926 1927 -1 1924 1923 1927 -1 1653 1922 1715 -1 1624 1669 1925 -1 1925 1928 1920 -1 1920 1928 1923 -1 1928 1926 1923 -1 1924 1929 1715 -1 1924 1927 1929 -1 1925 1669 1930 -1 1928 1931 1932 -1 1932 1926 1928 -1 1933 1932 1934 -1 1926 1932 1933 -1 1927 1926 1933 -1 1933 1929 1927 -1 1928 1925 1935 -1 1932 1931 1936 -1 1936 1934 1932 -1 1937 1929 1938 -1 1715 1937 1939 -1 1929 1937 1715 -1 1929 1933 1938 -1 1713 1930 1669 -1 1935 1925 1930 -1 1931 1928 1935 -1 1936 1931 1940 -1 1934 1936 1941 -1 1934 1938 1933 -1 1939 1716 1715 -1 1942 1337 1327 -1 1327 1339 1942 -1 1713 1762 1930 -1 1935 1930 1943 -1 1940 1944 1936 -1 1945 1936 1944 -1 1945 1941 1936 -1 1934 1941 1946 -1 1938 1934 1946 -1 1940 1931 1947 -1 1947 1931 1935 -1 1940 1948 1944 -1 1941 1945 1949 -1 1941 1949 1946 -1 1950 1937 1938 -1 1942 1339 1366 -1 1951 1940 1947 -1 1948 1940 1951 -1 1943 1947 1935 -1 1930 1762 1943 -1 1939 1952 1763 -1 1939 1763 1716 -1 1950 1938 1953 -1 1946 1953 1938 -1 1949 1945 1954 -1 1937 1950 1939 -1 1955 1956 1943 -1 1947 1943 1956 -1 1955 1943 1762 -1 1952 1939 1950 -1 1948 1951 1957 -1 1948 1957 1944 -1 1945 1944 1958 -1 1945 1958 1954 -1 1959 1949 1954 -1 1337 1960 1961 -1 1942 1960 1337 -1 1960 1942 1962 -1 1366 1963 1942 -1 1942 1963 1962 -1 1762 1790 1955 -1 1951 1947 1964 -1 1957 1965 1944 -1 1951 1966 1957 -1 1965 1958 1944 -1 1954 1958 1967 -1 1953 1946 1949 -1 1956 1817 1968 -1 1955 1817 1956 -1 1790 1817 1955 -1 1811 1763 1952 -1 1947 1956 1964 -1 1951 1964 1966 -1 1958 1965 1969 -1 1967 1958 1969 -1 1957 1966 1970 -1 1954 1967 1959 -1 1949 1959 1971 -1 1949 1971 1953 -1 1961 1960 1972 -1 1962 1972 1960 -1 1366 1368 1963 -1 1973 1963 1368 -1 1962 1963 1973 -1 1368 1391 1973 -1 1974 1964 1975 -1 1964 1956 1975 -1 1966 1964 1974 -1 1976 1952 1950 -1 1965 1957 1977 -1 1967 1969 1978 -1 1979 1966 1974 -1 1966 1979 1970 -1 1968 1817 1980 -1 1813 1980 1817 -1 1968 1975 1956 -1 1811 1952 1976 -1 1953 1976 1950 -1 1981 1976 1953 -1 1957 1970 1977 -1 1977 1982 1965 -1 1969 1982 1983 -1 1965 1982 1969 -1 1969 1983 1978 -1 1971 1959 1984 -1 1967 1978 1984 -1 1984 1959 1967 -1 1953 1971 1981 -1 1985 1972 1962 -1 1986 1961 1972 -1 1987 1974 1975 -1 1974 1987 1979 -1 1980 1813 1848 -1 1980 1988 1968 -1 1989 1811 1976 -1 1989 1821 1811 -1 1982 1977 1990 -1 1991 1983 1982 -1 1970 1979 1992 -1 1988 1980 1993 -1 1968 1988 1975 -1 1994 1989 1976 -1 1990 1977 1995 -1 1996 1982 1990 -1 1977 1970 1992 -1 1996 1991 1982 -1 1997 1991 1996 -1 1998 1991 1997 -1 1983 1991 1998 -1 1999 1983 1998 -1 1978 1983 1999 -1 1984 1978 1999 -1 1985 1986 1972 -1 2000 1973 1391 -1 1393 2000 1391 -1 1973 2001 1962 -1 2002 1962 2001 -1 2000 2001 1973 -1 1848 1876 2003 -1 1848 2003 1980 -1 1987 1988 1993 -1 1995 1992 2004 -1 2005 1996 1990 -1 2006 1996 2005 -1 1997 1996 2006 -1 2003 1993 1980 -1 1975 1988 1987 -1 1989 1877 1821 -1 1995 1977 1992 -1 1886 2007 1872 -1 1873 1872 2007 -1 1873 2007 1876 -1 2007 2008 1876 -1 1887 1877 2009 -1 2003 1876 2008 -1 2004 1979 2010 -1 1993 1979 1987 -1 2010 1979 1993 -1 1979 2004 1992 -1 2011 1984 1999 -1 2012 1999 1998 -1 1971 1984 2011 -1 2013 1986 1985 -1 1986 2013 2014 -1 2002 2013 1985 -1 1985 1962 2002 -1 2015 1413 1398 -1 1986 2014 2016 -1 2017 2005 1990 -1 1990 1995 2018 -1 2019 2005 2017 -1 2005 2019 2006 -1 1997 2006 2020 -1 1997 2012 1998 -1 2003 2021 1993 -1 2021 2010 1993 -1 2022 2004 2023 -1 2004 2022 1995 -1 1994 1981 2024 -1 1981 1994 1976 -1 1971 2011 1981 -1 1994 2025 1989 -1 1893 2026 1886 -1 2027 2007 1886 -1 2007 2027 2028 -1 2029 2003 2008 -1 2003 2029 2021 -1 1887 2009 1901 -1 2007 2028 2008 -1 2009 1877 2025 -1 2021 2030 2010 -1 1990 2031 2017 -1 2031 1990 2018 -1 2032 2019 2033 -1 2032 2006 2019 -1 2023 2034 2022 -1 2020 2006 2032 -1 1997 2020 2012 -1 2035 2018 1995 -1 2035 1995 2022 -1 2023 2010 2030 -1 2010 2023 2004 -1 2024 1981 2036 -1 2036 1981 2011 -1 2025 1877 1989 -1 2012 2011 1999 -1 2037 2013 2002 -1 2037 2038 2013 -1 2039 2015 2040 -1 1413 2015 2039 -1 2041 1393 2039 -1 2039 1393 1413 -1 2042 2002 2001 -1 2037 2002 2042 -1 2001 2000 2043 -1 2042 2043 2044 -1 2001 2043 2042 -1 2000 1393 2043 -1 2043 1393 2041 -1 2041 2044 2043 -1 1898 2045 2026 -1 2026 1893 1898 -1 2026 2046 1886 -1 1886 2046 2027 -1 2028 2029 2008 -1 2047 1901 2025 -1 2025 1901 2009 -1 2048 2021 2029 -1 2021 2048 2030 -1 1994 2049 2025 -1 2022 2034 2050 -1 2051 1434 1399 -1 2017 2052 2019 -1 2033 2052 2053 -1 2019 2052 2033 -1 2012 2020 2054 -1 2055 1906 1914 -1 2056 1906 2057 -1 1907 1906 2056 -1 1907 2056 1910 -1 2058 1910 2056 -1 1898 1910 2058 -1 1898 2058 2045 -1 1399 1414 2051 -1 2026 2045 2046 -1 2059 1900 1901 -1 2028 2027 2060 -1 2059 1901 2061 -1 2031 2062 2017 -1 2061 1901 2047 -1 2063 2052 2062 -1 2017 2062 2052 -1 2052 2063 2053 -1 2029 2028 2060 -1 2033 2053 2064 -1 2054 2033 2064 -1 2032 2033 2054 -1 2031 2018 2065 -1 2020 2032 2054 -1 2030 2048 2023 -1 2047 2025 2049 -1 2024 2049 1994 -1 2018 2035 2066 -1 2050 2035 2022 -1 2067 2011 2068 -1 2067 2036 2011 -1 2039 2069 2041 -1 2039 2040 2069 -1 1434 2015 1398 -1 2014 2070 2016 -1 2070 2014 2071 -1 2013 2071 2014 -1 2071 2013 2038 -1 2072 2073 2031 -1 2062 2031 2073 -1 2064 2053 2074 -1 2054 2064 2075 -1 2065 2072 2031 -1 2012 2054 2075 -1 1906 2055 2057 -1 2076 2056 2057 -1 2056 2076 2058 -1 1913 2077 1914 -1 2045 2058 2078 -1 2051 1414 1445 -1 1917 1900 2059 -1 2045 2079 2046 -1 2061 2080 2059 -1 2081 2046 2079 -1 2081 2027 2046 -1 2081 2060 2027 -1 2082 2029 2060 -1 2083 2048 2082 -1 2048 2083 2023 -1 2082 2048 2029 -1 2084 2047 2049 -1 2085 2049 2024 -1 2050 2086 2087 -1 2087 2066 2035 -1 2050 2087 2035 -1 2023 2086 2034 -1 2034 2086 2050 -1 2088 2036 2067 -1 2011 2012 2068 -1 2089 2066 2087 -1 2018 2066 2065 -1 2090 2073 2072 -1 2063 2091 2053 -1 2091 2074 2053 -1 2064 2074 2092 -1 2064 2092 2075 -1 2093 2094 2076 -1 2094 2058 2076 -1 2058 2094 2078 -1 2051 1445 2095 -1 2078 2079 2045 -1 2059 2096 1917 -1 2059 2080 2096 -1 2076 2057 2093 -1 2097 2060 2081 -1 2060 2097 2098 -1 2098 2082 2060 -1 2047 2084 2061 -1 2086 2099 2089 -1 2099 2086 2023 -1 2083 2099 2023 -1 2049 2085 2100 -1 2049 2100 2084 -1 2086 2089 2087 -1 2024 2088 2085 -1 2036 2088 2024 -1 2015 2101 2040 -1 2102 2101 1434 -1 2015 1434 2101 -1 2103 2016 2070 -1 2038 2104 2071 -1 2105 2044 2106 -1 2106 2044 2041 -1 2042 2044 2107 -1 2107 2044 2105 -1 2037 2104 2038 -1 2104 2037 2107 -1 2037 2042 2107 -1 2093 2057 2108 -1 2093 2108 2109 -1 2110 2078 2094 -1 2111 2078 2110 -1 2066 2112 2065 -1 2072 2065 2112 -1 2113 2063 2073 -1 2063 2113 2091 -1 2114 2091 2115 -1 2063 2062 2073 -1 2074 2091 2114 -1 2012 2075 2116 -1 2068 2012 2116 -1 2102 1434 2051 -1 2117 2079 2078 -1 2079 2117 2081 -1 2117 2097 2081 -1 1454 2118 1445 -1 2095 1445 2118 -1 2119 2120 2121 -1 2080 2061 2084 -1 1914 2120 2119 -1 2122 2080 2084 -1 2100 2123 2122 -1 2100 2122 2084 -1 2124 2083 2098 -1 2083 2124 2099 -1 2098 2083 2082 -1 1914 2119 2055 -1 2055 2119 2108 -1 2100 2085 2123 -1 2055 2108 2057 -1 2121 2120 2125 -1 2077 2120 1914 -1 2108 2126 2127 -1 2109 2108 2127 -1 2109 2127 2128 -1 2109 2128 2093 -1 2128 2110 2093 -1 2128 2129 2130 -1 2110 2128 2130 -1 2094 2093 2110 -1 2111 2110 2130 -1 2131 2101 2102 -1 2089 2099 2132 -1 2133 2090 2072 -1 2134 2135 2112 -1 2066 2089 2134 -1 2066 2134 2112 -1 2112 2133 2072 -1 2073 2090 2113 -1 2136 2113 2137 -1 2136 2091 2113 -1 2091 2136 2138 -1 2115 2091 2138 -1 2074 2114 2092 -1 2139 2140 2141 -1 2142 2140 2139 -1 2096 2140 2142 -1 2111 2117 2078 -1 2121 2143 2119 -1 2140 2096 2080 -1 2143 2126 2119 -1 2140 2080 2144 -1 2117 2111 2097 -1 2097 2111 2145 -1 2119 2126 2108 -1 2144 2080 2122 -1 2097 2145 2098 -1 2098 2145 2146 -1 2144 2122 2147 -1 2122 2123 2147 -1 2098 2146 2124 -1 2123 2085 2148 -1 2148 2085 2149 -1 2149 2085 2088 -1 2067 2068 2150 -1 2041 2069 2151 -1 2041 2151 2106 -1 2040 2101 2069 -1 2152 2103 2070 -1 2071 2153 2070 -1 2153 2071 2154 -1 2070 2153 2152 -1 2104 2154 2071 -1 2143 2155 2156 -1 2156 2126 2143 -1 2157 2156 2158 -1 2156 2127 2126 -1 2156 2157 2127 -1 2127 2157 2159 -1 2159 2128 2127 -1 2140 2160 2141 -1 2128 2159 2129 -1 2161 2160 2140 -1 2111 2130 2162 -1 2145 2163 2164 -1 2111 2163 2145 -1 2146 2145 2164 -1 2131 2102 2165 -1 2124 2146 2166 -1 2166 2099 2124 -1 2166 2132 2099 -1 2089 2132 2167 -1 2167 2134 2089 -1 2112 2168 2133 -1 2135 2134 2167 -1 2112 2135 2168 -1 2095 2169 2051 -1 2051 2169 2102 -1 2090 2137 2113 -1 2118 2169 2095 -1 2138 2136 2170 -1 2114 2115 2171 -1 2171 2092 2114 -1 2172 2161 2140 -1 2172 2140 2144 -1 2147 2148 2173 -1 2147 2123 2148 -1 2148 2149 2174 -1 2149 2088 2175 -1 2150 2175 2088 -1 2067 2150 2088 -1 2155 2176 2177 -1 2121 2125 2178 -1 2158 2155 2177 -1 2156 2155 2158 -1 2158 2177 2179 -1 2158 2179 2157 -1 2157 2179 2159 -1 2141 2160 2180 -1 2130 2129 2181 -1 1455 2182 1454 -1 2160 2161 2183 -1 2161 2184 2183 -1 2169 2165 2102 -1 2185 2169 2118 -1 2172 2184 2161 -1 2163 2162 2186 -1 2162 2163 2111 -1 2164 2163 2187 -1 2164 2187 2146 -1 2188 2189 2190 -1 2191 2133 2192 -1 2176 2155 2190 -1 2188 2178 2189 -1 2121 2178 2188 -1 2190 2155 2188 -1 2143 2188 2155 -1 2121 2188 2143 -1 2192 2133 2168 -1 2193 2135 2167 -1 2168 2135 2193 -1 2174 2149 2175 -1 2194 2136 2195 -1 2136 2194 2170 -1 2090 2191 2137 -1 2090 2133 2191 -1 2195 2136 2137 -1 2138 2170 2196 -1 2138 2171 2115 -1 2197 2116 2075 -1 2075 2092 2197 -1 2144 2198 2172 -1 2198 2144 2147 -1 2147 2173 2198 -1 2106 2199 2105 -1 2106 2151 2200 -1 2201 2151 2069 -1 2101 2201 2069 -1 2101 2131 2201 -1 2154 2202 2153 -1 2203 2152 2153 -1 2203 2153 2204 -1 2153 2202 2204 -1 2199 2205 2105 -1 2107 2205 2206 -1 2104 2107 2206 -1 2154 2104 2206 -1 2105 2205 2107 -1 2160 2207 2180 -1 2207 2160 2208 -1 2179 2209 2159 -1 2208 2160 2183 -1 2159 2209 2129 -1 2129 2209 2210 -1 2181 2210 2211 -1 2210 2181 2129 -1 2181 2162 2130 -1 2212 2184 2172 -1 2187 2163 2186 -1 2146 2187 2213 -1 2146 2213 2166 -1 2165 2214 2131 -1 2215 1454 2182 -1 2118 1454 2215 -1 2169 2185 2165 -1 2118 2216 2185 -1 2216 2118 2215 -1 2166 2213 2217 -1 2167 2132 2217 -1 2182 1455 1461 -1 2166 2217 2132 -1 2203 2218 2152 -1 2173 2174 2219 -1 2220 2152 2218 -1 2193 2221 2168 -1 2222 2189 2178 -1 2168 2221 2192 -1 2222 2190 2189 -1 2190 2222 2176 -1 2223 2177 2176 -1 2177 2223 2224 -1 2179 2177 2224 -1 2209 2179 2224 -1 2225 2150 2068 -1 2194 2195 2226 -1 2227 2194 2226 -1 2228 2194 2227 -1 2228 2170 2194 -1 2170 2228 2229 -1 2196 2170 2229 -1 2195 2137 2230 -1 2191 2230 2137 -1 2138 2196 2171 -1 2092 2231 2197 -1 2231 2092 2171 -1 2116 2225 2068 -1 2172 2198 2212 -1 2173 2212 2198 -1 2178 2232 2222 -1 2174 2173 2148 -1 2207 2208 2233 -1 2234 2224 2235 -1 2210 2234 2236 -1 2209 2234 2210 -1 2211 2210 2236 -1 2233 2208 2237 -1 2183 2237 2208 -1 2184 2237 2183 -1 2181 2211 2238 -1 2238 2162 2181 -1 2162 2238 2186 -1 2239 2186 2238 -1 2187 2186 2239 -1 2213 2187 2239 -1 2212 2173 2240 -1 2240 2173 2219 -1 2185 2241 2165 -1 2191 2192 2242 -1 2193 2243 2244 -1 2203 2204 2245 -1 2221 2193 2244 -1 2204 2202 2245 -1 2213 2243 2217 -1 2167 2217 2243 -1 2220 2218 2246 -1 2167 2243 2193 -1 2219 2174 2247 -1 2175 2247 2174 -1 2221 2248 2192 -1 2249 2250 2222 -1 2251 2176 2250 -1 2251 2223 2176 -1 2242 2192 2248 -1 2250 2176 2222 -1 2252 2150 2225 -1 2220 2246 2253 -1 2253 2246 2254 -1 2234 2209 2224 -1 2255 2226 2256 -1 2226 2195 2257 -1 2258 2228 2259 -1 2226 2255 2227 -1 2229 2228 2258 -1 2232 2249 2222 -1 2257 2195 2230 -1 2191 2242 2230 -1 2231 2171 2260 -1 2171 2196 2260 -1 2197 2225 2116 -1 2199 2106 2200 -1 2201 2131 2214 -1 2154 2206 2261 -1 2154 2261 2202 -1 2206 2205 2262 -1 2205 2199 2262 -1 2235 2263 2234 -1 2264 2234 2263 -1 2236 2234 2264 -1 2265 2233 2237 -1 2266 2238 2211 -1 2239 2238 2267 -1 2243 2239 2268 -1 2212 2269 2184 -1 2239 2243 2213 -1 2216 2241 2185 -1 2214 2165 2241 -1 2245 2202 2261 -1 2270 2227 2255 -1 2227 2270 2271 -1 2261 2206 2272 -1 2246 2273 2254 -1 2273 2246 2274 -1 2218 2275 2246 -1 2243 2276 2277 -1 2248 2244 2277 -1 2244 2243 2277 -1 2249 2254 2273 -1 2248 2221 2244 -1 2250 2249 2273 -1 2247 2240 2219 -1 2203 2278 2218 -1 2278 2203 2245 -1 2242 2248 2279 -1 2223 2251 2235 -1 2280 2150 2252 -1 2223 2235 2224 -1 2254 2249 2232 -1 2281 2207 2233 -1 2280 2247 2175 -1 2280 2175 2150 -1 2257 2256 2226 -1 2271 2228 2227 -1 2228 2271 2259 -1 2260 2229 2258 -1 2196 2229 2260 -1 2233 2265 2282 -1 2237 2283 2265 -1 2211 2236 2284 -1 2283 2237 2269 -1 2184 2269 2237 -1 2238 2266 2285 -1 2285 2267 2238 -1 2286 2267 2285 -1 2239 2267 2268 -1 2286 2268 2267 -1 2212 2287 2269 -1 2212 2240 2287 -1 2287 2240 2288 -1 2289 2216 2215 -1 2241 2216 2289 -1 2215 2182 2289 -1 2214 2241 2290 -1 2291 2272 2206 -1 2292 2271 2293 -1 2271 2292 2294 -1 2270 2293 2271 -1 2259 2271 2294 -1 2259 2294 2295 -1 2246 2275 2274 -1 2278 2275 2218 -1 2279 2296 2242 -1 2257 2230 2297 -1 2298 2273 2274 -1 2242 2297 2230 -1 2299 2297 2242 -1 2299 2242 2296 -1 2273 2298 2250 -1 2268 2286 2276 -1 2268 2276 2243 -1 2298 2300 2251 -1 2251 2250 2298 -1 2279 2248 2301 -1 2278 2245 2302 -1 2251 2300 2235 -1 2288 2240 2247 -1 2235 2300 2303 -1 2235 2303 2263 -1 2281 2304 2305 -1 2304 2281 2282 -1 2282 2281 2233 -1 2295 2258 2259 -1 2231 2260 2306 -1 2151 2307 2200 -1 2308 2307 2201 -1 2201 2307 2151 -1 2309 2262 2199 -1 2309 2310 2262 -1 2200 2309 2199 -1 2307 2309 2200 -1 2309 2307 2311 -1 2262 2312 2206 -1 2291 2206 2312 -1 2313 2312 2262 -1 2314 2286 2285 -1 2201 2214 2315 -1 2308 2201 2315 -1 2316 2309 2311 -1 2182 1461 2317 -1 2311 2307 2308 -1 2289 2182 2317 -1 2315 2214 2318 -1 2302 2245 2319 -1 2319 2245 2261 -1 2318 2214 2290 -1 2272 2291 2320 -1 2291 2312 2321 -1 2298 2274 2275 -1 2295 2294 2322 -1 2275 2278 2298 -1 2256 2257 2297 -1 2296 2323 2324 -1 2324 2299 2296 -1 2279 2323 2296 -1 2278 2300 2298 -1 2286 2314 2325 -1 2276 2286 2325 -1 2325 2277 2276 -1 2301 2277 2325 -1 2305 2304 2326 -1 2277 2301 2248 -1 2280 2288 2247 -1 2327 2264 2328 -1 2236 2264 2327 -1 2304 2282 2329 -1 2265 2329 2282 -1 2284 2236 2327 -1 2330 2280 2252 -1 2197 2252 2225 -1 2270 2255 2331 -1 2256 2331 2255 -1 2284 2266 2211 -1 2258 2332 2260 -1 2197 2231 2306 -1 2333 2283 2269 -1 2283 2333 2334 -1 2266 2314 2285 -1 2333 2269 2287 -1 2315 2335 2308 -1 2316 2310 2309 -1 2336 2315 2318 -1 2289 2290 2241 -1 2302 2319 2337 -1 2338 2261 2272 -1 2339 2292 2340 -1 2292 2339 2341 -1 2341 2294 2292 -1 2312 2313 2321 -1 2294 2341 2322 -1 2270 2342 2293 -1 2310 2313 2262 -1 2343 2270 2331 -1 2340 2292 2293 -1 2295 2322 2332 -1 2258 2295 2332 -1 2325 2344 2345 -1 2345 2301 2325 -1 2346 2303 2300 -1 2301 2323 2279 -1 2346 2263 2303 -1 2331 2256 2347 -1 2348 2256 2297 -1 2326 2304 2349 -1 2350 2324 2323 -1 2351 2263 2352 -1 2263 2351 2264 -1 2299 2324 2297 -1 2306 2252 2197 -1 2314 2344 2325 -1 2328 2264 2351 -1 2329 2349 2304 -1 2333 2288 2353 -1 2333 2287 2288 -1 2288 2354 2353 -1 2329 2283 2355 -1 2329 2265 2283 -1 2354 2288 2280 -1 2356 2327 2357 -1 2284 2327 2356 -1 2358 2356 2357 -1 2344 2314 2284 -1 2284 2314 2266 -1 2260 2332 2359 -1 2260 2359 2306 -1 2310 2316 2360 -1 2360 2361 2310 -1 2362 2360 2316 -1 2308 2363 2311 -1 2311 2363 2316 -1 2318 2290 2364 -1 2289 2317 2365 -1 2290 2289 2365 -1 2319 2261 2338 -1 2342 2340 2293 -1 2366 2340 2342 -1 2367 2340 2366 -1 2339 2340 2367 -1 2339 2368 2341 -1 2313 2369 2321 -1 2341 2368 2370 -1 2320 2291 2371 -1 2322 2341 2370 -1 2370 2372 2322 -1 2291 2321 2371 -1 2361 2313 2310 -1 2343 2342 2270 -1 2372 2332 2322 -1 2300 2278 2346 -1 2337 2373 2302 -1 2302 2373 2278 -1 2373 2346 2278 -1 2344 2374 2375 -1 2346 2373 2352 -1 2344 2375 2345 -1 2345 2350 2323 -1 2263 2346 2352 -1 2345 2323 2301 -1 2347 2256 2376 -1 2351 2352 2377 -1 2347 2343 2331 -1 2256 2348 2376 -1 2297 2324 2348 -1 2350 2348 2324 -1 2351 2378 2379 -1 2355 2349 2329 -1 2328 2351 2379 -1 2380 2327 2328 -1 2357 2327 2380 -1 2381 2355 2283 -1 2381 2283 2334 -1 2330 2354 2280 -1 2358 2357 2382 -1 2356 2358 2374 -1 2358 2382 2375 -1 2374 2358 2375 -1 2284 2374 2344 -1 2356 2374 2284 -1 2333 2383 2334 -1 2333 2353 2383 -1 2361 2360 2384 -1 2385 2308 2335 -1 2363 2308 2385 -1 2316 2363 2386 -1 2386 2363 2387 -1 2316 2388 2362 -1 2388 2316 2386 -1 2388 2343 2389 -1 2343 2347 2389 -1 2317 1461 2390 -1 2337 2319 2391 -1 2391 2392 2337 -1 2319 2393 2391 -1 2338 2393 2319 -1 2315 2336 2335 -1 2290 2365 2394 -1 2290 2394 2364 -1 2366 2386 2387 -1 2387 2395 2366 -1 2366 2395 2367 -1 2272 2320 2396 -1 2338 2272 2396 -1 2370 2368 2397 -1 2371 2321 2398 -1 2321 2369 2398 -1 2388 2386 2366 -1 2388 2366 2342 -1 2369 2313 2399 -1 2399 2361 2400 -1 2313 2361 2399 -1 2343 2388 2342 -1 2332 2401 2359 -1 2375 2382 2402 -1 2373 2337 2392 -1 2345 2375 2402 -1 2403 2373 2392 -1 2352 2373 2403 -1 2350 2345 2402 -1 2349 2404 2326 -1 2393 2352 2403 -1 2377 2352 2393 -1 2405 2377 2393 -1 2377 2405 2378 -1 2404 2349 2406 -1 2377 2378 2351 -1 2379 2380 2328 -1 2330 2252 2407 -1 2357 2380 2408 -1 2407 2306 2409 -1 2252 2306 2407 -1 2410 2353 2354 -1 2306 2359 2409 -1 2411 2412 2413 -1 2382 2408 2411 -1 2382 2357 2408 -1 2413 2414 2411 -1 2414 2382 2411 -1 2415 2384 2360 -1 2385 2416 2363 -1 2416 2387 2363 -1 2388 2417 2362 -1 2389 2347 2418 -1 2389 2417 2388 -1 2318 2364 2419 -1 2336 2420 2335 -1 2318 2419 2336 -1 2317 2421 2365 -1 2422 2336 2419 -1 2419 2423 2422 -1 2424 2365 2421 -1 2394 2365 2424 -1 2422 2339 2425 -1 2405 2393 2338 -1 2367 2425 2339 -1 2339 2422 2423 -1 2339 2423 2368 -1 2396 2320 2426 -1 2368 2423 2427 -1 2397 2368 2427 -1 2338 2396 2405 -1 2426 2371 2428 -1 2371 2398 2428 -1 2320 2371 2426 -1 2398 2369 2429 -1 2429 2369 2399 -1 2395 2425 2367 -1 2430 2431 2432 -1 2395 2387 2433 -1 2430 2400 2361 -1 2430 2432 2400 -1 2370 2397 2434 -1 2372 2370 2434 -1 2434 2435 2372 -1 2430 2361 2384 -1 2436 2430 2384 -1 2401 2372 2435 -1 2372 2401 2332 -1 2414 2413 2437 -1 2414 2437 2438 -1 2414 2402 2382 -1 2402 2414 2438 -1 2350 2439 2440 -1 2403 2391 2393 -1 2405 2441 2378 -1 2383 2353 2410 -1 2442 2383 2410 -1 2439 2350 2402 -1 2379 2378 2441 -1 2443 2406 2349 -1 2443 2349 2355 -1 2418 2347 2444 -1 2432 2431 2379 -1 2444 2347 2376 -1 2380 2379 2431 -1 2445 2380 2431 -1 2350 2440 2348 -1 2376 2348 2440 -1 2431 2412 2445 -1 2408 2380 2445 -1 2430 2412 2431 -1 2445 2412 2411 -1 2412 2430 2436 -1 2436 2413 2412 -1 2413 2436 2446 -1 2408 2445 2411 -1 2381 2334 2383 -1 2384 2447 2436 -1 2384 2415 2447 -1 2387 2416 2433 -1 2360 2362 2448 -1 2415 2360 2448 -1 2417 2448 2362 -1 2449 2417 2389 -1 2449 2389 2418 -1 2335 2420 2385 -1 2336 2422 2420 -1 2425 2420 2422 -1 2419 2364 2450 -1 2419 2450 2423 -1 2450 2427 2423 -1 2421 2317 2390 -1 2420 2451 2385 -1 2451 2416 2385 -1 2416 2451 2452 -1 2420 2425 2451 -1 2395 2451 2425 -1 2452 2451 2395 -1 2405 2396 2453 -1 2452 2395 2433 -1 2453 2441 2405 -1 2397 2427 2454 -1 2434 2397 2454 -1 2396 2426 2453 -1 2379 2441 2455 -1 2456 2428 2398 -1 2456 2398 2429 -1 2426 2428 2457 -1 2455 2458 2432 -1 2432 2379 2455 -1 2400 2458 2459 -1 2432 2458 2400 -1 2399 2400 2459 -1 2460 2413 2461 -1 2437 2413 2460 -1 2462 2446 2436 -1 2439 2437 2460 -1 2438 2437 2439 -1 2439 2460 2463 -1 2402 2438 2439 -1 2463 2440 2439 -1 2381 2383 2442 -1 2464 2410 2465 -1 2418 2444 2466 -1 2440 2463 2444 -1 2326 2404 2467 -1 2440 2444 2376 -1 2391 2403 2392 -1 2407 2409 2468 -1 2465 2410 2354 -1 2465 2354 2330 -1 2465 2330 2407 -1 2355 2469 2443 -1 2381 2469 2355 -1 2359 2470 2409 -1 2471 2443 2469 -1 2471 2469 2472 -1 2469 2381 2472 -1 2447 2462 2436 -1 2448 2417 2473 -1 2417 2449 2473 -1 2449 2418 2466 -1 2474 2394 2424 -1 2364 2394 2474 -1 2450 2364 2474 -1 2454 2450 2474 -1 2427 2450 2454 -1 2433 2416 2452 -1 2475 2476 2359 -1 2359 2401 2475 -1 2475 2401 2435 -1 2470 2359 2476 -1 2413 2446 2461 -1 2426 2477 2453 -1 2455 2453 2477 -1 2453 2455 2441 -1 2478 2428 2456 -1 2428 2478 2479 -1 2457 2428 2479 -1 2460 2480 2463 -1 2463 2480 2444 -1 2477 2426 2457 -1 2442 2472 2381 -1 2464 2442 2410 -1 2466 2444 2480 -1 2468 2465 2407 -1 2468 2409 2470 -1 2467 2404 2481 -1 2404 2406 2481 -1 2482 2471 2472 -1 2446 2462 2483 -1 2462 2447 2484 -1 2447 2415 2484 -1 2415 2448 2485 -1 2484 2415 2485 -1 2473 2485 2448 -1 2486 2454 2474 -1 2454 2435 2434 -1 2474 2424 2487 -1 2476 2488 2470 -1 2424 2421 2489 -1 2446 2483 2461 -1 2406 2443 2490 -1 2461 2491 2460 -1 2456 2429 2492 -1 2492 2429 2493 -1 2494 2457 2479 -1 2464 2495 2442 -1 2477 2457 2494 -1 2455 2477 2494 -1 2480 2460 2491 -1 2480 2491 2496 -1 2497 2458 2455 -1 2459 2458 2497 -1 2498 2459 2497 -1 2493 2399 2498 -1 2429 2399 2493 -1 2399 2459 2498 -1 2496 2449 2480 -1 2466 2480 2449 -1 2468 2470 2488 -1 2478 2456 2499 -1 2456 2492 2499 -1 2500 2494 2479 -1 2497 2494 2500 -1 2501 2498 2497 -1 2443 2471 2502 -1 2455 2494 2497 -1 2406 2503 2481 -1 2495 2482 2472 -1 2504 2483 2462 -1 2484 2504 2462 -1 2504 2461 2483 -1 2505 2484 2485 -1 2506 2505 2485 -1 2507 2484 2505 -1 2504 2484 2507 -1 2504 2507 2491 -1 2491 2507 2496 -1 2507 2505 2496 -1 2496 2505 2506 -1 2485 2473 2506 -1 2496 2506 2473 -1 2496 2473 2449 -1 2435 2454 2508 -1 2486 2474 2487 -1 2421 2390 2509 -1 2503 2406 2490 -1 2491 2461 2504 -1 2490 2443 2502 -1 2472 2442 2495 -1 2510 2464 2465 -1 2511 2465 2468 -1 2499 2492 2512 -1 2479 2478 2499 -1 2499 2500 2479 -1 2492 2493 2512 -1 2512 2493 2501 -1 2513 2497 2500 -1 2501 2497 2513 -1 2498 2501 2493 -1 2486 2508 2454 -1 2435 2508 2514 -1 2464 2515 2495 -1 2515 2464 2510 -1 2421 2509 2489 -1 2424 2489 2487 -1 2510 2465 2511 -1 2490 2516 2503 -1 2517 2499 2512 -1 2500 2499 2517 -1 2517 2513 2500 -1 2513 2517 2512 -1 2512 2501 2513 -1 2502 2471 2518 -1 2519 2518 2471 -1 2482 2519 2471 -1 2467 2481 2520 -1 2481 2503 2521 -1 2482 2495 2515 -1 2511 2488 2522 -1 2511 2468 2488 -1 2487 2523 2524 -1 2486 2487 2524 -1 2475 2435 2514 -1 2488 2476 2522 -1 2489 2509 2525 -1 2525 2487 2489 -1 2521 2503 2516 -1 2490 2502 2526 -1 2526 2502 2518 -1 2520 2481 2521 -1 2515 2527 2482 -1 2527 2515 2510 -1 2508 2486 2524 -1 2528 2475 2514 -1 2528 2476 2475 -1 2487 2525 2523 -1 2490 2526 2516 -1 2518 2519 2529 -1 2519 2530 2529 -1 2482 2530 2519 -1 2530 2482 2527 -1 2531 2511 2522 -1 2531 2527 2510 -1 2531 2510 2511 -1 2524 2514 2508 -1 2522 2476 2528 -1 2518 2532 2526 -1 2532 2518 2529 -1 2530 2533 2529 -1 2520 2521 2534 -1 2535 2530 2527 -1 2531 2522 2536 -1 2535 2527 2531 -1 2524 2523 2537 -1 2524 2537 2514 -1 2528 2536 2522 -1 2521 2516 2538 -1 2532 2539 2540 -1 2540 2526 2532 -1 2529 2533 2541 -1 2528 2514 2542 -1 2543 2534 2538 -1 2521 2538 2534 -1 2526 2540 2544 -1 2516 2526 2545 -1 2539 2532 2541 -1 2532 2529 2541 -1 2546 2536 2547 -1 2535 2531 2546 -1 2546 2531 2536 -1 2548 2537 2523 -1 2514 2537 2542 -1 2547 2528 2542 -1 2547 2536 2528 -1 2523 2525 2548 -1 2526 2544 2545 -1 2516 2545 2538 -1 2549 2533 2530 -1 2530 2535 2549 -1 2549 2535 2546 -1 2547 2542 2550 -1 2541 2551 2539 -1 2551 2533 2552 -1 2541 2533 2551 -1 2544 2540 2553 -1 2538 2545 2554 -1 2553 2540 2539 -1 2555 2550 2542 -1 2555 2542 2537 -1 2537 2548 2556 -1 2543 2538 2557 -1 2539 2558 2553 -1 2539 2551 2558 -1 2544 2554 2545 -1 2549 2552 2533 -1 2559 2552 2549 -1 2559 2549 2546 -1 2556 2555 2537 -1 2557 2538 2560 -1 2551 2552 2561 -1 2544 2553 2562 -1 2550 2563 2547 -1 2547 2563 2546 -1 2538 2554 2560 -1 2554 2544 2562 -1 2550 2564 2563 -1 2564 2559 2563 -1 2563 2559 2546 -1 2557 2560 2565 -1 2558 2566 2553 -1 2551 2561 2558 -1 2561 2552 2567 -1 2552 2559 2567 -1 2562 2553 2566 -1 2568 2567 2559 -1 2561 2567 2569 -1 2570 2566 2558 -1 2554 2562 2571 -1 2571 2572 2554 -1 2559 2564 2568 -1 2564 2550 2573 -1 2555 2573 2550 -1 2558 2561 2574 -1 2575 2558 2574 -1 2561 2569 2574 -1 2570 2558 2575 -1 2560 2554 2572 -1 2576 2568 2564 -1 2564 2573 2576 -1 2565 2560 2577 -1 2560 2572 2577 -1 2569 2567 2578 -1 2571 2562 2579 -1 2578 2567 2568 -1 2580 2565 2577 -1 2581 2569 2582 -1 2569 2578 2582 -1 2574 2581 2575 -1 2574 2569 2581 -1 2575 2583 2570 -1 2566 2570 2583 -1 2562 2566 2579 -1 2577 2572 2584 -1 2578 2585 2582 -1 2586 2572 2571 -1 2587 2571 2579 -1 2588 2577 2584 -1 2581 2582 2589 -1 2582 2585 2589 -1 2581 2589 2590 -1 2575 2581 2590 -1 2583 2575 2591 -1 2592 2566 2583 -1 2584 2572 2593 -1 2579 2566 2592 -1 2580 2577 2594 -1 2590 2589 2595 -1 2591 2575 2590 -1 2587 2586 2571 -1 2572 2586 2593 -1 2577 2588 2594 -1 2595 2589 2596 -1 2586 2587 2597 -1 2579 2592 2587 -1 2591 2590 2595 -1 2592 2583 2591 -1 2586 2597 2593 -1 2587 2592 2598 -1 2597 2587 2598 -1 2592 2591 2599 -1 2600 2584 2601 -1 2584 2593 2601 -1 2594 2588 2602 -1 2584 2600 2603 -1 2588 2584 2603 -1 2591 2595 2604 -1 2605 2601 2593 -1 2597 2605 2593 -1 2595 2606 2604 -1 2599 2591 2604 -1 2607 2592 2599 -1 2605 2597 2598 -1 2598 2592 2607 -1 2602 2588 2603 -1 2605 2598 2608 -1 2604 2609 2599 -1 2608 2598 2610 -1 2604 2606 2609 -1 2599 2609 2607 -1 2611 2601 2612 -1 2612 2605 2608 -1 2601 2605 2612 -1 2600 2601 2611 -1 2598 2607 2610 -1 2603 2600 2613 -1 2612 2608 2614 -1 2614 2608 2615 -1 2608 2610 2615 -1 2600 2611 2613 -1 2603 2613 2616 -1 2613 2612 2617 -1 2611 2612 2613 -1 2615 2610 2618 -1 2615 2619 2614 -1 2610 2607 2618 -1 2615 2618 2619 -1 2612 2614 2617 -1 2614 2619 2620 -1 2617 2614 2620 -1 1545 1526 2621 -1 2621 1526 1547 -1 2621 1547 2622 -1 2623 2621 2622 -1 2624 2623 2622 -1 1545 2623 2625 -1 1545 2621 2623 -1 1547 1565 2622 -1 2626 2623 2627 -1 2627 2623 2624 -1 2624 2622 2628 -1 2625 1615 1545 -1 1565 2629 2622 -1 1565 1614 2629 -1 2626 2625 2623 -1 2622 2629 2628 -1 2630 1615 2625 -1 1615 2630 1678 -1 2629 1614 1690 -1 2626 2631 2632 -1 2631 2627 2633 -1 2626 2627 2631 -1 2627 2624 2628 -1 2634 2625 2626 -1 2634 2630 2625 -1 2629 1690 1689 -1 2632 2631 2635 -1 2626 2632 2634 -1 2633 2627 2628 -1 2628 2629 1689 -1 2635 2631 2636 -1 2636 2631 2633 -1 2635 2634 2632 -1 2637 2635 2636 -1 2635 2637 2638 -1 2633 2628 2639 -1 2634 2635 2638 -1 2634 2640 2630 -1 1678 2630 1740 -1 2641 2637 2642 -1 2638 2637 2641 -1 2637 2636 2642 -1 2633 2643 2636 -1 2643 2633 2639 -1 2644 2634 2638 -1 2630 2640 1740 -1 2638 2645 2646 -1 2646 2644 2638 -1 2639 2628 1689 -1 2640 2634 2644 -1 1689 1691 2647 -1 2648 2642 2649 -1 2641 2642 2648 -1 2638 2641 2650 -1 2645 2638 2650 -1 2649 2636 2643 -1 2639 1689 2647 -1 2651 2640 2644 -1 1740 2640 2652 -1 2652 2640 2651 -1 2652 1748 1740 -1 2647 1691 1750 -1 2653 2648 2654 -1 2648 2653 2650 -1 2648 2650 2641 -1 2654 2648 2649 -1 2642 2636 2649 -1 2655 1338 1337 -1 2655 2656 2657 -1 2657 2658 2655 -1 2658 1338 2655 -1 2656 2655 2659 -1 2657 2656 2660 -1 2661 2650 2653 -1 2650 2661 2662 -1 2645 2650 2662 -1 2663 2643 2639 -1 2663 2639 2647 -1 2644 2646 2664 -1 2651 2644 2665 -1 1748 2652 1779 -1 2666 1750 1767 -1 2649 2667 2654 -1 2668 2645 2662 -1 2669 2646 2645 -1 2664 2646 2669 -1 2664 2665 2644 -1 2652 2651 2670 -1 1750 2671 2647 -1 2652 2670 1779 -1 2672 2673 2674 -1 2673 2661 2675 -1 2675 2674 2673 -1 2661 2653 2675 -1 2661 2673 2662 -1 2653 2654 2676 -1 2676 2675 2653 -1 2660 2656 2677 -1 2678 2659 2655 -1 1961 2678 2655 -1 2655 1337 1961 -1 2674 2675 2676 -1 2673 2672 2679 -1 2662 2673 2679 -1 2654 2667 2676 -1 2662 2679 2668 -1 2643 2663 2649 -1 2669 2645 2668 -1 2680 2651 2665 -1 2680 2670 2651 -1 2681 2676 2667 -1 2679 2682 2668 -1 2669 2683 2664 -1 2664 2683 2684 -1 2665 2664 2684 -1 2680 2665 2684 -1 1801 1779 2670 -1 1818 2666 1767 -1 2672 2674 2685 -1 2660 2686 2687 -1 2677 2686 2660 -1 2688 2678 1961 -1 2656 2689 2677 -1 2689 2656 2659 -1 2659 2690 2689 -1 2690 2659 2678 -1 2678 2688 2690 -1 2681 2691 2676 -1 2679 2672 2692 -1 2682 2679 2692 -1 2669 2668 2693 -1 2647 2671 2663 -1 2694 2671 2666 -1 1750 2666 2671 -1 1801 2670 2680 -1 1818 2695 2666 -1 2696 2685 2697 -1 2685 2696 2698 -1 2698 2672 2685 -1 2685 2674 2691 -1 2697 2685 2691 -1 2674 2676 2691 -1 2672 2698 2692 -1 2667 2649 2699 -1 2649 2663 2699 -1 2700 2668 2682 -1 2693 2668 2700 -1 2701 2663 2671 -1 2683 2669 2693 -1 2684 2683 2702 -1 2680 2684 2702 -1 1801 2680 1865 -1 2703 2696 2704 -1 2698 2696 2703 -1 2697 2704 2696 -1 2705 2706 2707 -1 2708 2706 2705 -1 2705 2707 2686 -1 2689 2709 2677 -1 2689 2690 2710 -1 2688 2711 2690 -1 2711 2710 2690 -1 1986 2688 1961 -1 2712 2697 2691 -1 2681 2667 2713 -1 2692 2698 2714 -1 2713 2667 2699 -1 2682 2692 2714 -1 2683 2693 2715 -1 2701 2671 2694 -1 2694 2666 2695 -1 1865 2680 2702 -1 1865 1829 1801 -1 2698 2703 2716 -1 2714 2698 2716 -1 2717 2700 2682 -1 2700 2715 2693 -1 2715 2702 2683 -1 1865 2702 2718 -1 2704 2719 2720 -1 2720 2703 2704 -1 2704 2697 2712 -1 2711 2688 1986 -1 2705 2686 2721 -1 2677 2721 2686 -1 2721 2677 2709 -1 2689 2722 2709 -1 2722 2689 2710 -1 2723 2710 2711 -1 2724 2706 2708 -1 2691 2725 2712 -1 2716 2726 2714 -1 2681 2725 2691 -1 2725 2681 2713 -1 2714 2726 2717 -1 2714 2717 2682 -1 2699 2663 2727 -1 2701 2727 2663 -1 2715 2718 2702 -1 2728 2694 2695 -1 2695 1818 1864 -1 1865 2718 1874 -1 1865 1874 1866 -1 1864 2729 2695 -1 1856 2729 1864 -1 1874 1851 1866 -1 2730 2729 1856 -1 2731 2719 2732 -1 2719 2704 2712 -1 2712 2732 2719 -1 2720 2719 2731 -1 2716 2703 2720 -1 2730 1856 1867 -1 2733 2700 2717 -1 2734 2700 2733 -1 2715 2700 2734 -1 2701 2694 2735 -1 2694 2728 2735 -1 2729 2730 2736 -1 2736 2730 1867 -1 2737 2731 2738 -1 2731 2732 2738 -1 2736 1867 2739 -1 2731 2737 2740 -1 2741 2731 2740 -1 2741 2720 2731 -1 2742 2708 2705 -1 2743 2708 2742 -1 2743 2742 2744 -1 2723 2745 2709 -1 2709 2722 2723 -1 2746 2723 2711 -1 1986 2016 2711 -1 2747 2712 2725 -1 2748 2716 2749 -1 2726 2716 2748 -1 2734 2733 2750 -1 2751 2715 2734 -1 2727 2701 2735 -1 2715 2751 2752 -1 2715 2752 2718 -1 2718 2753 1874 -1 2728 2695 2729 -1 2737 2754 2755 -1 2754 2738 2756 -1 2737 2738 2754 -1 2738 2712 2747 -1 2732 2712 2738 -1 2737 2755 2740 -1 2716 2741 2757 -1 2720 2741 2716 -1 1867 1882 2739 -1 2749 2716 2758 -1 2726 2748 2759 -1 2726 2759 2717 -1 2733 2759 2760 -1 2717 2759 2733 -1 2752 2751 2761 -1 2762 2735 2728 -1 2753 2752 2761 -1 2753 2718 2752 -1 2762 2728 2729 -1 2755 2754 2763 -1 2753 2764 1894 -1 2753 1894 1874 -1 2729 2736 2765 -1 2736 2766 2765 -1 2739 2766 2736 -1 1894 2767 1888 -1 2767 1895 1888 -1 2739 1882 2768 -1 2769 2770 2724 -1 2771 2770 2769 -1 2772 2769 2744 -1 2744 2769 2743 -1 2773 2744 2742 -1 2745 2721 2709 -1 2773 2721 2745 -1 2774 2773 2745 -1 2745 2775 2774 -1 2016 2746 2711 -1 2708 2743 2724 -1 2724 2743 2769 -1 2705 2721 2742 -1 2742 2721 2773 -1 2776 2745 2723 -1 2775 2745 2776 -1 2710 2723 2722 -1 2723 2746 2776 -1 2777 2741 2740 -1 2741 2777 2757 -1 2747 2725 2778 -1 2778 2725 2713 -1 2757 2758 2716 -1 2779 2749 2758 -1 2779 2748 2749 -1 2713 2699 2780 -1 2780 2699 2727 -1 2734 2750 2751 -1 2751 2750 2761 -1 2781 2764 2782 -1 2781 2767 1894 -1 2761 2764 2753 -1 2729 2783 2762 -1 2783 2729 2765 -1 2764 2781 1894 -1 2784 2785 2763 -1 2763 2754 2784 -1 2756 2784 2754 -1 2756 2738 2747 -1 2768 2766 2739 -1 1905 2768 1882 -1 2755 2786 2740 -1 2740 2786 2777 -1 2748 2760 2759 -1 2779 2760 2748 -1 2780 2727 2787 -1 2760 2788 2733 -1 2733 2788 2750 -1 2735 2787 2727 -1 2789 2750 2788 -1 2761 2750 2789 -1 2782 2761 2790 -1 2735 2762 2791 -1 2764 2761 2782 -1 2792 2767 2781 -1 2793 2765 2766 -1 2794 2763 2785 -1 2793 2766 2795 -1 2796 2763 2794 -1 2796 2755 2763 -1 2795 2766 2768 -1 2767 2792 1911 -1 1911 1895 2767 -1 2786 2755 2796 -1 2768 1905 2797 -1 1909 2797 1905 -1 1909 1915 2797 -1 2772 2798 2771 -1 2772 2771 2769 -1 2799 2772 2744 -1 2800 2799 2744 -1 2801 2799 2800 -1 2801 2800 2802 -1 2803 2800 2744 -1 2802 2800 2803 -1 2803 2744 2773 -1 2804 2803 2773 -1 2803 2804 2805 -1 2774 2804 2773 -1 2774 2806 2804 -1 2806 2774 2775 -1 2807 2808 2809 -1 2016 2810 2746 -1 2775 2776 2810 -1 2810 2811 2775 -1 2810 2016 2103 -1 2812 2747 2778 -1 2813 2757 2777 -1 2758 2757 2814 -1 2815 2758 2814 -1 2713 2780 2778 -1 2779 2758 2815 -1 2788 2760 2779 -1 1915 2816 2797 -1 2817 2792 2818 -1 2817 1911 2792 -1 1911 2817 2819 -1 1912 2819 2820 -1 1911 2819 1912 -1 2787 2735 2791 -1 2788 2821 2822 -1 2788 2822 2789 -1 2789 2790 2761 -1 2823 2824 2825 -1 2794 2824 2823 -1 2791 2762 2783 -1 2824 2785 2826 -1 2794 2785 2824 -1 2827 2782 2790 -1 2784 2826 2785 -1 2781 2827 2818 -1 2782 2827 2781 -1 2747 2812 2756 -1 2794 2828 2796 -1 2781 2818 2792 -1 2829 2783 2765 -1 2829 2765 2793 -1 2830 2768 2797 -1 2820 2077 1912 -1 1912 2077 1913 -1 2777 2786 2831 -1 2813 2777 2831 -1 2813 2832 2757 -1 2814 2757 2832 -1 2833 2778 2780 -1 2834 2815 2814 -1 2834 2835 2815 -1 2815 2835 2836 -1 2815 2836 2779 -1 2787 2837 2780 -1 2836 2821 2779 -1 2779 2821 2788 -1 2838 2797 2816 -1 2839 2805 2840 -1 2805 2839 2802 -1 1915 2142 2816 -1 2821 2841 2822 -1 2142 1915 1918 -1 1918 2096 2142 -1 2842 2817 2818 -1 2096 1918 1917 -1 2843 2817 2844 -1 2819 2843 2820 -1 2843 2819 2817 -1 2077 2820 2845 -1 2846 2825 2824 -1 2823 2828 2794 -1 2826 2784 2812 -1 2784 2756 2812 -1 2847 2796 2828 -1 2786 2796 2847 -1 2789 2822 2790 -1 2791 2783 2848 -1 2783 2829 2848 -1 2827 2790 2849 -1 2827 2849 2818 -1 2850 2793 2795 -1 2829 2793 2850 -1 2795 2851 2852 -1 2768 2851 2795 -1 2851 2768 2830 -1 2830 2797 2838 -1 2853 2798 2772 -1 2798 2853 2854 -1 2853 2772 2799 -1 2855 2853 2799 -1 2801 2855 2799 -1 2856 2855 2801 -1 2856 2801 2857 -1 2857 2801 2802 -1 2803 2805 2802 -1 2806 2805 2804 -1 2806 2858 2805 -1 2805 2858 2840 -1 2806 2775 2811 -1 2811 2858 2806 -1 2807 2809 2859 -1 2860 2811 2810 -1 2859 2809 2771 -1 2771 2798 2859 -1 2861 2860 2810 -1 2103 2861 2810 -1 2862 2859 2798 -1 2776 2746 2810 -1 2848 2829 2863 -1 2829 2850 2863 -1 2778 2864 2812 -1 2864 2778 2833 -1 2852 2850 2795 -1 2814 2832 2865 -1 2838 2866 2830 -1 2834 2814 2865 -1 2821 2836 2867 -1 2868 2821 2867 -1 2811 2869 2858 -1 2839 2857 2802 -1 2856 2857 2870 -1 2857 2839 2871 -1 2840 2872 2839 -1 2873 2839 2872 -1 2874 2840 2858 -1 2840 2874 2872 -1 2873 2871 2839 -1 2875 2838 2139 -1 2816 2139 2838 -1 2139 2816 2142 -1 2821 2868 2841 -1 2841 2876 2849 -1 2790 2841 2849 -1 2818 2849 2842 -1 2850 2852 2877 -1 2874 2858 2869 -1 2878 2825 2879 -1 2846 2879 2825 -1 2823 2825 2878 -1 2846 2824 2880 -1 2828 2823 2881 -1 2824 2826 2880 -1 2842 2844 2817 -1 2844 2882 2843 -1 2877 2852 2851 -1 2847 2831 2786 -1 2843 2883 2884 -1 2853 2855 2885 -1 2886 2851 2830 -1 2884 2845 2843 -1 2820 2843 2845 -1 2845 2884 2125 -1 2120 2845 2125 -1 2077 2845 2120 -1 2838 2875 2866 -1 2791 2887 2787 -1 2822 2841 2790 -1 2832 2813 2888 -1 2780 2837 2833 -1 2836 2835 2889 -1 2787 2890 2837 -1 2867 2836 2889 -1 2891 2867 2889 -1 2890 2787 2887 -1 2885 2870 2892 -1 2871 2870 2857 -1 2870 2871 2892 -1 2868 2867 2891 -1 2893 2894 2878 -1 2868 2876 2841 -1 2876 2895 2849 -1 2895 2842 2849 -1 2879 2896 2893 -1 2879 2893 2878 -1 2894 2881 2878 -1 2897 2842 2895 -1 2878 2881 2823 -1 2842 2897 2844 -1 2847 2828 2898 -1 2875 2139 2141 -1 2860 2869 2811 -1 2813 2831 2888 -1 2899 2854 2885 -1 2885 2854 2853 -1 2900 2882 2844 -1 2883 2882 2901 -1 2882 2883 2843 -1 2902 2851 2903 -1 2902 2877 2851 -1 2903 2851 2886 -1 2866 2886 2830 -1 2904 2886 2866 -1 2875 2904 2866 -1 2887 2791 2848 -1 2859 2862 2905 -1 2905 2862 2906 -1 2798 2854 2862 -1 2906 2862 2854 -1 2152 2861 2103 -1 2860 2861 2220 -1 2870 2885 2855 -1 2807 2859 2907 -1 2855 2856 2870 -1 2881 2898 2828 -1 2883 2908 2909 -1 2909 2884 2883 -1 2884 2909 2125 -1 2854 2910 2906 -1 2141 2180 2875 -1 2875 2911 2904 -1 2885 2892 2912 -1 2833 2913 2864 -1 2914 2888 2915 -1 2888 2914 2832 -1 2832 2914 2865 -1 2835 2834 2916 -1 2835 2916 2889 -1 2890 2887 2917 -1 2918 2892 2871 -1 2919 2892 2918 -1 2920 2872 2874 -1 2872 2921 2873 -1 2918 2871 2922 -1 2922 2871 2873 -1 2921 2923 2873 -1 2922 2873 2923 -1 2923 2924 2922 -1 2920 2921 2872 -1 2925 2893 2896 -1 2891 2889 2926 -1 2907 2927 2807 -1 2917 2887 2848 -1 2891 2928 2868 -1 2876 2868 2928 -1 2859 2905 2907 -1 2928 2895 2876 -1 2906 2929 2905 -1 2930 2918 2922 -1 2930 2922 2931 -1 2897 2930 2931 -1 2932 2896 2879 -1 2879 2846 2932 -1 2933 2894 2934 -1 2881 2894 2933 -1 2900 2931 2935 -1 2880 2932 2846 -1 2900 2935 2936 -1 2861 2152 2220 -1 2931 2900 2897 -1 2897 2900 2844 -1 2812 2937 2826 -1 2850 2877 2938 -1 2939 2874 2869 -1 2860 2253 2869 -1 2936 2901 2900 -1 2900 2901 2882 -1 2901 2940 2883 -1 2898 2881 2941 -1 2908 2942 2909 -1 2903 2886 2904 -1 2812 2864 2943 -1 2125 2909 2178 -1 2847 2944 2831 -1 2875 2180 2911 -1 2831 2944 2915 -1 2888 2831 2915 -1 2854 2899 2910 -1 2899 2912 2945 -1 2912 2899 2885 -1 2946 2912 2892 -1 2947 2946 2892 -1 2948 2913 2833 -1 2948 2833 2837 -1 2865 2914 2949 -1 2949 2916 2834 -1 2865 2949 2834 -1 2889 2916 2926 -1 2837 2890 2948 -1 2919 2947 2892 -1 2920 2950 2921 -1 2950 2920 2951 -1 2952 2893 2925 -1 2953 2894 2952 -1 2894 2893 2952 -1 2925 2896 2954 -1 2923 2921 2924 -1 2894 2953 2934 -1 2934 2953 2955 -1 2924 2921 2950 -1 2936 2924 2950 -1 2933 2934 2955 -1 2935 2924 2936 -1 2956 2947 2919 -1 2907 2905 2957 -1 2958 2919 2918 -1 2918 2930 2959 -1 2959 2897 2928 -1 2890 2917 2960 -1 2928 2891 2926 -1 2917 2848 2961 -1 2897 2895 2928 -1 2896 2932 2954 -1 2848 2863 2961 -1 2880 2826 2937 -1 2959 2930 2897 -1 2812 2943 2937 -1 2924 2935 2922 -1 2931 2922 2935 -1 2933 2941 2881 -1 2961 2863 2938 -1 2938 2863 2850 -1 2902 2938 2877 -1 2962 2938 2902 -1 2874 2939 2963 -1 2920 2874 2963 -1 2939 2869 2964 -1 2965 2936 2950 -1 2869 2253 2966 -1 2253 2860 2220 -1 2909 2942 2967 -1 2909 2967 2232 -1 2909 2232 2178 -1 2936 2965 2901 -1 2901 2965 2940 -1 2903 2968 2902 -1 2908 2883 2940 -1 2969 2970 2911 -1 2968 2903 2911 -1 2903 2904 2911 -1 2969 2911 2180 -1 2968 2911 2970 -1 2906 2910 2971 -1 2932 2880 2972 -1 2880 2937 2972 -1 2943 2864 2913 -1 2898 2944 2847 -1 2915 2944 2945 -1 2973 2971 2910 -1 2899 2973 2910 -1 2974 2899 2945 -1 2975 2915 2945 -1 2975 2945 2912 -1 2912 2946 2975 -1 2976 2975 2946 -1 2946 2947 2977 -1 2915 2975 2914 -1 2975 2976 2914 -1 2976 2949 2914 -1 2949 2976 2978 -1 2949 2978 2916 -1 2978 2956 2916 -1 2977 2956 2978 -1 2947 2956 2977 -1 2916 2956 2926 -1 2956 2979 2926 -1 2919 2979 2956 -1 2926 2979 2958 -1 2958 2979 2919 -1 2952 2925 2980 -1 2953 2952 2981 -1 2981 2982 2953 -1 2926 2958 2928 -1 2959 2958 2918 -1 2953 2982 2955 -1 2958 2959 2928 -1 2905 2983 2957 -1 2962 2902 2984 -1 2905 2929 2983 -1 2964 2869 2966 -1 2964 2966 2985 -1 2965 2950 2951 -1 2965 2986 2908 -1 2940 2965 2908 -1 2966 2253 2987 -1 2942 2986 2967 -1 2986 2942 2908 -1 2984 2902 2968 -1 2929 2906 2988 -1 2969 2180 2207 -1 2906 2971 2988 -1 2954 2932 2989 -1 2989 2932 2972 -1 2898 2941 2990 -1 2990 2991 2898 -1 2944 2898 2991 -1 2944 2991 2974 -1 2974 2945 2944 -1 2974 2973 2899 -1 2976 2946 2977 -1 2978 2976 2977 -1 2960 2948 2890 -1 2992 2960 2917 -1 2961 2992 2917 -1 2993 2961 2938 -1 2964 2963 2939 -1 2951 2920 2963 -1 2994 2951 2963 -1 2965 2951 2994 -1 2964 2995 2994 -1 2995 2964 2985 -1 2994 2986 2965 -1 2986 2994 2995 -1 2986 2995 2967 -1 2980 2925 2996 -1 2997 2980 2996 -1 2954 2996 2925 -1 2984 2968 2998 -1 2981 2952 2999 -1 2957 2983 3000 -1 2967 2995 3001 -1 2232 2967 3001 -1 2933 2955 3002 -1 2998 2968 2970 -1 3003 2929 3004 -1 2983 2929 3003 -1 3005 3002 2955 -1 2955 2982 3005 -1 3006 2933 3002 -1 3007 3004 2929 -1 3007 2929 2988 -1 3008 2989 2972 -1 2937 3009 2972 -1 2941 2933 3006 -1 3009 2937 2943 -1 2990 2941 3006 -1 2990 3006 3010 -1 3010 2991 2990 -1 2971 2973 3010 -1 2991 3010 2973 -1 2973 2974 2991 -1 3011 2943 2913 -1 3012 2948 2960 -1 3012 2960 2992 -1 2961 2993 2992 -1 3013 2938 2962 -1 2993 2938 3013 -1 3014 2907 3015 -1 2927 2907 3014 -1 3016 2980 2997 -1 2984 3017 2962 -1 3000 3018 3015 -1 2957 3000 3015 -1 3019 3018 3000 -1 2999 3018 3019 -1 2964 2994 2963 -1 2980 3016 2999 -1 2952 2980 2999 -1 2984 3020 3017 -1 3019 3000 3021 -1 3022 3019 3021 -1 3023 2970 2969 -1 2997 2996 3024 -1 3024 2996 2989 -1 2996 2954 2989 -1 2999 3019 2981 -1 2981 3019 3022 -1 3005 2981 3022 -1 3005 2982 2981 -1 3025 3020 2984 -1 2281 3023 2969 -1 2998 3025 2984 -1 2907 2957 3015 -1 2987 2985 2966 -1 2987 3001 2985 -1 3001 2987 2253 -1 3000 2983 3021 -1 3021 2983 3003 -1 3001 2253 2254 -1 2995 2985 3001 -1 2281 2969 2207 -1 2254 2232 3001 -1 2998 2970 3023 -1 3003 3026 3022 -1 3005 3022 3026 -1 3004 3026 3003 -1 3002 3005 3026 -1 3002 3027 3006 -1 3002 3026 3004 -1 3004 3027 3002 -1 3027 3004 3007 -1 3010 3027 3007 -1 3006 3027 3010 -1 3010 3007 2988 -1 3010 2988 2971 -1 3009 2943 3011 -1 3028 2913 2948 -1 2948 3012 3028 -1 2992 3029 3012 -1 3029 2993 3013 -1 3029 2992 2993 -1 3017 3013 2962 -1 3030 3014 3031 -1 3025 2998 3032 -1 3031 3014 3015 -1 3033 3032 2998 -1 3016 2997 3024 -1 2998 3023 3033 -1 3023 2281 2305 -1 3034 3033 3023 -1 3018 3031 3015 -1 3016 3018 2999 -1 3024 2989 3035 -1 3035 2989 3008 -1 3009 3008 2972 -1 3028 3011 2913 -1 3036 3011 3028 -1 3017 3037 3013 -1 3017 3038 3037 -1 3020 3038 3017 -1 3025 3038 3020 -1 3039 3038 3025 -1 3039 3032 3040 -1 3025 3032 3039 -1 2305 3034 3023 -1 3030 3031 3041 -1 3018 3041 3031 -1 3042 3041 3018 -1 3016 3042 3018 -1 3042 3016 3024 -1 3021 3003 3022 -1 3009 3043 3008 -1 3044 3028 3012 -1 3045 3038 3039 -1 3032 3046 3040 -1 3032 3033 3046 -1 3047 3046 3033 -1 3034 3047 3033 -1 3011 3043 3009 -1 3036 3043 3011 -1 3044 3036 3028 -1 3044 3012 3029 -1 3048 3029 3037 -1 3029 3013 3037 -1 3037 3045 3049 -1 3038 3045 3037 -1 3045 3039 3050 -1 3051 3050 3039 -1 3039 3040 3051 -1 3041 3042 3052 -1 3052 3053 3041 -1 3052 3042 3054 -1 3042 3024 3054 -1 3024 3035 3054 -1 3008 3043 3055 -1 3043 3036 3056 -1 3057 3036 3044 -1 3029 3048 3044 -1 3049 3048 3037 -1 3040 3058 3051 -1 3058 3040 3046 -1 3034 3059 3047 -1 2305 2326 3034 -1 3008 3055 3035 -1 3057 3056 3036 -1 3060 3044 3048 -1 3049 3060 3048 -1 3045 3061 3049 -1 3050 3061 3045 -1 3062 3046 3047 -1 2467 3059 3034 -1 3034 2326 2467 -1 3063 3053 3064 -1 3053 3052 3064 -1 3064 3052 3054 -1 3035 3065 3054 -1 3066 3056 3057 -1 3060 3057 3044 -1 3067 3060 3049 -1 3068 3069 3061 -1 3061 3069 3049 -1 3068 3061 3050 -1 3050 3051 3070 -1 3062 3058 3046 -1 3064 3054 3065 -1 3063 3064 3071 -1 3071 3064 3065 -1 3055 3065 3035 -1 3043 3072 3055 -1 3056 3066 3073 -1 3057 3060 3066 -1 3068 3050 3070 -1 3067 3049 3069 -1 3051 3074 3070 -1 3051 3058 3074 -1 3062 3047 3075 -1 3047 3059 3075 -1 3059 2467 2520 -1 3056 3072 3043 -1 3076 3058 3062 -1 3062 3075 3077 -1 3078 3071 3079 -1 3079 3071 3065 -1 3072 3056 3080 -1 3073 3080 3056 -1 3073 3066 3081 -1 3068 3082 3069 -1 3083 3067 3069 -1 3070 3074 3084 -1 3060 3081 3066 -1 3067 3081 3060 -1 3074 3058 3076 -1 3076 3062 3077 -1 3065 3055 3079 -1 3085 3086 3075 -1 3075 3059 3085 -1 3059 2520 3087 -1 3085 3059 3087 -1 3055 3072 3088 -1 3073 3089 3080 -1 3090 3081 3083 -1 3083 3081 3067 -1 3082 3083 3069 -1 3068 3070 3084 -1 3074 3076 3091 -1 3077 3075 3086 -1 3088 3079 3055 -1 3080 3088 3072 -1 3073 3081 3089 -1 3090 3089 3081 -1 3068 3084 3082 -1 3074 3092 3084 -1 3092 3074 3091 -1 3088 3093 3079 -1 3087 2520 2534 -1 3088 3080 3094 -1 3080 3089 3094 -1 3095 3096 3082 -1 3096 3090 3083 -1 3082 3096 3083 -1 3095 3082 3097 -1 3097 3082 3098 -1 3084 3098 3082 -1 3084 3092 3098 -1 3076 3077 3099 -1 3086 3085 3100 -1 3100 3085 3101 -1 3085 3087 3101 -1 3102 3097 3098 -1 3103 3091 3076 -1 3099 3077 3104 -1 3104 3077 3086 -1 3089 3105 3094 -1 3105 3089 3090 -1 3096 3105 3090 -1 3106 3096 3095 -1 3107 3106 3095 -1 3107 3097 3108 -1 3095 3097 3107 -1 3108 3097 3102 -1 3099 3109 3076 -1 3093 3094 3110 -1 3088 3094 3093 -1 3087 2534 2543 -1 3108 3102 3111 -1 3102 3098 3112 -1 3113 3112 3098 -1 3092 3113 3098 -1 3091 3103 3092 -1 3103 3076 3109 -1 3094 3105 3110 -1 2543 3101 3087 -1 3110 3105 3106 -1 3096 3106 3105 -1 3114 3106 3107 -1 3107 3108 3115 -1 3113 3092 3116 -1 3117 3103 3109 -1 3099 3104 3118 -1 3104 3086 3100 -1 3093 3110 3119 -1 3120 3114 3107 -1 3107 3115 3120 -1 3108 3111 3115 -1 3111 3102 3112 -1 3121 3111 3112 -1 3092 3103 3116 -1 3109 3099 3118 -1 3122 3110 3106 -1 2543 3123 3101 -1 3120 3115 3124 -1 3121 3115 3111 -1 3112 3113 3125 -1 3125 3113 3116 -1 3109 3118 3126 -1 3126 3118 3104 -1 3104 3100 3127 -1 3122 3106 3114 -1 3101 3127 3100 -1 3123 2543 3128 -1 2557 3128 2543 -1 3115 3121 3124 -1 3121 3112 3129 -1 3112 3125 3129 -1 3116 3103 3130 -1 3130 3103 3117 -1 3117 3109 3126 -1 3117 3126 3131 -1 3101 3123 3127 -1 3125 3132 3129 -1 3125 3116 3133 -1 3130 3133 3116 -1 3126 3104 3127 -1 3121 3129 3134 -1 3125 3133 3132 -1 3133 3130 3135 -1 3130 3117 3131 -1 3131 3126 3136 -1 3126 3127 3137 -1 3128 2557 2565 -1 3132 3133 3135 -1 3130 3131 3135 -1 3136 3126 3137 -1 3127 3123 3137 -1 3123 3128 3138 -1 3134 3129 3139 -1 3129 3132 3139 -1 3135 3131 3140 -1 3141 3142 3136 -1 3136 3137 3141 -1 3128 2565 3143 -1 3139 3132 3135 -1 3137 3123 3138 -1 3140 3131 3144 -1 3131 3136 3144 -1 3142 3144 3136 -1 3128 3143 3138 -1 3134 3139 3145 -1 3137 3138 3146 -1 3142 3141 3147 -1 2580 3143 2565 -1 3148 3139 3135 -1 3135 3140 3148 -1 3144 3149 3140 -1 3147 3141 3150 -1 3137 3146 3141 -1 3145 3139 3151 -1 3139 3148 3151 -1 3138 3152 3146 -1 3150 3141 3146 -1 3150 3146 3153 -1 3148 3140 3149 -1 3152 3138 3154 -1 3144 3142 3147 -1 3143 3154 3138 -1 3147 3150 3155 -1 3143 2580 2594 -1 2594 3154 3143 -1 3156 3151 3148 -1 3153 3155 3150 -1 3156 3148 3157 -1 3148 3149 3157 -1 3152 3153 3146 -1 3154 2594 2602 -1 3158 3153 3152 -1 3154 3159 3152 -1 3149 3144 3160 -1 3144 3147 3160 -1 3160 3147 3155 -1 3161 3149 3162 -1 3149 3160 3162 -1 3159 3154 3163 -1 2602 3163 3154 -1 3157 3149 3161 -1 3158 3164 3153 -1 3158 3152 3159 -1 3165 3157 3161 -1 3160 3155 3166 -1 3166 3155 3164 -1 3155 3153 3164 -1 3156 3157 3165 -1 3159 3167 3158 -1 3165 3161 3168 -1 3164 3158 3169 -1 3167 3169 3158 -1 3160 3166 3162 -1 3159 3163 3167 -1 3170 3164 3171 -1 3163 2602 2603 -1 3168 3161 3172 -1 3173 3172 3161 -1 3171 3164 3169 -1 3162 3173 3161 -1 3173 3162 3174 -1 3166 3174 3162 -1 3166 3164 3170 -1 3170 3174 3166 -1 3167 3163 3175 -1 2603 3175 3163 -1 2603 2616 3175 -1 3176 3172 3173 -1 3173 3174 3177 -1 3178 3179 3171 -1 3167 3178 3169 -1 3168 3172 3176 -1 3173 3177 3176 -1 3174 3170 3177 -1 3170 3179 3177 -1 3171 3179 3170 -1 3171 3169 3178 -1 3178 3167 3175 -1 2616 3180 3175 -1 3176 3177 3181 -1 3182 497 466 -1 466 478 3182 -1 441 3183 486 -1 441 497 3183 -1 487 457 3184 -1 479 3184 457 -1 3184 479 3185 -1 485 3185 479 -1 3185 485 493 -1 486 3186 471 -1 3186 498 471 -1 3182 478 3187 -1 3187 3188 3182 -1 487 3187 478 -1 474 498 1126 -1 3183 497 3189 -1 497 3182 3188 -1 3187 487 3184 -1 3185 493 530 -1 524 512 3190 -1 531 532 3191 -1 530 531 3192 -1 3193 540 536 -1 537 3193 536 -1 497 3188 3189 -1 524 3194 537 -1 3194 524 3195 -1 3190 3195 524 -1 3190 512 3196 -1 3197 512 513 -1 3196 512 3197 -1 1034 3198 513 -1 3185 530 3199 -1 3200 3185 3199 -1 3185 3200 3184 -1 3191 532 3201 -1 3191 3192 531 -1 532 533 3201 -1 3202 3193 537 -1 3183 3189 3203 -1 3194 3202 537 -1 3189 3188 3204 -1 3188 3187 3205 -1 3187 3184 3200 -1 3200 3205 3187 -1 530 3192 3199 -1 1126 498 3206 -1 538 3207 533 -1 3208 3191 3209 -1 3209 3201 3210 -1 3191 3201 3209 -1 3192 3191 3208 -1 3201 533 3207 -1 538 539 3211 -1 3211 539 541 -1 540 3193 541 -1 3212 541 3193 -1 3193 3202 3212 -1 3186 3206 498 -1 3208 3199 3192 -1 3204 3188 3213 -1 3188 3205 3213 -1 3200 3199 3214 -1 3211 3207 538 -1 3209 3210 3215 -1 3212 3201 3207 -1 3212 3207 3211 -1 3210 3201 3212 -1 3216 3210 3212 -1 3202 3216 3212 -1 3212 3211 541 -1 3217 3202 3194 -1 3218 3208 3215 -1 3199 3208 3218 -1 3199 3218 3214 -1 3200 3214 3219 -1 3220 3200 3219 -1 3205 3200 3220 -1 3215 3208 3209 -1 3216 3215 3210 -1 3217 3216 3202 -1 486 3183 3186 -1 3217 3195 3221 -1 3195 3217 3194 -1 3195 3190 3196 -1 3197 3222 3196 -1 3198 3222 3197 -1 513 3198 3197 -1 3206 3186 3223 -1 3183 3224 3186 -1 3224 3183 3203 -1 3215 3225 3218 -1 3203 3189 3204 -1 3204 3213 3226 -1 3225 3227 3218 -1 3214 3218 3227 -1 3219 3214 3227 -1 3225 3215 3216 -1 3225 3228 3227 -1 3228 3225 3216 -1 3216 3217 3228 -1 3203 3204 3229 -1 3227 3230 3219 -1 3219 3230 3220 -1 3221 3231 3217 -1 3221 3195 3222 -1 3196 3222 3195 -1 3221 3222 3232 -1 3222 3198 3233 -1 1034 3234 3198 -1 3235 3234 1034 -1 1046 3235 1034 -1 1208 1126 3206 -1 3224 3203 3236 -1 3223 3186 3224 -1 3204 3226 3229 -1 3237 3220 3230 -1 3230 3227 3228 -1 3228 3238 3237 -1 3230 3228 3237 -1 3213 3205 3239 -1 3220 3239 3205 -1 3239 3220 3237 -1 3217 3238 3228 -1 3231 3238 3217 -1 3226 3213 3240 -1 3213 3239 3240 -1 3238 3231 3241 -1 3241 3231 3242 -1 3242 3231 3221 -1 3242 3221 3232 -1 3233 3232 3222 -1 3243 3232 3233 -1 3234 3233 3198 -1 3244 3234 3235 -1 3245 3235 1046 -1 3245 1263 3246 -1 3235 3245 3246 -1 3244 3235 3246 -1 1047 3245 1046 -1 1263 3245 1047 -1 3240 3239 3237 -1 3237 3238 3247 -1 3247 3238 3241 -1 3206 3223 3248 -1 3226 3240 3249 -1 3240 3237 3250 -1 3247 3250 3237 -1 3247 3241 3251 -1 3242 3252 3251 -1 3241 3242 3251 -1 3232 3252 3242 -1 3253 3252 3232 -1 3229 3254 3203 -1 3206 3248 3255 -1 1208 3206 3255 -1 3229 3226 3256 -1 3256 3226 3249 -1 3249 3240 3250 -1 3223 3257 3248 -1 3223 3224 3257 -1 3258 1208 3255 -1 3258 1149 1208 -1 3250 3247 3259 -1 3257 3224 3236 -1 3251 3260 3247 -1 3251 3252 3260 -1 3260 3252 3261 -1 3253 3261 3252 -1 3232 3243 3253 -1 3262 3243 3233 -1 3234 3262 3233 -1 3263 3262 3234 -1 3243 3262 3264 -1 3264 3263 3265 -1 3262 3263 3264 -1 3244 3263 3234 -1 3266 3263 3244 -1 3246 3266 3244 -1 3263 3267 3265 -1 3266 3267 3263 -1 3265 3267 3268 -1 3267 3266 3246 -1 3269 3267 3246 -1 1263 3269 3246 -1 3267 3269 3268 -1 1290 3269 1263 -1 3270 3250 3259 -1 3247 3260 3271 -1 3255 3248 3272 -1 3203 3273 3236 -1 3203 3254 3274 -1 1210 1149 3258 -1 3259 3247 3271 -1 3249 3250 3275 -1 3260 3261 3276 -1 3261 3253 3277 -1 3243 3278 3253 -1 3255 3279 3258 -1 3203 3274 3273 -1 3256 3254 3229 -1 3256 3249 3275 -1 3275 3250 3270 -1 1295 1210 3258 -1 3272 3248 3280 -1 3257 3280 3248 -1 3275 3270 3281 -1 3282 3271 3260 -1 3276 3282 3260 -1 3277 3276 3261 -1 3268 3283 3284 -1 3285 3283 3268 -1 3286 3265 3284 -1 3284 3265 3268 -1 3285 3268 3269 -1 1290 3285 3269 -1 3287 3285 1284 -1 1284 3285 1290 -1 1284 1285 3287 -1 3253 3278 3277 -1 3288 3278 3243 -1 3264 3288 3243 -1 3264 3286 3289 -1 3288 3264 3289 -1 3265 3286 3264 -1 3257 3236 3280 -1 3290 3236 3273 -1 3256 3275 3281 -1 3255 3272 3279 -1 3280 3236 3290 -1 3254 3291 3274 -1 3281 3270 3292 -1 3292 3270 3293 -1 3270 3259 3293 -1 3293 3259 3294 -1 3259 3271 3294 -1 3271 3282 3294 -1 3294 3282 3295 -1 3287 1285 1326 -1 3283 3296 3284 -1 3297 3282 3276 -1 3296 3283 3285 -1 3276 3277 3297 -1 3296 3285 3287 -1 3296 3287 2658 -1 3272 3298 3279 -1 3297 3295 3282 -1 3299 1295 3258 -1 3273 3274 3300 -1 3291 3300 3274 -1 3254 3256 3291 -1 3301 3256 3281 -1 3281 3292 3302 -1 3303 3277 3304 -1 3304 3278 3305 -1 3306 3304 3305 -1 3289 3307 3288 -1 3307 3289 3308 -1 3289 3309 3308 -1 3286 3309 3289 -1 3309 3286 3284 -1 3297 3277 3303 -1 2658 3287 1338 -1 1326 1338 3287 -1 3304 3277 3278 -1 3305 3278 3288 -1 3288 3307 3305 -1 1345 1295 3299 -1 3310 3280 3290 -1 3300 3291 3311 -1 3293 3294 3312 -1 3312 3294 3295 -1 3272 3280 3310 -1 3281 3302 3301 -1 3313 3295 3314 -1 3295 3297 3314 -1 3315 3309 3284 -1 3296 3315 3284 -1 2658 3315 3296 -1 2657 3315 2658 -1 3303 3304 3306 -1 3298 3272 3316 -1 3317 3279 3298 -1 3290 3273 3318 -1 3273 3300 3318 -1 3291 3256 3319 -1 3292 3293 3302 -1 3297 3303 3314 -1 3258 3279 3317 -1 3319 3311 3291 -1 3301 3319 3256 -1 3302 3320 3301 -1 3302 3293 3321 -1 3321 3293 3312 -1 3295 3313 3312 -1 2687 3322 3309 -1 3309 3315 2687 -1 3303 3306 3323 -1 3305 3324 3306 -1 3305 3307 3324 -1 3324 3307 3308 -1 3324 3308 3325 -1 3325 3308 3322 -1 3308 3309 3322 -1 3272 3310 3316 -1 3299 3258 3317 -1 3326 3290 3318 -1 3311 3318 3300 -1 3310 3290 3326 -1 3318 3311 3327 -1 3328 3319 3301 -1 3302 3321 3320 -1 3329 3321 3312 -1 3329 3312 3313 -1 3314 3330 3313 -1 3303 3323 3314 -1 3325 3322 2707 -1 2660 2687 3315 -1 2660 3315 2657 -1 3323 3306 3331 -1 3331 3306 3332 -1 3319 3333 3311 -1 3330 3329 3313 -1 3334 3330 3314 -1 3314 3323 3334 -1 3316 3310 3335 -1 1372 1345 3299 -1 3328 3320 3336 -1 3301 3320 3328 -1 3320 3321 3336 -1 3330 3334 3329 -1 3323 3331 3337 -1 2686 3322 2687 -1 2707 3322 2686 -1 3332 3338 3331 -1 3324 3339 3306 -1 3306 3339 3332 -1 3325 3339 3324 -1 3339 3340 3341 -1 3325 3340 3339 -1 3340 3325 2707 -1 3298 3316 3342 -1 3317 3298 3342 -1 3328 3336 3343 -1 3321 3329 3336 -1 3334 3323 3337 -1 3342 3316 3335 -1 3326 3318 3344 -1 3345 3344 3318 -1 3318 3327 3345 -1 3311 3333 3327 -1 3319 3328 3346 -1 3336 3329 3347 -1 3329 3334 3348 -1 2706 3340 2707 -1 3338 3337 3331 -1 3338 3332 3349 -1 3339 3349 3332 -1 3347 3329 3350 -1 3329 3348 3350 -1 3335 3310 3326 -1 3346 3333 3319 -1 3336 3347 3343 -1 3334 3351 3348 -1 3351 3334 3337 -1 3352 3351 3337 -1 3349 2770 3353 -1 2770 3349 3341 -1 2724 2770 3341 -1 3337 3338 3352 -1 3352 3338 3354 -1 3354 3338 3349 -1 3340 2706 3341 -1 3341 2706 2724 -1 3341 3349 3339 -1 3327 3355 3345 -1 3343 3347 3356 -1 3350 3348 3357 -1 3357 3348 3351 -1 3351 3352 3358 -1 3359 3326 3344 -1 3327 3333 3360 -1 3361 3328 3343 -1 3351 3362 3357 -1 3351 3358 3362 -1 3363 3354 3364 -1 3352 3354 3363 -1 3364 3354 3349 -1 3349 3353 3364 -1 3342 3335 3365 -1 3335 3326 3366 -1 3360 3355 3327 -1 3360 3333 3367 -1 3346 3328 3361 -1 3350 3368 3347 -1 3357 3368 3350 -1 3369 3362 3358 -1 3366 3326 3359 -1 3299 3317 3370 -1 3345 3371 3344 -1 3343 3356 3361 -1 3347 3368 3356 -1 3356 3368 3372 -1 3368 3373 3372 -1 3362 3368 3357 -1 3373 3368 3362 -1 3373 3362 3369 -1 3358 3374 3369 -1 3363 3358 3352 -1 3364 2808 3363 -1 3363 2808 3375 -1 3364 3376 2808 -1 3364 3353 3376 -1 3353 2809 3376 -1 2771 3353 2770 -1 3365 3335 3366 -1 3299 3370 3377 -1 3342 3370 3317 -1 3346 3378 3333 -1 3358 3363 3379 -1 3379 3363 3380 -1 3370 3342 3381 -1 3345 3355 3382 -1 3360 3367 3355 -1 3367 3333 3378 -1 3361 3378 3346 -1 3361 3356 3383 -1 3369 3374 3373 -1 3358 3384 3374 -1 3380 3363 3375 -1 3375 2808 3385 -1 3376 2809 2808 -1 2771 2809 3353 -1 3342 3365 3381 -1 3372 3383 3356 -1 3373 3386 3372 -1 3373 3374 3386 -1 3365 3366 3387 -1 3359 3344 3371 -1 3345 3382 3371 -1 3355 3367 3388 -1 3378 3388 3367 -1 3374 3384 3386 -1 3384 3358 3379 -1 3379 3380 3389 -1 3375 3385 3390 -1 2807 3385 2808 -1 3381 3365 3391 -1 3391 3365 3387 -1 3359 3371 3392 -1 3382 3392 3371 -1 3386 3383 3372 -1 3386 3384 3393 -1 3375 3390 3380 -1 3366 3359 3394 -1 3378 3361 3395 -1 3383 3395 3361 -1 3379 3389 3384 -1 3390 3396 3380 -1 3397 3387 3394 -1 3387 3366 3394 -1 3382 3355 3398 -1 3395 3388 3378 -1 3383 3386 3399 -1 3384 3400 3393 -1 3389 3400 3384 -1 3400 3389 3380 -1 3396 3390 3401 -1 3385 2807 2927 -1 3392 3402 3359 -1 3398 3403 3382 -1 3355 3388 3398 -1 3388 3395 3404 -1 3386 3393 3399 -1 3390 3385 3405 -1 3405 3401 3390 -1 2927 3405 3385 -1 3406 3387 3397 -1 3395 3383 3407 -1 3408 3400 3380 -1 3396 3408 3380 -1 3405 2927 3409 -1 3359 3402 3394 -1 3391 3387 3406 -1 3392 3382 3403 -1 3388 3404 3398 -1 3399 3407 3383 -1 3399 3393 3410 -1 3393 3400 3411 -1 3412 3408 3396 -1 3396 3401 3412 -1 3401 3413 3412 -1 3405 3413 3401 -1 3409 2927 3014 -1 3414 3395 3407 -1 3410 3415 3399 -1 3410 3393 3411 -1 3400 3408 3416 -1 3416 3411 3400 -1 3408 3412 3416 -1 3409 3413 3405 -1 3391 3406 3417 -1 3397 3394 3402 -1 3403 3398 3418 -1 3395 3414 3404 -1 3415 3407 3399 -1 3413 3409 3419 -1 3030 3419 3409 -1 3409 3014 3030 -1 3411 3420 3410 -1 3416 3412 3421 -1 3412 3413 3421 -1 3413 3419 3421 -1 3417 3406 3422 -1 3406 3397 3423 -1 3423 3397 3402 -1 3407 3415 3424 -1 3411 3416 3420 -1 3419 3030 3425 -1 3041 3425 3030 -1 3392 3426 3402 -1 3403 3427 3392 -1 3403 3418 3427 -1 3398 3404 3428 -1 3404 3414 3429 -1 3414 3407 3424 -1 3415 3410 3430 -1 3416 3421 3431 -1 3432 3431 3421 -1 3421 3419 3432 -1 3425 3432 3419 -1 3425 3041 3053 -1 3406 3423 3422 -1 3426 3392 3433 -1 3428 3418 3398 -1 3410 3420 3430 -1 3420 3416 3431 -1 3425 3053 3432 -1 3402 3434 3423 -1 3392 3427 3433 -1 3424 3415 3435 -1 3430 3435 3415 -1 3432 3053 3063 -1 3433 3427 3436 -1 3429 3414 3437 -1 3420 3431 3438 -1 3431 3432 3439 -1 3432 3063 3440 -1 3440 3063 3071 -1 3414 3424 3437 -1 3431 3439 3438 -1 3432 3440 3439 -1 3424 3435 3437 -1 3438 3430 3420 -1 3438 3439 3441 -1 3440 3071 3442 -1 3443 3422 3423 -1 3444 3402 3426 -1 3429 3428 3404 -1 3429 3437 3445 -1 3439 3440 3441 -1 3434 3402 3444 -1 3436 3427 3418 -1 3430 3446 3435 -1 3441 3440 3442 -1 3442 3071 3078 -1 3443 3423 3434 -1 3437 3435 3447 -1 3448 3435 3446 -1 3438 3441 3449 -1 3450 3443 3434 -1 3435 3448 3447 -1 3430 3438 3446 -1 3446 3438 3449 -1 3451 3442 3078 -1 3436 3418 3452 -1 3428 3452 3418 -1 3428 3429 3453 -1 3078 3079 3454 -1 3436 3455 3433 -1 3429 3445 3456 -1 3445 3437 3447 -1 3449 3441 3457 -1 3442 3457 3441 -1 3457 3442 3451 -1 3078 3454 3451 -1 3434 3444 3458 -1 3452 3459 3436 -1 3448 3446 3460 -1 3446 3449 3460 -1 3449 3457 3461 -1 3457 3451 3462 -1 3093 3454 3079 -1 3450 3434 3458 -1 3463 3448 3460 -1 3460 3449 3461 -1 3451 3454 3464 -1 3465 3426 3433 -1 3433 3455 3465 -1 3455 3436 3459 -1 3453 3452 3428 -1 3456 3453 3429 -1 3445 3447 3456 -1 3447 3448 3463 -1 3462 3451 3464 -1 3454 3093 3119 -1 3444 3426 3466 -1 3467 3110 3122 -1 3464 3454 3468 -1 3467 3119 3110 -1 3114 3120 3469 -1 3120 3124 3469 -1 3455 3459 3470 -1 3454 3119 3468 -1 3114 3471 3122 -1 3471 3114 3469 -1 3456 3447 3472 -1 3466 3426 3465 -1 3468 3119 3473 -1 3467 3473 3119 -1 3467 3122 3474 -1 3474 3122 3475 -1 3471 3469 3476 -1 3471 3475 3122 -1 3477 3459 3452 -1 3478 3460 3461 -1 3461 3457 3479 -1 3479 3457 3462 -1 3458 3444 3480 -1 3473 3467 3474 -1 3476 3469 3481 -1 3469 3124 3481 -1 3121 3482 3124 -1 3465 3455 3483 -1 3455 3470 3483 -1 3453 3477 3452 -1 3472 3447 3463 -1 3479 3462 3484 -1 3464 3484 3462 -1 3484 3464 3468 -1 3485 3466 3465 -1 3472 3486 3456 -1 3124 3482 3481 -1 3463 3460 3487 -1 3479 3488 3461 -1 3473 3484 3468 -1 3489 3474 3475 -1 3490 3489 3475 -1 3471 3490 3475 -1 3471 3476 3490 -1 3491 3481 3492 -1 3476 3481 3491 -1 3481 3482 3493 -1 3493 3492 3481 -1 3134 3482 3121 -1 3477 3470 3459 -1 3458 3480 3494 -1 3495 3484 3473 -1 3496 3495 3473 -1 3474 3496 3473 -1 3496 3474 3489 -1 3490 3476 3497 -1 3476 3491 3497 -1 3134 3498 3482 -1 3453 3456 3486 -1 3486 3472 3499 -1 3487 3460 3478 -1 3500 3461 3488 -1 3478 3461 3500 -1 3488 3479 3501 -1 3484 3501 3479 -1 3495 3501 3484 -1 3495 3496 3502 -1 3502 3496 3489 -1 3489 3490 3503 -1 3503 3490 3497 -1 3472 3463 3499 -1 3466 3480 3444 -1 3504 3502 3489 -1 3503 3505 3489 -1 3491 3492 3506 -1 3492 3493 3506 -1 3507 3493 3508 -1 3493 3482 3508 -1 3498 3508 3482 -1 3498 3134 3145 -1 3499 3463 3487 -1 3509 3501 3495 -1 3502 3509 3495 -1 3510 3502 3504 -1 3509 3502 3510 -1 3505 3504 3489 -1 3505 3503 3511 -1 3503 3497 3511 -1 3497 3491 3512 -1 3506 3512 3491 -1 3506 3493 3513 -1 3507 3513 3493 -1 3485 3465 3483 -1 3470 3477 3514 -1 3486 3499 3515 -1 3487 3478 3516 -1 3501 3517 3488 -1 3485 3480 3466 -1 3510 3504 3518 -1 3518 3504 3519 -1 3504 3505 3519 -1 3519 3505 3520 -1 3520 3505 3511 -1 3511 3497 3521 -1 3521 3497 3512 -1 3522 3498 3145 -1 3477 3453 3486 -1 3516 3478 3500 -1 3509 3517 3501 -1 3523 3512 3506 -1 3506 3513 3524 -1 3507 3508 3525 -1 3526 3525 3508 -1 3508 3498 3526 -1 3522 3526 3498 -1 3499 3487 3527 -1 3517 3509 3528 -1 3480 3485 3529 -1 3510 3528 3509 -1 3523 3506 3524 -1 3524 3513 3507 -1 3522 3145 3151 -1 3487 3516 3527 -1 3488 3517 3500 -1 3517 3528 3530 -1 3529 3485 3531 -1 3485 3483 3531 -1 3520 3532 3519 -1 3520 3511 3533 -1 3524 3507 3534 -1 3534 3507 3525 -1 3470 3514 3483 -1 3477 3486 3514 -1 3515 3499 3527 -1 3535 3500 3517 -1 3494 3480 3536 -1 3528 3510 3537 -1 3529 3536 3480 -1 3537 3510 3518 -1 3518 3519 3532 -1 3526 3522 3538 -1 3522 3151 3538 -1 3514 3486 3515 -1 3530 3528 3539 -1 3528 3537 3539 -1 3537 3518 3540 -1 3532 3540 3518 -1 3532 3520 3533 -1 3511 3521 3533 -1 3541 3521 3512 -1 3524 3542 3523 -1 3524 3534 3542 -1 3525 3526 3543 -1 3543 3534 3525 -1 3483 3514 3544 -1 3527 3516 3545 -1 3516 3546 3545 -1 3516 3500 3535 -1 3517 3530 3535 -1 3539 3537 3547 -1 3540 3547 3537 -1 3521 3541 3533 -1 3542 3534 3548 -1 3549 3543 3526 -1 3549 3526 3538 -1 3538 3151 3550 -1 3550 3156 3551 -1 3151 3156 3550 -1 3539 3552 3530 -1 3539 3547 3553 -1 3540 3554 3547 -1 3532 3533 3555 -1 3523 3541 3512 -1 3542 3541 3523 -1 3548 3534 3543 -1 3544 3531 3483 -1 3556 3549 3538 -1 3551 3156 3165 -1 3530 3552 3535 -1 3553 3557 3552 -1 3552 3539 3553 -1 3529 3558 3536 -1 3548 3543 3559 -1 3543 3549 3559 -1 3560 3556 3538 -1 3538 3550 3560 -1 3551 3560 3550 -1 3544 3514 3561 -1 3561 3514 3562 -1 3563 3527 3545 -1 3546 3516 3535 -1 3557 3535 3552 -1 3557 3553 3564 -1 3553 3547 3565 -1 3547 3554 3565 -1 3554 3540 3566 -1 3540 3532 3555 -1 3566 3540 3555 -1 3533 3541 3555 -1 3548 3567 3542 -1 3562 3515 3563 -1 3527 3563 3515 -1 3546 3535 3557 -1 3564 3553 3565 -1 3568 3565 3554 -1 3541 3542 3567 -1 3559 3549 3556 -1 3560 3569 3556 -1 3531 3544 3570 -1 3165 3168 3551 -1 3514 3515 3562 -1 3546 3557 3571 -1 3557 3564 3571 -1 3554 3566 3572 -1 3572 3568 3554 -1 3566 3573 3572 -1 3555 3573 3566 -1 3555 3541 3574 -1 3559 3556 3575 -1 3556 3569 3575 -1 3576 3551 3168 -1 3577 3563 3545 -1 3545 3546 3578 -1 3579 3571 3564 -1 3564 3565 3579 -1 3580 3579 3565 -1 3568 3580 3565 -1 3548 3559 3581 -1 3559 3575 3581 -1 3576 3560 3551 -1 3576 3168 3582 -1 3578 3546 3571 -1 3583 3571 3579 -1 3584 3580 3568 -1 3568 3572 3584 -1 3531 3585 3529 -1 3573 3586 3572 -1 3567 3574 3541 -1 3567 3548 3581 -1 3582 3168 3176 -1 3583 3579 3587 -1 3579 3580 3587 -1 3586 3584 3572 -1 3558 3529 3585 -1 3588 3569 3589 -1 3560 3576 3569 -1 3531 3570 3585 -1 3570 3544 3590 -1 3590 3544 3561 -1 3578 3571 3591 -1 3571 3583 3591 -1 3555 3586 3573 -1 3592 3581 3593 -1 3575 3593 3581 -1 3575 3569 3588 -1 3589 3569 3576 -1 3582 3176 3594 -1 3176 3181 3594 -1 3562 3563 3595 -1 3563 3577 3595 -1 3545 3578 3596 -1 3591 3583 3597 -1 3585 3598 3558 -1 3567 3581 3599 -1 3581 3592 3599 -1 3588 3589 3600 -1 3582 3601 3576 -1 3562 3590 3561 -1 3545 3596 3577 -1 3597 3583 3602 -1 3583 3587 3602 -1 3587 3580 3602 -1 3584 3586 3603 -1 3586 3555 3604 -1 3555 3574 3604 -1 3574 3567 3599 -1 3593 3575 3588 -1 3600 3589 3605 -1 3589 3576 3605 -1 3605 3576 3601 -1 3582 3594 3601 -1 3590 3562 3606 -1 3577 3596 3607 -1 3591 3608 3578 -1 3598 3585 3609 -1 3580 3584 3603 -1 3603 3586 3610 -1 3586 3604 3610 -1 3599 3611 3574 -1 3601 3594 3612 -1 3562 3595 3613 -1 3577 3614 3595 -1 3614 3577 3607 -1 3578 3608 3596 -1 3608 3591 3615 -1 3591 3597 3615 -1 3602 3580 3603 -1 3604 3574 3611 -1 3599 3592 3616 -1 3606 3562 3613 -1 3588 3600 3593 -1 3613 3595 3617 -1 3617 3595 3614 -1 3618 3597 3602 -1 3602 3603 3619 -1 3603 3610 3619 -1 3620 3592 3593 -1 3600 3605 3621 -1 3605 3601 3622 -1 3601 3612 3622 -1 3570 3590 3623 -1 3590 3606 3623 -1 3614 3607 3624 -1 3615 3597 3618 -1 3602 3619 3625 -1 3626 3598 3609 -1 3609 3585 3627 -1 3611 3599 3616 -1 3620 3616 3592 -1 3585 3570 3627 -1 3620 3600 3621 -1 3593 3600 3620 -1 3613 3628 3606 -1 3617 3614 3624 -1 3596 3629 3607 -1 3608 3629 3596 -1 3629 3608 3630 -1 3615 3630 3608 -1 3602 3625 3618 -1 3627 3631 3609 -1 3610 3604 3632 -1 3632 3604 3611 -1 3620 3633 3616 -1 3613 3617 3628 -1 3607 3634 3624 -1 3626 3609 3631 -1 3635 3619 3610 -1 3632 3611 3636 -1 3627 3570 3623 -1 3630 3615 3618 -1 3618 3625 3637 -1 3625 3619 3635 -1 3635 3610 3638 -1 3636 3611 3616 -1 3621 3633 3620 -1 3628 3617 3639 -1 3607 3629 3634 -1 3629 3630 3640 -1 3638 3610 3632 -1 3617 3624 3639 -1 3624 3634 3641 -1 3634 3629 3642 -1 3629 3640 3642 -1 3640 3630 3643 -1 3630 3618 3643 -1 3625 3635 3637 -1 3636 3616 3633 -1 3639 3624 3641 -1 3634 3644 3641 -1 3634 3642 3644 -1 3639 3645 3628 -1 3642 3646 3644 -1 3643 3637 3647 -1 3618 3637 3643 -1 3637 3635 3648 -1 3623 3606 3649 -1 3606 3628 3649 -1 3642 3640 3650 -1 3638 3632 3651 -1 3651 3632 3636 -1 3627 3623 3649 -1 3628 3645 3652 -1 3653 3641 3644 -1 3642 3650 3646 -1 3654 3650 3640 -1 3643 3654 3640 -1 3654 3643 3647 -1 3635 3638 3648 -1 3627 3649 3655 -1 3628 3652 3649 -1 3641 3656 3639 -1 3641 3653 3656 -1 3657 3637 3648 -1 3638 3658 3648 -1 3627 3655 3631 -1 3645 3639 3656 -1 3644 3646 3653 -1 3654 3647 3659 -1 3647 3637 3657 -1 3658 3638 3651 -1 3652 3645 3660 -1 3655 3649 3652 -1 3645 3656 3660 -1 3657 3648 3658 -1 3661 3646 3650 -1 3661 3653 3646 -1 3661 3650 3654 -1 3661 3654 3659 -1 3652 3662 3655 -1 3662 3663 3655 -1 3662 3652 3660 -1 3656 3653 3664 -1 3660 3656 3664 -1 3660 3665 3662 -1 3666 1453 1473 -1 3667 1473 1452 -1 1462 3668 1461 -1 3667 1452 1469 -1 1468 3669 1458 -1 3669 3670 1458 -1 1465 1458 3670 -1 1453 3666 1470 -1 1461 3668 2390 -1 3670 3671 1465 -1 3671 1469 1465 -1 1470 3666 3672 -1 3672 3673 1470 -1 1470 3673 1462 -1 3667 1469 3674 -1 3675 1473 3667 -1 3666 1473 3675 -1 3675 3672 3666 -1 1467 1474 3676 -1 1467 3676 1468 -1 1462 3673 3677 -1 1477 3678 1480 -1 1469 3671 3679 -1 3668 1462 3677 -1 1477 1479 3678 -1 1475 1480 3680 -1 1474 1475 3680 -1 3681 3669 1468 -1 3674 3675 3667 -1 3679 3671 3682 -1 1469 3679 3674 -1 3675 3674 3683 -1 3675 3684 3672 -1 3673 3672 3684 -1 3685 1474 3686 -1 3676 1474 3685 -1 3681 1468 3676 -1 3671 3670 3682 -1 3684 3675 3687 -1 3688 3689 3677 -1 3668 3677 3689 -1 2390 3668 2509 -1 3678 1479 1484 -1 3680 3686 1474 -1 3670 3669 3690 -1 3683 3687 3675 -1 3673 3684 3691 -1 3673 3691 3677 -1 2509 3668 3689 -1 1480 3678 3692 -1 1480 3692 3680 -1 3690 3682 3670 -1 3689 3688 3693 -1 3678 1484 3694 -1 3686 3680 3695 -1 3685 3686 3696 -1 3681 3676 3685 -1 3674 3697 3683 -1 3688 3677 3691 -1 2509 3689 3698 -1 2525 2509 3698 -1 3699 3694 1484 -1 3695 3680 3692 -1 3690 3669 3681 -1 3674 3679 3700 -1 3701 3697 3674 -1 3687 3683 3702 -1 1484 1485 3699 -1 3703 3678 3694 -1 3692 3678 3703 -1 3686 3695 3696 -1 3682 3700 3679 -1 3700 3701 3674 -1 3683 3697 3702 -1 3684 3704 3691 -1 3693 3688 3705 -1 2525 3698 2548 -1 3706 3681 3685 -1 3690 3700 3682 -1 3684 3687 3702 -1 3691 3705 3688 -1 3693 3698 3689 -1 3696 3695 3707 -1 3690 3681 3706 -1 3698 3693 3708 -1 3694 3699 3709 -1 3703 3694 3709 -1 3702 3704 3684 -1 2548 3698 2556 -1 3710 3692 3703 -1 3695 3692 3710 -1 3685 3696 3711 -1 3711 3706 3685 -1 3701 3712 3697 -1 3704 3702 3713 -1 3693 3705 3714 -1 3693 3714 3708 -1 3708 2556 3698 -1 2555 2556 3715 -1 3702 3697 3713 -1 3705 3691 3716 -1 3710 3717 3695 -1 3695 3717 3707 -1 3701 3700 3718 -1 3718 3700 3690 -1 3712 3713 3697 -1 3691 3704 3716 -1 3716 3704 3719 -1 3708 3714 3720 -1 3721 2556 3708 -1 3715 2573 2555 -1 3709 3722 3703 -1 3710 3703 3722 -1 3723 3713 3712 -1 3705 3716 3724 -1 3724 3714 3705 -1 3720 3714 3725 -1 2556 3721 3715 -1 3720 3721 3708 -1 3709 3699 3726 -1 3722 3709 3726 -1 3706 3727 3690 -1 3718 3712 3701 -1 3713 3719 3704 -1 3721 3728 3715 -1 3699 3729 3726 -1 3730 3722 3726 -1 3710 3722 3731 -1 3707 3732 3696 -1 3711 3696 3732 -1 3727 3718 3690 -1 3723 3712 3733 -1 3713 3723 3719 -1 2568 2576 3734 -1 3719 3735 3716 -1 3724 3725 3714 -1 3721 3720 3728 -1 3711 3727 3706 -1 3718 3733 3712 -1 3736 2568 3734 -1 2578 2568 3736 -1 2576 2573 3737 -1 3730 3731 3722 -1 3728 3720 3738 -1 3738 3720 3725 -1 2573 3728 3739 -1 3715 3728 2573 -1 3736 2585 2578 -1 3736 3734 3740 -1 2585 3736 3741 -1 3737 3734 2576 -1 3735 3724 3716 -1 3725 3724 3742 -1 2585 3741 2589 -1 3740 3743 3736 -1 3736 3743 3741 -1 3737 3740 3734 -1 3744 3737 2573 -1 3739 3744 2573 -1 3745 3728 3738 -1 3738 3725 3742 -1 3745 3739 3728 -1 3732 3746 3711 -1 3727 3711 3746 -1 2589 3741 3747 -1 3723 3733 3748 -1 3735 3719 3749 -1 3743 3750 3741 -1 3740 3737 3744 -1 3744 3739 3751 -1 3730 3726 3729 -1 3735 3752 3724 -1 3752 3742 3724 -1 3710 3753 3717 -1 3717 3732 3707 -1 3718 3727 3754 -1 2589 3747 2596 -1 3733 3718 3754 -1 3719 3723 3748 -1 3749 3719 3748 -1 3755 3743 3756 -1 3740 3756 3743 -1 3750 3743 3755 -1 3731 3757 3710 -1 3742 3752 3758 -1 3759 3738 3742 -1 3739 3745 3751 -1 3746 3760 3727 -1 3754 3727 3760 -1 3741 3750 3747 -1 3740 3744 3756 -1 3729 3761 3730 -1 3730 3762 3731 -1 3738 3759 3745 -1 3732 3717 3753 -1 3746 3732 3763 -1 3747 3750 3764 -1 3754 3765 3733 -1 3765 3748 3733 -1 3766 3755 3767 -1 3750 3755 3766 -1 3755 3756 3767 -1 3767 3756 3768 -1 3764 3750 3766 -1 3744 3768 3756 -1 3759 3742 3758 -1 3762 3757 3731 -1 3753 3710 3757 -1 3751 3745 3769 -1 3770 2595 2596 -1 3747 3764 2596 -1 3768 3744 3771 -1 3751 3771 3744 -1 3771 3751 3769 -1 3766 3767 3772 -1 3772 3767 3773 -1 3767 3768 3773 -1 3730 3761 3774 -1 3745 3759 3769 -1 3753 3775 3732 -1 2595 3770 2606 -1 2596 3764 3776 -1 3777 3735 3749 -1 3778 3768 3771 -1 3773 3768 3779 -1 3764 3766 3780 -1 3779 3768 3778 -1 3758 3752 3781 -1 3775 3753 3782 -1 3763 3732 3775 -1 3746 3763 3760 -1 2596 3776 3770 -1 3760 3783 3754 -1 3784 3748 3765 -1 3735 3777 3752 -1 3772 3780 3766 -1 3779 3785 3773 -1 3772 3773 3785 -1 3761 3786 3787 -1 3774 3761 3787 -1 3762 3730 3774 -1 3757 3782 3753 -1 3780 3776 3764 -1 3777 3781 3752 -1 3769 3759 3788 -1 3771 3788 3778 -1 3769 3788 3771 -1 3772 3785 3789 -1 3779 3778 3790 -1 2606 3770 3791 -1 2609 2606 3791 -1 3784 3792 3748 -1 3748 3792 3749 -1 3772 3789 3780 -1 3785 3779 3793 -1 3794 3776 3780 -1 3779 3790 3795 -1 3793 3779 3795 -1 3757 3762 3796 -1 3758 3788 3759 -1 3791 3770 3776 -1 3784 3765 3754 -1 3749 3797 3777 -1 3778 3788 3798 -1 3780 3789 3794 -1 3762 3774 3796 -1 3758 3781 3788 -1 3783 3760 3799 -1 3800 2609 3791 -1 3754 3783 3784 -1 3790 3778 3798 -1 3788 3781 3801 -1 3757 3796 3802 -1 3782 3757 3802 -1 3803 3775 3782 -1 3763 3775 3803 -1 2607 2609 3800 -1 3799 3760 3763 -1 3781 3804 3801 -1 3797 3781 3777 -1 3798 3788 3801 -1 3785 3793 3805 -1 3789 3785 3805 -1 3806 3774 3787 -1 3776 3794 3807 -1 2607 3800 2618 -1 3791 3808 3800 -1 3792 3797 3749 -1 3790 3798 3809 -1 3809 3810 3790 -1 3794 3789 3811 -1 3807 3794 3811 -1 3807 3812 3776 -1 3789 3805 3811 -1 3774 3806 3796 -1 3795 3790 3810 -1 3796 3813 3802 -1 3791 3776 3808 -1 2618 3800 3814 -1 3784 3783 3815 -1 3781 3797 3816 -1 3781 3816 3804 -1 3811 3817 3818 -1 3811 3805 3817 -1 3817 3793 3795 -1 3805 3793 3817 -1 3806 3787 3819 -1 3795 3810 3820 -1 3763 3803 3799 -1 3784 3815 3792 -1 3812 3808 3776 -1 3798 3801 3821 -1 3798 3821 3809 -1 3822 3810 3809 -1 3820 3810 3822 -1 3817 3795 3820 -1 3802 3803 3782 -1 3783 3799 3823 -1 3824 2618 3814 -1 3822 3809 3821 -1 3817 3820 3818 -1 3811 3818 3825 -1 3807 3811 3825 -1 3796 3806 3826 -1 3827 3803 3802 -1 3808 3828 3800 -1 3814 3800 3828 -1 3797 3792 3829 -1 3821 3830 3822 -1 3831 3822 3830 -1 3818 3820 3832 -1 3826 3806 3819 -1 3825 3833 3807 -1 3813 3796 3826 -1 3812 3807 3833 -1 3802 3813 3834 -1 3799 3835 3823 -1 3815 3783 3823 -1 3792 3815 3836 -1 3797 3829 3816 -1 3804 3816 3837 -1 3801 3804 3838 -1 3831 3820 3822 -1 3821 3801 3839 -1 3818 3840 3825 -1 3818 3832 3840 -1 3835 3799 3803 -1 3829 3792 3836 -1 3804 3837 3838 -1 3820 3831 3832 -1 3821 3839 3830 -1 3839 3801 3841 -1 3808 3812 3842 -1 3828 3808 3842 -1 3827 3802 3834 -1 3843 3815 3823 -1 3831 3830 3844 -1 3845 3830 3839 -1 3813 3826 3846 -1 3813 3846 3834 -1 3835 3803 3827 -1 3812 3833 3842 -1 3842 3847 3828 -1 3801 3838 3841 -1 3831 3844 3848 -1 3830 3845 3844 -1 3840 3832 3848 -1 3831 3848 3832 -1 3849 3819 3850 -1 3851 3841 3838 -1 3836 3815 3843 -1 3837 3816 3852 -1 3829 3852 3816 -1 3844 3845 3853 -1 3849 3850 3854 -1 3825 3840 3855 -1 3819 3849 3826 -1 3833 3825 3855 -1 3856 3834 3846 -1 3823 3835 3857 -1 3829 3836 3852 -1 3851 3838 3837 -1 3858 3840 3848 -1 3845 3839 3841 -1 3848 3844 3853 -1 3855 3840 3859 -1 3826 3849 3860 -1 3856 3846 3861 -1 3827 3834 3856 -1 3862 3857 3835 -1 3843 3823 3857 -1 3851 3837 3863 -1 3853 3864 3848 -1 3858 3848 3864 -1 3859 3840 3858 -1 3865 3849 3854 -1 3846 3826 3866 -1 3845 3841 3851 -1 3843 3867 3836 -1 3852 3836 3867 -1 3860 3866 3826 -1 3861 3846 3866 -1 3827 3856 3868 -1 3827 3862 3835 -1 3833 3869 3842 -1 3870 3843 3857 -1 3845 3851 3871 -1 3867 3843 3870 -1 3837 3852 3872 -1 3864 3873 3858 -1 3853 3845 3874 -1 3860 3849 3865 -1 3862 3827 3868 -1 3869 3833 3855 -1 3875 3842 3869 -1 3851 3863 3876 -1 3864 3853 3874 -1 3859 3858 3873 -1 3845 3871 3874 -1 3860 3865 3877 -1 3862 3868 3878 -1 3872 3852 3867 -1 3837 3872 3863 -1 3873 3879 3859 -1 3855 3859 3880 -1 3866 3881 3861 -1 3868 3856 3882 -1 3878 3868 3883 -1 3870 3857 3862 -1 3869 3855 3880 -1 3864 3874 3873 -1 3866 3860 3881 -1 3882 3861 3881 -1 3856 3861 3882 -1 3883 3868 3882 -1 3879 3873 3884 -1 3873 3874 3884 -1 3860 3877 3885 -1 3859 3879 3880 -1 3870 3862 3878 -1 3863 3872 3886 -1 3851 3876 3871 -1 3887 3867 3870 -1 3884 3874 3888 -1 3877 3889 3885 -1 3890 3860 3885 -1 3860 3890 3881 -1 3876 3863 3886 -1 3876 3891 3871 -1 3887 3892 3867 -1 3874 3871 3888 -1 3879 3884 3893 -1 3880 3879 3893 -1 3878 3894 3870 -1 3891 3876 3895 -1 3894 3887 3870 -1 3872 3867 3892 -1 3888 3871 3891 -1 3890 3885 3889 -1 3892 3886 3872 -1 3883 3882 3896 -1 3894 3878 3883 -1 3886 3892 3897 -1 3887 3894 3898 -1 3888 3891 3899 -1 3884 3900 3893 -1 3882 3881 3896 -1 3892 3887 3898 -1 3876 3886 3895 -1 3895 3886 3897 -1 3891 3895 3901 -1 3899 3891 3901 -1 3894 3883 3902 -1 3897 3892 3903 -1 3890 3889 3904 -1 3905 3896 3906 -1 3883 3896 3905 -1 3884 3888 3900 -1 3896 3881 3907 -1 3902 3883 3905 -1 3894 3902 3898 -1 3903 3892 3908 -1 3898 3908 3892 -1 3909 3900 3888 -1 3890 3907 3881 -1 3902 3910 3898 -1 3890 3904 3911 -1 3895 3897 3912 -1 3901 3895 3912 -1 3907 3890 3911 -1 3907 3906 3896 -1 3910 3902 3913 -1 3909 3888 3914 -1 3908 3898 3910 -1 3912 3897 3903 -1 3899 3901 3915 -1 3902 3905 3913 -1 3916 3903 3908 -1 3888 3899 3914 -1 3917 3913 3905 -1 3905 3906 3917 -1 3908 3910 3916 -1 3906 3907 3918 -1 3903 3916 3919 -1 3915 3912 3920 -1 3901 3912 3915 -1 3899 3915 3914 -1 3912 3903 3919 -1 3907 3911 3918 -1 3912 3919 3920 -1 3921 3913 3917 -1 3910 3913 3921 -1 3918 3911 3922 -1 3916 3910 3923 -1 3924 3906 3918 -1 3906 3924 3917 -1 3914 3915 3925 -1 3909 3914 3925 -1 3911 3926 3922 -1 3921 3927 3910 -1 3923 3910 3927 -1 3924 3918 3922 -1 3919 3916 3923 -1 3928 3921 3917 -1 3915 3920 3929 -1 3926 3930 3922 -1 3924 3928 3917 -1 3922 3930 3931 -1 3924 3922 3931 -1 3927 3921 3928 -1 3919 3923 3932 -1 3929 3925 3915 -1 3931 3930 3933 -1 3934 3924 3931 -1 3934 3928 3924 -1 3920 3919 3932 -1 3932 3929 3920 -1 3935 3927 3928 -1 3935 3928 3934 -1 3927 3936 3923 -1 3936 3932 3923 -1 3929 3932 3937 -1 3938 3931 3933 -1 3939 3931 3938 -1 3934 3931 3939 -1 3936 3927 3940 -1 3935 3940 3927 -1 3932 3936 3941 -1 3941 3937 3932 -1 3942 3934 3939 -1 3935 3934 3942 -1 3939 3938 3943 -1 3942 3940 3935 -1 3944 1373 1372 -1 3944 1387 1373 -1 3944 1372 3945 -1 3299 3945 1372 -1 1417 1387 3944 -1 1417 3944 3946 -1 3299 3377 3945 -1 3946 3947 1417 -1 1431 1417 3947 -1 3948 3944 3945 -1 3947 3946 3949 -1 3946 3944 3949 -1 3949 3944 3948 -1 3945 3377 3950 -1 3370 3951 3377 -1 3948 3945 3950 -1 3381 3951 3370 -1 1449 1431 3952 -1 3948 3950 3953 -1 3949 3948 3954 -1 3951 3381 3955 -1 3955 3381 3391 -1 3377 3951 3956 -1 3949 3957 3947 -1 3377 3956 3950 -1 1431 3947 3952 -1 3954 3948 3953 -1 3951 3958 3956 -1 3954 3957 3949 -1 1460 1459 3959 -1 1460 3960 1456 -1 1466 1456 3960 -1 3391 3417 3955 -1 3952 3947 3957 -1 3952 3961 1449 -1 3961 3959 1449 -1 1449 3959 1459 -1 3954 3953 3962 -1 3954 3963 3957 -1 3964 3961 3952 -1 3964 3952 3963 -1 3957 3963 3952 -1 3950 3956 3965 -1 3953 3950 3965 -1 3966 3955 3417 -1 3958 3955 3966 -1 3951 3955 3958 -1 3967 3956 3958 -1 3954 3962 3968 -1 3963 3954 3968 -1 3959 3961 3969 -1 3964 3963 3970 -1 3953 3965 3971 -1 3971 3962 3953 -1 3966 3417 3422 -1 3970 3963 3968 -1 3972 3969 3961 -1 3969 1460 3959 -1 3965 3956 3967 -1 3958 3966 3973 -1 3973 3967 3958 -1 3964 3972 3961 -1 3960 1460 3974 -1 3966 3422 3443 -1 3969 3974 1460 -1 3975 1466 3960 -1 1481 1466 3975 -1 3971 3965 3976 -1 3964 3970 3977 -1 3964 3977 3972 -1 3975 3960 3974 -1 3965 3967 3976 -1 3443 3978 3966 -1 3973 3966 3978 -1 3979 3962 3971 -1 1481 3975 3980 -1 3967 3973 3981 -1 3976 3967 3981 -1 3971 3976 3979 -1 3978 3443 3982 -1 3443 3450 3982 -1 3968 3977 3970 -1 3974 3969 3983 -1 3980 3975 3974 -1 1485 1483 3984 -1 3985 3968 3962 -1 3985 3977 3968 -1 3986 3987 3977 -1 3972 3977 3987 -1 3969 3972 3987 -1 3983 3969 3987 -1 3980 3974 3988 -1 3976 3989 3979 -1 1481 3980 3984 -1 1481 3984 1483 -1 3973 3978 3981 -1 3990 3985 3962 -1 3962 3979 3990 -1 3977 3985 3986 -1 3976 3981 3991 -1 3974 3983 3992 -1 3988 3974 3992 -1 3984 3980 3988 -1 3990 3979 3993 -1 3993 3979 3989 -1 3984 3988 3994 -1 3982 3450 3995 -1 3985 3996 3986 -1 3997 3987 3986 -1 3983 3987 3997 -1 3998 3992 3983 -1 3981 3999 3991 -1 3989 3976 4000 -1 3991 4000 3976 -1 4001 3988 3992 -1 4002 3984 3994 -1 3982 4003 3978 -1 3986 3996 3997 -1 3983 3997 4004 -1 3998 3983 4004 -1 3993 4005 3990 -1 4003 4006 3978 -1 3999 3978 4006 -1 3981 3978 3999 -1 4007 3997 3996 -1 4005 3993 4008 -1 4009 3984 4002 -1 1485 3984 4009 -1 3995 3450 3458 -1 4009 3699 1485 -1 3985 3990 4005 -1 3985 4010 3996 -1 4000 3991 4011 -1 3993 3989 4012 -1 3994 3988 4001 -1 3995 4003 3982 -1 3985 4005 4010 -1 3992 3998 4001 -1 4012 3989 4000 -1 3994 4001 4013 -1 3996 4010 4007 -1 4004 3997 4014 -1 4011 3991 3999 -1 4008 3993 4012 -1 4007 4015 3997 -1 4016 3998 4004 -1 4001 3998 4016 -1 3458 4017 3995 -1 4009 3729 3699 -1 4014 3997 4015 -1 4001 4016 4013 -1 4000 4011 4012 -1 4003 4018 4006 -1 4003 3995 4017 -1 4018 4003 4017 -1 4010 4005 4019 -1 4016 4004 4014 -1 3999 4020 4011 -1 4008 4021 4005 -1 4013 4022 3994 -1 4002 3994 4022 -1 4023 4002 4022 -1 4009 4002 4023 -1 4017 3458 3494 -1 4010 4019 4024 -1 4007 4010 4024 -1 4019 4005 4021 -1 4011 4025 4012 -1 4015 4007 4026 -1 4008 4012 4027 -1 4027 4021 4008 -1 4006 4028 3999 -1 4023 3729 4009 -1 4020 3999 4028 -1 4013 4016 4029 -1 4020 4025 4011 -1 4006 4018 4030 -1 4012 4025 4027 -1 4028 4006 4030 -1 3729 4023 4031 -1 4032 4019 4021 -1 4014 4015 4033 -1 4033 4016 4014 -1 4028 4034 4020 -1 4022 4013 4035 -1 3761 3729 4031 -1 4036 4018 4017 -1 4024 4019 4037 -1 4024 4026 4007 -1 4026 4033 4015 -1 4033 4029 4016 -1 4038 4020 4034 -1 4025 4020 4038 -1 4023 4022 4035 -1 4029 4035 4013 -1 4027 4025 4039 -1 4021 4027 4032 -1 4023 4040 4031 -1 4030 4018 4041 -1 3761 4031 3786 -1 4037 4019 4042 -1 4019 4032 4042 -1 4029 4033 4043 -1 4038 4039 4025 -1 4027 4039 4032 -1 4018 4036 4041 -1 4034 4028 4030 -1 4017 3494 4044 -1 3536 4044 3494 -1 4033 4026 4045 -1 4035 4040 4023 -1 4044 4036 4017 -1 4045 4043 4033 -1 4043 4046 4029 -1 4035 4029 4046 -1 4046 4047 4035 -1 4032 4039 4048 -1 4040 4035 4047 -1 4030 4049 4034 -1 4024 4037 4050 -1 4045 4024 4050 -1 4026 4024 4045 -1 4042 4032 4048 -1 4031 4040 4051 -1 4051 3786 4031 -1 4042 4052 4037 -1 4050 4037 4052 -1 4053 4046 4043 -1 4030 4041 4049 -1 4050 4052 4054 -1 4038 4048 4039 -1 4047 4055 4040 -1 3786 4051 4056 -1 3787 3786 4056 -1 4044 3536 3558 -1 4050 4054 4057 -1 4042 4048 4058 -1 4045 4050 4057 -1 4043 4045 4059 -1 4059 4053 4043 -1 4053 4060 4046 -1 4060 4047 4046 -1 4055 4051 4040 -1 3819 3787 4056 -1 4054 4052 4061 -1 4042 4058 4052 -1 4057 4059 4045 -1 4062 4034 4049 -1 4055 4047 4063 -1 4044 3558 4064 -1 4065 4060 4053 -1 4034 4062 4038 -1 4066 4048 4038 -1 4066 4058 4048 -1 4041 4067 4049 -1 4041 4068 4067 -1 4036 4044 4064 -1 4062 4049 4067 -1 4061 4052 4058 -1 4069 4060 4070 -1 4047 4060 4069 -1 4069 4063 4047 -1 4071 4056 4051 -1 4036 4064 4072 -1 4061 4058 4073 -1 4057 4074 4059 -1 4053 4059 4075 -1 4058 4066 4076 -1 4066 4038 4077 -1 4041 4036 4072 -1 4051 4055 4071 -1 3850 3819 4056 -1 4075 4059 4074 -1 4065 4053 4075 -1 4065 4070 4060 -1 4038 4062 4077 -1 4068 4078 4067 -1 4041 4072 4068 -1 4062 4067 4078 -1 4073 4079 4061 -1 4063 4071 4055 -1 3850 4056 4071 -1 4054 4061 4079 -1 4054 4080 4057 -1 3558 3598 4064 -1 4081 4062 4078 -1 4080 4054 4079 -1 4058 4076 4073 -1 4077 4062 4081 -1 4082 4073 4076 -1 4073 4083 4079 -1 4073 4082 4083 -1 4084 4079 4083 -1 4080 4079 4084 -1 4074 4057 4080 -1 4065 4075 4085 -1 4086 4070 4065 -1 4069 4070 4086 -1 4078 4068 4087 -1 4088 4063 4089 -1 4071 4063 4088 -1 4081 4078 4090 -1 4091 4077 4081 -1 4066 4077 4091 -1 4076 4066 4091 -1 4089 4063 4069 -1 4068 4072 4087 -1 3598 4092 4064 -1 3626 4092 3598 -1 4075 4074 4093 -1 4093 4085 4075 -1 4065 4094 4086 -1 4092 4072 4064 -1 3850 4071 4095 -1 3850 4095 3854 -1 4087 4090 4078 -1 4065 4085 4094 -1 4091 4081 4096 -1 4089 4069 4086 -1 4097 4087 4072 -1 4082 4076 4098 -1 4099 4082 4100 -1 4083 4082 4099 -1 4099 4084 4083 -1 4101 4084 4099 -1 4080 4084 4101 -1 4074 4080 4093 -1 4081 4090 4096 -1 4071 4088 4095 -1 4098 4076 4091 -1 4080 4101 4093 -1 4086 4102 4089 -1 4095 4088 4103 -1 3854 4095 4104 -1 4090 4087 4105 -1 4106 4096 4090 -1 4072 4092 4097 -1 4092 3626 4107 -1 4104 4095 4103 -1 3865 3854 4104 -1 4105 4106 4090 -1 4082 4098 4100 -1 4100 4108 4099 -1 4109 4094 4085 -1 4096 4110 4091 -1 4086 4094 4111 -1 4102 4086 4111 -1 4102 4103 4089 -1 4088 4089 4103 -1 4097 4092 4107 -1 4100 4098 4112 -1 4101 4099 4108 -1 4109 4113 4094 -1 4111 4094 4113 -1 4091 4110 4098 -1 4108 4093 4101 -1 4109 4085 4093 -1 4107 3626 4114 -1 4104 4103 4115 -1 3877 3865 4104 -1 4106 4110 4096 -1 4108 4100 4112 -1 4102 4111 4116 -1 3631 4114 3626 -1 4097 4117 4087 -1 4118 4098 4119 -1 4119 4098 4110 -1 4112 4098 4118 -1 4113 4109 4120 -1 4111 4113 4120 -1 4097 4107 4121 -1 4105 4087 4117 -1 4122 4104 4115 -1 3877 4104 4122 -1 4108 4112 4123 -1 4108 4124 4093 -1 4109 4093 4124 -1 4120 4109 4124 -1 4125 4116 4111 -1 4102 4116 4103 -1 4116 4115 4103 -1 4106 4105 4126 -1 4119 4110 4106 -1 4118 4127 4112 -1 4124 4128 4120 -1 3631 3655 4114 -1 4107 4114 4121 -1 4121 4114 4129 -1 4115 4116 4130 -1 4126 4105 4117 -1 4117 4097 4121 -1 4124 4108 4123 -1 4120 4125 4111 -1 4117 4121 4131 -1 4123 4132 4124 -1 4128 4124 4133 -1 4114 3655 3663 -1 4121 4129 4131 -1 4119 4106 4134 -1 4134 4118 4119 -1 4135 4118 4134 -1 4133 4124 4132 -1 4128 4125 4120 -1 4116 4125 4130 -1 4127 4123 4112 -1 4115 4136 4122 -1 3889 3877 4122 -1 4114 3663 4137 -1 4129 4137 4138 -1 4129 4114 4137 -1 4130 4125 4139 -1 4115 4130 4136 -1 4134 4126 4140 -1 4106 4126 4134 -1 4131 4129 4138 -1 4127 4118 4135 -1 4141 4128 4133 -1 4131 4142 4117 -1 4117 4142 4126 -1 3904 3889 4122 -1 4132 4143 4133 -1 4139 4128 4141 -1 4128 4139 4125 -1 4139 4144 4130 -1 4136 4130 4144 -1 4126 4142 4140 -1 4123 4127 4145 -1 4123 4145 4146 -1 4132 4123 4146 -1 4141 4133 4143 -1 4137 3663 4147 -1 4134 4140 4148 -1 4149 4138 4137 -1 4145 4127 4135 -1 4150 4143 4132 -1 4135 4134 4148 -1 4151 4139 4141 -1 4122 4136 4152 -1 4146 4150 4132 -1 4142 4131 4153 -1 4153 4131 4138 -1 3904 4122 4152 -1 4137 4147 4149 -1 4153 4140 4142 -1 4154 4141 4143 -1 4144 4139 4151 -1 4153 4138 4155 -1 4152 4136 4144 -1 4146 4145 4156 -1 4157 4140 4153 -1 4154 4151 4141 -1 4138 4149 4155 -1 4152 3911 3904 -1 4146 4158 4150 -1 4159 4143 4150 -1 4159 4154 4143 -1 4160 4135 4148 -1 4145 4135 4160 -1 4145 4160 4156 -1 4156 4158 4146 -1 4159 4150 4158 -1 4157 4153 4161 -1 4161 4153 4155 -1 4148 4140 4162 -1 4152 4144 4163 -1 3926 4152 4163 -1 4152 3926 3911 -1 4162 4140 4157 -1 4160 4148 4164 -1 4156 4165 4158 -1 4166 4160 4164 -1 4156 4160 4166 -1 4167 4144 4151 -1 4161 4155 4168 -1 4148 4162 4164 -1 4163 3930 3926 -1 4169 4154 4159 -1 4159 4158 4169 -1 4157 4161 4170 -1 4167 4151 4171 -1 4167 4163 4144 -1 4156 4166 4165 -1 4172 4171 4151 -1 4162 4173 4164 -1 3930 4163 4174 -1 4175 4164 4173 -1 4158 4165 4169 -1 4172 4151 4154 -1 4176 4167 4171 -1 4167 4174 4163 -1 4168 4170 4161 -1 4166 4164 4175 -1 4177 4169 4165 -1 4166 4177 4165 -1 4172 4154 4169 -1 4174 4167 4178 -1 4157 4170 4162 -1 3930 4174 3933 -1 4171 4172 4179 -1 4176 4178 4167 -1 4175 4180 4166 -1 4170 4173 4162 -1 3933 4174 4181 -1 4180 4177 4166 -1 4173 4170 4182 -1 4173 4183 4175 -1 4178 4181 4174 -1 4173 4182 4183 -1 4180 4175 4183 -1 4169 4177 4184 -1 4183 4182 4185 -1 4181 3938 3933 -1 4184 4177 4180 -1 4169 4184 4172 -1 4179 4172 4184 -1 4171 4179 4176 -1 4179 4184 4186 -1 4180 4183 4185 -1 4179 4187 4176 -1 4186 4187 4179 -1 4188 2613 2617 -1 2616 2613 4188 -1 4189 2620 2619 -1 4190 3177 4191 -1 2617 4192 4188 -1 2619 2618 4189 -1 4193 4191 3179 -1 3179 3178 4193 -1 3177 3179 4191 -1 3175 3180 4193 -1 4194 2616 4188 -1 3180 2616 4194 -1 2620 4192 2617 -1 3594 3181 4195 -1 4189 2618 3824 -1 4190 3181 3177 -1 3178 3175 4193 -1 4191 4193 4196 -1 4197 4193 3180 -1 2620 4189 4198 -1 2620 4198 4192 -1 4191 4196 4190 -1 4196 4193 4199 -1 4199 4193 4197 -1 3180 4194 4197 -1 3824 3814 4200 -1 3594 4195 3612 -1 3824 4198 4189 -1 4195 3181 4190 -1 4194 4188 4201 -1 4188 4192 4201 -1 3828 4200 3814 -1 4198 4202 4192 -1 4190 4196 4203 -1 4203 4196 4204 -1 4199 4204 4196 -1 4199 4197 4205 -1 4194 4206 4197 -1 4200 3828 3847 -1 4203 4195 4190 -1 4204 4199 4207 -1 4207 4199 4205 -1 4197 4206 4205 -1 4201 4192 4202 -1 4206 4194 4201 -1 4198 3824 4208 -1 3605 4209 3621 -1 4195 4203 4210 -1 4204 4211 4203 -1 3605 3622 4209 -1 3622 3612 4212 -1 3612 4195 4210 -1 4210 4203 4211 -1 3622 4213 4209 -1 4213 3622 4212 -1 4211 4204 4214 -1 4207 4205 4215 -1 4215 4205 4206 -1 4201 4202 4216 -1 4201 4216 4206 -1 3621 4209 4217 -1 3847 3842 4218 -1 4200 4219 3824 -1 3612 4220 4212 -1 4208 3824 4219 -1 4210 4220 3612 -1 4202 4198 4208 -1 4210 4211 4220 -1 4220 4211 4214 -1 4214 4204 4221 -1 4204 4207 4221 -1 4215 4221 4207 -1 4216 4222 4206 -1 4219 4200 3847 -1 4220 4223 4212 -1 4221 4215 4224 -1 4215 4206 4225 -1 4206 4222 4225 -1 4216 4202 4226 -1 4209 4227 4217 -1 4228 4212 4223 -1 4223 4220 4229 -1 4229 4220 4214 -1 4202 4208 4226 -1 4221 4229 4214 -1 4230 3633 4231 -1 3633 3621 4231 -1 4216 4232 4222 -1 4233 3621 4217 -1 4226 4232 4216 -1 4209 4213 4227 -1 4228 4213 4212 -1 4234 4223 4229 -1 4234 4229 4235 -1 4236 4219 3847 -1 4235 4229 4221 -1 4226 4208 4237 -1 3633 4230 3636 -1 3621 4233 4231 -1 4233 4217 4227 -1 4227 4213 4238 -1 4238 4228 4239 -1 4213 4228 4238 -1 4223 4239 4228 -1 4225 4222 4232 -1 4224 4235 4221 -1 4240 4235 4224 -1 4224 4215 4240 -1 4215 4225 4240 -1 4219 4237 4208 -1 4237 4219 4236 -1 4241 3875 3869 -1 3842 3875 4218 -1 4236 3847 4218 -1 4232 4242 4225 -1 4240 4243 4235 -1 4226 4242 4232 -1 4244 4242 4226 -1 4245 4226 4237 -1 4246 4237 4236 -1 4239 4223 4234 -1 4235 4247 4234 -1 4248 4236 4218 -1 3651 3636 4249 -1 3636 4230 4249 -1 4243 4240 4250 -1 4240 4225 4250 -1 4242 4250 4225 -1 4251 4230 4231 -1 4233 4251 4231 -1 4251 4233 4252 -1 4233 4227 4252 -1 4252 4227 4253 -1 4253 4227 4238 -1 4248 4218 4254 -1 4239 4234 4247 -1 4247 4235 4255 -1 4230 4256 4249 -1 4250 4242 4257 -1 4226 4245 4244 -1 4245 4237 4246 -1 4236 4248 4246 -1 4218 3875 4254 -1 4241 3869 4258 -1 4259 4239 4260 -1 4238 4239 4259 -1 4260 4239 4247 -1 4243 4255 4235 -1 4255 4243 4261 -1 4262 3651 4263 -1 3651 4249 4263 -1 4264 4244 4265 -1 4245 4265 4244 -1 4265 4245 4266 -1 4256 4230 4251 -1 4261 4243 4250 -1 4242 4244 4257 -1 4252 4253 4267 -1 4246 4266 4245 -1 4238 4268 4253 -1 4268 4238 4259 -1 3869 3880 4258 -1 3875 4269 4254 -1 3875 4241 4269 -1 4247 4255 4270 -1 4261 4270 4255 -1 4261 4250 4257 -1 4251 4252 4271 -1 4267 4272 4252 -1 4246 4248 4273 -1 4253 4268 4267 -1 4258 3880 4274 -1 4269 4241 4258 -1 4247 4275 4260 -1 3658 3651 4262 -1 4249 4276 4263 -1 4256 4276 4249 -1 4261 4257 4277 -1 4278 4244 4264 -1 4272 4271 4252 -1 4279 4271 4272 -1 4280 4244 4278 -1 4257 4244 4280 -1 4267 4279 4272 -1 4267 4281 4279 -1 4268 4281 4267 -1 4273 4266 4246 -1 4259 4260 4282 -1 4248 4254 4283 -1 4275 4247 4270 -1 4270 4261 4284 -1 4285 4264 4265 -1 4256 4251 4286 -1 4251 4271 4286 -1 4279 4281 4287 -1 4254 4269 4283 -1 4288 4268 4289 -1 4248 4283 4273 -1 4268 4259 4289 -1 4259 4282 4289 -1 4269 4258 4274 -1 4275 4282 4260 -1 4284 4261 4277 -1 3659 3647 4290 -1 3647 3657 4290 -1 4276 4256 4291 -1 4265 4292 4285 -1 4264 4285 4293 -1 4265 4294 4292 -1 4266 4294 4265 -1 4279 4286 4271 -1 4287 4286 4279 -1 4257 4280 4277 -1 4288 4281 4268 -1 4266 4273 4294 -1 4273 4283 4295 -1 4296 4269 4274 -1 4282 4275 4297 -1 4298 4264 4293 -1 4278 4264 4298 -1 4286 4299 4291 -1 4256 4286 4291 -1 4294 4300 4292 -1 4293 4285 4292 -1 4278 4301 4280 -1 4287 4281 4302 -1 4303 4277 4301 -1 4277 4280 4301 -1 4281 4288 4304 -1 4304 4288 4305 -1 4289 4305 4288 -1 4306 4289 4282 -1 4295 4283 4307 -1 4275 4270 4297 -1 4270 4284 4297 -1 4297 4284 4277 -1 4274 3880 3893 -1 4296 4274 4308 -1 4297 4277 4303 -1 3893 3900 4309 -1 4298 4293 4310 -1 4293 4292 4311 -1 4299 4286 4312 -1 4286 4287 4312 -1 4300 4294 4313 -1 4278 4298 4314 -1 4281 4304 4315 -1 4313 4273 4295 -1 4274 3893 4308 -1 4273 4313 4294 -1 4289 4306 4305 -1 4307 4269 4296 -1 4283 4269 4307 -1 4297 4303 4316 -1 3657 4317 4290 -1 4291 4299 4318 -1 4276 4291 4318 -1 4319 4311 4292 -1 4312 4287 4320 -1 4300 4319 4292 -1 4287 4321 4320 -1 4302 4321 4287 -1 4303 4301 4314 -1 4281 4315 4302 -1 4301 4278 4314 -1 4316 4306 4282 -1 4282 4297 4316 -1 4296 4308 4322 -1 3660 3664 4323 -1 4324 3661 3659 -1 3658 4262 4325 -1 4262 4263 4325 -1 4263 4276 4326 -1 4326 4276 4327 -1 4311 4310 4293 -1 4300 4328 4319 -1 4302 4315 4329 -1 4304 4305 4330 -1 4331 4295 4307 -1 4303 4314 4332 -1 4305 4306 4333 -1 4313 4295 4331 -1 4308 3893 4309 -1 3665 3660 4323 -1 4306 4316 4334 -1 4303 4334 4316 -1 4335 4296 4322 -1 4324 3659 4290 -1 4317 3657 3658 -1 4325 4263 4326 -1 4336 4319 4328 -1 4276 4318 4327 -1 4299 4312 4337 -1 4318 4299 4337 -1 4319 4336 4311 -1 4298 4338 4332 -1 4314 4298 4332 -1 4298 4310 4339 -1 4329 4340 4321 -1 4321 4302 4329 -1 4339 4338 4298 -1 4328 4300 4341 -1 4341 4313 4342 -1 4300 4313 4341 -1 4330 4315 4304 -1 4334 4303 4332 -1 4333 4330 4305 -1 4307 4296 4335 -1 4343 4322 4308 -1 4306 4344 4333 -1 4344 4306 4334 -1 4344 4334 4345 -1 4346 4290 4317 -1 4347 4310 4336 -1 4340 4320 4321 -1 4311 4336 4310 -1 4339 4310 4347 -1 4348 4349 4345 -1 4339 4348 4338 -1 4350 4309 3900 -1 4345 4334 4332 -1 4332 4348 4345 -1 4330 4351 4315 -1 4348 4332 4338 -1 4352 4344 4345 -1 4330 4344 4352 -1 4349 4352 4345 -1 4330 4333 4344 -1 4331 4342 4313 -1 4353 3662 3665 -1 4354 4331 4307 -1 4355 3665 4323 -1 4356 4323 3664 -1 3653 4357 3664 -1 3658 4358 4317 -1 3658 4325 4358 -1 4337 4312 4359 -1 4339 4347 4360 -1 4312 4320 4359 -1 4361 4331 4354 -1 3662 4353 3663 -1 4349 4339 4360 -1 4339 4349 4348 -1 4315 4362 4329 -1 4362 4315 4363 -1 4342 4331 4361 -1 4315 4351 4363 -1 4330 4352 4351 -1 4351 4352 4364 -1 4352 4349 4364 -1 4364 4365 4351 -1 4353 3665 4355 -1 4307 4335 4354 -1 4356 3664 4357 -1 3653 3661 4357 -1 4308 4309 4343 -1 4366 4326 4327 -1 4327 4318 4337 -1 4337 4359 4367 -1 4320 4340 4359 -1 4368 4360 4347 -1 4340 4329 4369 -1 4353 4147 3663 -1 4369 4329 4362 -1 4336 4328 4370 -1 4363 4351 4365 -1 4360 4364 4349 -1 4341 4342 4371 -1 4342 4361 4371 -1 4335 4322 4372 -1 4357 3661 4324 -1 4373 4322 4343 -1 4290 4346 4324 -1 4346 4317 4374 -1 4374 4317 4358 -1 4375 4327 4337 -1 4359 4340 4376 -1 4340 4369 4376 -1 4369 4362 4377 -1 4378 4147 4353 -1 4363 4377 4362 -1 3900 3909 4350 -1 4377 4363 4365 -1 4365 4364 4368 -1 4360 4368 4364 -1 4379 4365 4368 -1 4355 4323 4356 -1 4372 4322 4373 -1 4354 4335 4372 -1 4380 4149 4147 -1 4358 4325 4381 -1 4325 4326 4381 -1 4366 4327 4375 -1 4367 4359 4382 -1 4359 4376 4382 -1 4376 4369 4383 -1 4379 4368 4347 -1 4347 4336 4384 -1 4336 4370 4384 -1 4341 4370 4328 -1 4371 4370 4341 -1 4378 4353 4385 -1 4377 4365 4379 -1 4355 4385 4353 -1 4386 4309 4350 -1 4324 4387 4357 -1 4361 4354 4372 -1 4343 4309 4386 -1 4373 4343 4386 -1 4381 4326 4366 -1 4337 4367 4375 -1 4382 4388 4367 -1 4382 4376 4389 -1 4390 4383 4369 -1 4380 4147 4378 -1 4390 4369 4377 -1 4384 4379 4347 -1 4377 4391 4390 -1 4379 4391 4377 -1 4355 4356 4392 -1 4393 4386 4350 -1 4374 4358 4394 -1 4394 4358 4395 -1 4358 4381 4395 -1 4388 4375 4367 -1 4384 4370 4396 -1 4397 4396 4370 -1 4370 4371 4397 -1 4384 4391 4379 -1 4385 4355 4392 -1 4361 4372 4398 -1 4387 4324 4346 -1 4398 4372 4373 -1 4386 4399 4373 -1 4400 4375 4388 -1 4391 4396 4401 -1 4384 4396 4391 -1 4389 4376 4383 -1 4390 4391 4401 -1 4380 4402 4149 -1 4155 4149 4402 -1 4371 4361 4403 -1 4350 3909 3925 -1 4356 4357 4404 -1 4405 4346 4374 -1 4381 4366 4406 -1 4400 4366 4375 -1 4388 4382 4407 -1 4407 4382 4389 -1 4383 4401 4408 -1 4401 4383 4390 -1 4403 4397 4371 -1 4392 4356 4409 -1 4357 4387 4404 -1 4402 4168 4155 -1 4410 4393 4350 -1 4361 4398 4403 -1 4386 4393 4399 -1 4395 4381 4406 -1 4406 4366 4411 -1 4366 4400 4411 -1 4388 4407 4400 -1 4380 4378 4412 -1 4401 4396 4413 -1 4397 4413 4396 -1 4356 4404 4409 -1 4410 4350 3925 -1 4393 4410 4414 -1 4399 4393 4414 -1 4387 4346 4405 -1 4405 4374 4415 -1 4394 4415 4374 -1 4399 4416 4398 -1 4373 4399 4398 -1 4398 4416 4403 -1 4417 4406 4411 -1 4412 4402 4380 -1 4378 4385 4412 -1 4408 4389 4383 -1 4392 4418 4385 -1 4403 4419 4397 -1 4392 4409 4420 -1 4416 4419 4403 -1 4409 4404 4421 -1 4394 4395 4422 -1 4413 4423 4401 -1 4412 4385 4418 -1 4424 4400 4407 -1 4389 4424 4407 -1 4419 4423 4413 -1 4397 4419 4413 -1 3925 3929 4425 -1 4408 4426 4389 -1 4408 4401 4423 -1 4170 4168 4427 -1 4416 4428 4419 -1 4404 4387 4429 -1 4405 4429 4387 -1 4394 4422 4415 -1 4430 4414 4410 -1 4431 4399 4432 -1 4399 4431 4416 -1 4395 4406 4433 -1 4414 4432 4399 -1 4434 4417 4411 -1 4400 4434 4411 -1 4424 4434 4400 -1 4424 4389 4426 -1 4418 4392 4420 -1 4428 4435 4436 -1 4436 4419 4428 -1 4420 4409 4421 -1 4168 4402 4437 -1 4428 4416 4435 -1 4421 4404 4429 -1 4410 3925 4425 -1 4429 4405 4415 -1 4415 4438 4429 -1 4406 4417 4439 -1 4402 4412 4440 -1 4434 4424 4426 -1 4441 4423 4419 -1 4441 4419 4436 -1 4426 4408 4423 -1 4423 4441 4426 -1 4420 4421 4442 -1 4437 4427 4168 -1 4443 4441 4436 -1 4444 4436 4435 -1 4431 4435 4416 -1 4415 4422 4438 -1 4422 4395 4433 -1 4410 4425 4430 -1 4433 4406 4439 -1 4445 4417 4434 -1 4431 4432 4446 -1 4412 4418 4440 -1 4434 4426 4443 -1 4425 3929 3937 -1 4443 4426 4441 -1 4447 4443 4436 -1 4436 4444 4448 -1 4421 4449 4442 -1 4421 4429 4449 -1 4170 4427 4182 -1 4435 4431 4450 -1 4450 4431 4446 -1 4438 4422 4451 -1 4430 4425 4452 -1 4453 4433 4439 -1 4439 4417 4445 -1 4402 4440 4437 -1 4434 4443 4454 -1 4420 4455 4418 -1 4447 4454 4443 -1 4440 4456 4437 -1 4449 4429 4457 -1 4438 4457 4429 -1 4452 4425 3937 -1 4182 4427 4458 -1 4422 4433 4451 -1 4447 4436 4448 -1 4459 4181 4178 -1 4444 4435 4450 -1 4439 4460 4453 -1 4446 4432 4461 -1 4460 4439 4445 -1 4462 4432 4414 -1 4414 4430 4462 -1 4454 4445 4434 -1 4455 4456 4440 -1 4418 4455 4440 -1 4455 4420 4442 -1 4458 4185 4182 -1 4427 4437 4463 -1 4463 4437 4456 -1 4178 4176 4459 -1 4444 4450 4464 -1 4438 4451 4457 -1 4461 4450 4446 -1 4465 4181 4459 -1 4433 4453 4451 -1 4181 4466 3938 -1 4467 4462 4430 -1 3942 3939 4468 -1 4462 4461 4432 -1 4467 4430 4452 -1 4463 4458 4427 -1 4469 4455 4442 -1 4469 4442 4449 -1 3941 4470 3937 -1 4452 3937 4471 -1 4176 4187 4459 -1 4472 4185 4458 -1 4459 4473 4465 -1 4457 4451 4474 -1 4453 4475 4451 -1 4465 4466 4181 -1 4180 4185 4476 -1 4464 4450 4461 -1 4466 3943 3938 -1 3943 4468 3939 -1 4453 4460 4477 -1 4460 4445 4478 -1 4454 4479 4445 -1 4456 4455 4480 -1 4481 4479 4454 -1 4447 4481 4454 -1 4471 4482 4452 -1 4187 4483 4459 -1 3937 4470 4471 -1 4457 4469 4449 -1 4469 4457 4474 -1 4476 4185 4472 -1 4447 4448 4484 -1 4474 4451 4475 -1 4484 4448 4464 -1 4180 4476 4184 -1 4464 4448 4444 -1 4485 3943 4466 -1 4468 3943 4485 -1 4475 4453 4477 -1 4464 4461 4486 -1 4445 4479 4478 -1 4463 4456 4487 -1 4482 4486 4462 -1 4486 4461 4462 -1 4488 3940 3942 -1 4482 4467 4452 -1 4488 3936 3940 -1 4462 4467 4482 -1 3941 3936 4488 -1 4458 4489 4472 -1 4187 4186 4483 -1 4490 4482 4471 -1 4483 4473 4459 -1 4470 3941 4488 -1 4491 4474 4475 -1 4465 4473 4466 -1 4484 4481 4447 -1 4492 4484 4464 -1 4485 4493 4468 -1 4478 4477 4460 -1 4487 4458 4463 -1 4489 4458 4487 -1 4480 4487 4456 -1 3942 4468 4493 -1 4486 4492 4464 -1 4494 3942 4493 -1 4455 4469 4480 -1 4488 3942 4494 -1 4481 4495 4479 -1 4496 4480 4469 -1 4488 4497 4470 -1 4483 4186 4498 -1 4471 4470 4490 -1 4476 4472 4499 -1 4184 4476 4498 -1 4186 4184 4498 -1 4500 4481 4484 -1 4475 4477 4501 -1 4485 4473 4502 -1 4473 4485 4466 -1 4503 4477 4478 -1 4478 4495 4503 -1 4495 4478 4479 -1 4489 4487 4504 -1 4481 4500 4495 -1 4505 4488 4494 -1 4494 4493 4506 -1 4507 4469 4474 -1 4504 4472 4489 -1 4502 4473 4483 -1 4491 4475 4501 -1 4503 4501 4477 -1 4490 4508 4482 -1 4480 4496 4509 -1 4497 4490 4470 -1 4495 4510 4503 -1 4480 4509 4487 -1 4504 4487 4511 -1 4487 4509 4511 -1 4492 4500 4484 -1 4485 4512 4493 -1 4496 4469 4507 -1 4482 4508 4486 -1 4495 4513 4514 -1 4513 4495 4500 -1 4499 4504 4515 -1 4507 4474 4491 -1 4499 4498 4476 -1 4491 4516 4507 -1 4498 4499 4517 -1 4501 4518 4491 -1 4472 4504 4499 -1 4502 4483 4519 -1 4498 4517 4483 -1 4512 4485 4502 -1 4504 4511 4515 -1 4503 4510 4501 -1 4493 4512 4506 -1 4506 4520 4494 -1 4514 4510 4495 -1 4509 4496 4507 -1 4509 4507 4521 -1 4505 4494 4520 -1 4505 4522 4488 -1 4497 4488 4522 -1 4500 4492 4513 -1 4523 4492 4486 -1 4523 4486 4508 -1 4515 4517 4499 -1 4519 4483 4517 -1 4524 4523 4508 -1 4525 4523 4524 -1 4501 4526 4518 -1 4524 4508 4490 -1 4501 4510 4526 -1 4519 4512 4502 -1 4510 4514 4526 -1 4512 4527 4506 -1 4521 4507 4516 -1 4505 4528 4522 -1 4520 4506 4529 -1 4491 4518 4516 -1 4505 4520 4529 -1 4522 4524 4497 -1 4490 4497 4524 -1 4523 4513 4492 -1 4525 4513 4523 -1 4530 4513 4525 -1 4515 4531 4517 -1 4531 4519 4517 -1 4531 4515 4532 -1 4527 4519 4531 -1 4528 4533 4524 -1 4528 4524 4522 -1 4521 4516 4534 -1 4527 4512 4519 -1 4511 4509 4521 -1 4516 4518 4526 -1 4511 4535 4515 -1 4516 4526 4534 -1 4511 4521 4535 -1 4533 4525 4524 -1 4527 4529 4506 -1 4529 4528 4505 -1 4513 4530 4514 -1 4515 4535 4532 -1 4536 4527 4532 -1 4521 4534 4535 -1 4534 4526 4537 -1 4527 4536 4529 -1 4533 4530 4525 -1 4529 4538 4528 -1 4533 4528 4538 -1 4527 4531 4532 -1 4537 4526 4514 -1 4530 4537 4514 -1 4535 4539 4532 -1 4532 4539 4536 -1 4538 4529 4536 -1 4535 4534 4539 -1 4539 4534 4537 -1 4538 4530 4533 -1 4538 4536 4539 -1 4539 4537 4538 -1 4530 4538 4537 -1" texCoordIndex="0 1 2 -1 3 4 5 -1 5 6 3 -1 4 3 7 -1 1 0 8 -1 9 3 6 -1 0 10 8 -1 8 10 11 -1 3 9 7 -1 7 9 1 -1 1 9 2 -1 12 5 13 -1 14 0 2 -1 8 15 1 -1 16 4 17 -1 18 15 8 -1 19 20 21 -1 10 0 14 -1 4 13 5 -1 7 17 4 -1 8 11 18 -1 14 22 10 -1 11 10 22 -1 15 17 7 -1 7 1 15 -1 22 23 11 -1 23 22 21 -1 20 23 21 -1 24 17 25 -1 17 15 25 -1 18 11 26 -1 27 25 15 -1 21 22 28 -1 26 23 29 -1 11 23 26 -1 30 6 5 -1 9 6 30 -1 18 27 15 -1 4 31 13 -1 16 31 4 -1 16 17 24 -1 32 21 33 -1 23 20 29 -1 29 20 34 -1 21 32 19 -1 35 20 19 -1 20 35 34 -1 36 32 33 -1 19 32 36 -1 37 19 36 -1 35 19 37 -1 24 25 38 -1 38 25 39 -1 34 37 40 -1 35 37 34 -1 18 26 41 -1 12 13 42 -1 25 27 39 -1 40 37 43 -1 26 29 41 -1 12 30 5 -1 44 36 45 -1 46 41 29 -1 37 36 44 -1 44 47 37 -1 28 33 21 -1 48 14 2 -1 43 37 47 -1 29 34 46 -1 22 14 49 -1 48 2 30 -1 30 2 9 -1 27 41 50 -1 18 41 27 -1 31 42 13 -1 31 16 51 -1 51 24 52 -1 16 24 51 -1 38 52 24 -1 33 45 36 -1 53 12 42 -1 30 12 53 -1 48 49 14 -1 40 43 54 -1 22 49 28 -1 54 43 55 -1 43 47 55 -1 42 31 56 -1 47 44 57 -1 52 38 58 -1 47 57 59 -1 39 58 38 -1 55 47 59 -1 57 60 59 -1 39 27 50 -1 50 41 46 -1 60 57 61 -1 59 60 62 -1 28 63 33 -1 46 34 64 -1 64 34 65 -1 34 40 65 -1 66 67 60 -1 68 67 66 -1 66 69 70 -1 30 71 48 -1 68 66 70 -1 44 45 72 -1 54 55 73 -1 73 55 74 -1 56 31 51 -1 57 44 72 -1 75 51 52 -1 58 75 52 -1 55 59 74 -1 59 62 74 -1 58 39 76 -1 61 57 77 -1 39 50 76 -1 67 62 60 -1 61 66 60 -1 69 66 61 -1 56 78 42 -1 40 54 65 -1 78 53 42 -1 54 73 79 -1 30 53 71 -1 72 45 80 -1 79 73 74 -1 57 72 81 -1 82 50 46 -1 74 62 83 -1 84 82 46 -1 46 64 84 -1 83 62 85 -1 67 85 62 -1 86 61 77 -1 45 33 63 -1 69 61 86 -1 85 68 87 -1 67 68 85 -1 68 88 87 -1 78 56 89 -1 90 89 56 -1 91 65 54 -1 54 79 91 -1 71 53 92 -1 83 79 74 -1 77 57 81 -1 83 85 93 -1 56 51 90 -1 90 51 75 -1 87 93 85 -1 82 76 50 -1 87 88 94 -1 71 95 48 -1 49 48 95 -1 63 80 45 -1 94 88 96 -1 81 72 80 -1 79 83 97 -1 63 28 98 -1 83 93 97 -1 58 76 99 -1 100 84 64 -1 93 87 101 -1 64 65 100 -1 69 86 102 -1 58 103 75 -1 28 49 98 -1 91 79 97 -1 104 53 78 -1 84 100 105 -1 90 75 103 -1 63 98 106 -1 53 104 92 -1 100 65 91 -1 77 107 86 -1 102 86 107 -1 80 63 106 -1 87 94 101 -1 108 95 71 -1 98 49 109 -1 107 77 110 -1 78 89 111 -1 111 89 90 -1 107 112 102 -1 105 113 84 -1 106 98 114 -1 103 58 99 -1 80 106 115 -1 116 76 82 -1 117 110 81 -1 81 110 77 -1 49 95 109 -1 82 84 113 -1 93 101 97 -1 98 109 118 -1 119 104 78 -1 112 110 120 -1 78 111 119 -1 90 121 111 -1 112 107 110 -1 90 103 121 -1 103 99 122 -1 115 106 114 -1 95 108 123 -1 124 108 71 -1 71 92 124 -1 116 99 76 -1 125 80 115 -1 117 80 125 -1 117 81 80 -1 117 120 110 -1 109 95 123 -1 126 91 97 -1 113 127 82 -1 126 97 128 -1 101 128 97 -1 120 129 112 -1 121 130 111 -1 121 103 131 -1 124 92 104 -1 131 103 122 -1 132 101 94 -1 82 127 116 -1 119 111 130 -1 133 100 91 -1 108 124 134 -1 101 132 135 -1 134 123 108 -1 91 126 133 -1 136 135 132 -1 122 99 116 -1 117 125 137 -1 120 117 137 -1 123 118 109 -1 138 128 101 -1 129 120 139 -1 124 104 140 -1 141 104 119 -1 115 114 142 -1 104 141 140 -1 130 121 143 -1 131 143 121 -1 144 105 100 -1 133 144 100 -1 125 145 137 -1 126 128 146 -1 146 128 138 -1 139 120 137 -1 138 101 135 -1 98 118 114 -1 147 141 119 -1 147 130 143 -1 119 130 147 -1 125 115 148 -1 122 116 149 -1 149 116 150 -1 133 126 151 -1 118 123 152 -1 116 127 150 -1 153 124 140 -1 153 134 124 -1 142 148 115 -1 146 151 126 -1 145 125 148 -1 145 154 137 -1 139 137 154 -1 150 113 155 -1 113 150 127 -1 156 155 113 -1 113 105 156 -1 114 118 142 -1 138 135 157 -1 144 156 105 -1 158 144 133 -1 159 147 143 -1 133 151 158 -1 131 122 160 -1 160 122 149 -1 134 152 123 -1 151 146 161 -1 148 162 145 -1 139 154 163 -1 142 118 152 -1 164 150 155 -1 140 141 165 -1 141 147 159 -1 143 131 166 -1 166 159 143 -1 131 160 166 -1 167 134 153 -1 152 134 168 -1 151 161 158 -1 149 150 164 -1 162 154 145 -1 142 152 169 -1 146 138 170 -1 169 171 142 -1 141 172 165 -1 140 165 153 -1 173 144 174 -1 156 144 173 -1 141 159 175 -1 166 160 176 -1 134 167 168 -1 162 148 177 -1 164 178 149 -1 179 163 154 -1 152 168 180 -1 156 181 155 -1 141 175 172 -1 157 135 182 -1 159 183 175 -1 183 159 166 -1 158 174 144 -1 174 158 161 -1 153 184 167 -1 148 142 171 -1 146 170 161 -1 162 179 154 -1 169 152 180 -1 181 164 155 -1 170 138 185 -1 186 185 138 -1 157 186 138 -1 180 171 169 -1 182 186 157 -1 183 166 187 -1 188 176 160 -1 189 161 170 -1 160 149 188 -1 178 188 149 -1 180 168 190 -1 164 181 191 -1 192 170 185 -1 156 193 181 -1 156 173 193 -1 175 194 172 -1 165 172 195 -1 194 175 183 -1 176 187 166 -1 153 165 184 -1 171 177 148 -1 189 174 161 -1 168 167 196 -1 178 164 197 -1 190 168 196 -1 191 197 164 -1 181 193 191 -1 195 172 194 -1 198 199 186 -1 194 183 200 -1 187 200 183 -1 177 171 201 -1 176 188 202 -1 188 178 203 -1 192 185 199 -1 190 204 180 -1 204 205 171 -1 171 180 204 -1 186 199 185 -1 201 171 205 -1 206 207 177 -1 208 196 167 -1 179 209 163 -1 195 194 200 -1 210 165 195 -1 200 187 211 -1 191 193 173 -1 187 176 202 -1 184 165 210 -1 173 174 212 -1 188 203 202 -1 170 192 189 -1 203 178 197 -1 162 177 207 -1 207 179 162 -1 190 196 208 -1 177 201 206 -1 167 213 208 -1 210 195 214 -1 214 195 200 -1 187 202 215 -1 203 216 217 -1 203 197 216 -1 204 190 208 -1 205 218 201 -1 212 174 219 -1 219 174 189 -1 206 201 218 -1 220 167 184 -1 214 200 221 -1 211 221 200 -1 197 191 222 -1 191 173 223 -1 173 212 223 -1 202 203 217 -1 189 192 224 -1 199 224 192 -1 211 225 221 -1 212 219 226 -1 217 215 202 -1 219 189 224 -1 204 208 227 -1 228 204 227 -1 205 204 228 -1 218 205 229 -1 184 230 220 -1 220 231 167 -1 206 218 232 -1 213 167 231 -1 206 233 207 -1 234 235 214 -1 214 221 234 -1 210 214 235 -1 209 179 207 -1 184 210 230 -1 225 211 187 -1 222 191 223 -1 216 236 217 -1 222 216 197 -1 223 212 237 -1 228 229 205 -1 224 238 239 -1 224 199 238 -1 206 240 233 -1 221 225 234 -1 233 209 207 -1 230 210 235 -1 238 199 241 -1 198 241 199 -1 187 215 242 -1 225 187 242 -1 212 226 237 -1 213 227 208 -1 224 226 219 -1 228 227 243 -1 228 244 229 -1 229 232 218 -1 232 240 206 -1 235 234 245 -1 246 242 215 -1 246 215 217 -1 247 222 223 -1 236 216 248 -1 222 248 216 -1 226 249 250 -1 249 226 224 -1 224 239 249 -1 228 243 244 -1 237 251 223 -1 252 220 253 -1 244 254 229 -1 232 229 254 -1 220 252 231 -1 255 213 231 -1 237 226 250 -1 255 227 213 -1 230 235 245 -1 233 240 256 -1 209 233 257 -1 258 209 257 -1 236 246 217 -1 248 222 247 -1 220 230 253 -1 231 252 259 -1 227 255 260 -1 261 251 237 -1 240 232 254 -1 248 247 262 -1 230 245 263 -1 242 246 264 -1 257 233 256 -1 265 246 236 -1 243 227 260 -1 239 238 266 -1 247 223 267 -1 254 244 268 -1 251 267 223 -1 252 253 269 -1 270 231 259 -1 270 255 231 -1 250 271 237 -1 254 272 240 -1 256 240 272 -1 263 245 273 -1 245 234 273 -1 273 234 225 -1 264 246 265 -1 249 239 274 -1 266 274 239 -1 244 243 268 -1 230 263 275 -1 253 230 275 -1 259 252 269 -1 261 237 271 -1 276 270 259 -1 225 242 277 -1 260 278 243 -1 243 278 268 -1 262 247 267 -1 263 279 275 -1 251 280 267 -1 259 269 276 -1 255 270 281 -1 268 282 254 -1 260 255 281 -1 254 282 272 -1 283 271 250 -1 248 265 236 -1 262 284 248 -1 273 279 263 -1 273 225 277 -1 279 273 277 -1 277 242 285 -1 242 264 285 -1 257 256 286 -1 274 287 249 -1 288 268 278 -1 289 267 280 -1 290 269 291 -1 291 253 275 -1 269 253 291 -1 292 280 251 -1 251 261 292 -1 276 269 290 -1 271 292 261 -1 265 293 264 -1 249 283 250 -1 265 248 284 -1 272 286 256 -1 279 294 275 -1 282 268 288 -1 291 295 290 -1 291 275 294 -1 265 296 293 -1 272 282 297 -1 298 276 290 -1 299 283 249 -1 249 287 299 -1 286 272 300 -1 301 286 300 -1 302 260 281 -1 302 278 260 -1 289 280 303 -1 292 303 280 -1 285 264 293 -1 304 298 290 -1 270 276 298 -1 270 298 281 -1 297 300 272 -1 302 281 305 -1 278 302 306 -1 307 262 267 -1 279 277 308 -1 294 279 308 -1 291 294 309 -1 282 288 310 -1 277 285 311 -1 311 308 277 -1 285 293 311 -1 271 303 292 -1 312 282 310 -1 282 312 297 -1 305 281 298 -1 313 271 283 -1 283 299 313 -1 296 265 284 -1 307 284 262 -1 289 307 267 -1 314 294 308 -1 304 290 295 -1 288 278 306 -1 310 288 306 -1 291 309 295 -1 303 271 315 -1 293 296 316 -1 305 298 317 -1 313 315 271 -1 306 302 318 -1 307 289 319 -1 289 303 320 -1 309 314 321 -1 294 314 309 -1 321 314 322 -1 314 308 322 -1 323 320 303 -1 304 295 324 -1 325 304 324 -1 310 306 326 -1 315 323 303 -1 295 309 324 -1 311 293 316 -1 298 304 327 -1 328 298 327 -1 317 298 328 -1 329 313 299 -1 296 284 330 -1 284 307 330 -1 302 305 331 -1 318 302 331 -1 320 319 289 -1 332 309 333 -1 333 309 321 -1 322 308 334 -1 334 335 322 -1 327 304 325 -1 324 309 332 -1 308 311 334 -1 299 336 329 -1 307 319 337 -1 321 322 335 -1 335 333 321 -1 323 315 338 -1 312 310 326 -1 315 313 338 -1 313 329 338 -1 312 300 297 -1 300 312 339 -1 330 307 337 -1 326 306 318 -1 305 340 341 -1 342 323 343 -1 320 323 342 -1 334 311 344 -1 316 344 311 -1 345 296 346 -1 296 330 346 -1 305 317 340 -1 296 345 316 -1 305 341 331 -1 337 319 347 -1 332 333 348 -1 335 348 333 -1 325 324 349 -1 334 344 350 -1 316 345 351 -1 352 317 328 -1 346 330 353 -1 354 326 318 -1 342 347 319 -1 320 342 319 -1 323 338 343 -1 326 355 312 -1 338 356 357 -1 338 329 356 -1 358 337 359 -1 347 359 337 -1 348 360 361 -1 335 360 348 -1 334 360 335 -1 350 360 334 -1 342 343 362 -1 332 363 324 -1 327 325 349 -1 343 338 357 -1 344 316 351 -1 328 327 364 -1 340 317 352 -1 330 337 353 -1 353 337 358 -1 359 347 365 -1 366 363 332 -1 347 342 365 -1 332 348 366 -1 362 343 367 -1 343 357 367 -1 327 349 368 -1 327 368 364 -1 354 355 326 -1 365 342 369 -1 342 362 369 -1 324 363 349 -1 357 370 367 -1 345 371 351 -1 352 328 364 -1 345 346 372 -1 371 345 372 -1 353 372 346 -1 366 348 361 -1 373 359 374 -1 365 374 359 -1 372 353 358 -1 370 356 375 -1 357 356 370 -1 359 373 358 -1 356 376 377 -1 376 356 329 -1 378 331 341 -1 318 331 378 -1 363 366 379 -1 361 380 366 -1 361 360 380 -1 360 350 380 -1 374 365 381 -1 382 381 365 -1 369 382 365 -1 341 340 383 -1 362 367 369 -1 372 358 384 -1 385 370 375 -1 377 375 356 -1 378 354 318 -1 369 367 386 -1 379 366 387 -1 388 363 379 -1 389 370 385 -1 390 380 350 -1 352 364 383 -1 340 352 383 -1 364 368 391 -1 371 372 384 -1 373 392 358 -1 354 378 393 -1 387 366 380 -1 367 370 386 -1 383 364 391 -1 394 386 370 -1 389 394 370 -1 395 341 383 -1 384 358 392 -1 373 374 381 -1 396 354 393 -1 369 386 397 -1 398 385 375 -1 399 390 351 -1 377 398 375 -1 371 384 400 -1 377 401 398 -1 399 351 371 -1 350 344 390 -1 344 351 390 -1 341 395 378 -1 381 382 397 -1 369 397 382 -1 388 379 402 -1 387 380 403 -1 395 383 391 -1 404 349 388 -1 349 363 388 -1 368 349 404 -1 392 381 405 -1 381 392 373 -1 402 379 406 -1 406 387 403 -1 379 387 406 -1 403 380 407 -1 407 390 408 -1 380 390 407 -1 397 386 409 -1 384 392 410 -1 389 385 411 -1 385 398 411 -1 398 401 412 -1 390 399 408 -1 399 371 400 -1 378 395 413 -1 393 378 413 -1 381 397 414 -1 407 415 403 -1 368 404 416 -1 391 368 416 -1 394 389 417 -1 395 391 413 -1 389 411 417 -1 400 384 410 -1 381 414 405 -1 418 388 402 -1 409 419 397 -1 407 408 420 -1 394 409 386 -1 421 394 417 -1 417 411 422 -1 392 405 410 -1 398 422 411 -1 412 422 398 -1 404 388 418 -1 423 399 424 -1 408 423 420 -1 399 423 408 -1 424 399 400 -1 400 410 425 -1 406 426 427 -1 403 426 406 -1 414 397 419 -1 428 414 419 -1 406 429 402 -1 403 415 426 -1 407 420 415 -1 413 391 430 -1 422 431 417 -1 432 433 410 -1 410 405 432 -1 432 405 428 -1 414 428 405 -1 429 406 427 -1 434 404 418 -1 435 436 409 -1 416 404 434 -1 409 394 435 -1 394 421 435 -1 430 391 416 -1 421 417 431 -1 431 422 437 -1 437 422 438 -1 422 412 438 -1 424 400 439 -1 420 423 440 -1 423 424 440 -1 400 425 439 -1 429 427 441 -1 402 429 418 -1 419 409 436 -1 415 420 442 -1 421 443 435 -1 421 431 443 -1 444 443 431 -1 444 431 437 -1 445 425 446 -1 410 446 425 -1 420 440 442 -1 439 425 445 -1 432 428 447 -1 428 419 447 -1 436 435 448 -1 435 443 449 -1 449 448 435 -1 449 443 444 -1 444 437 450 -1 446 433 451 -1 438 450 437 -1 410 433 446 -1 433 432 452 -1 424 439 440 -1 442 440 453 -1 447 452 432 -1 447 419 454 -1 455 454 419 -1 419 436 455 -1 427 426 456 -1 426 415 457 -1 457 456 426 -1 415 442 457 -1 455 448 458 -1 436 448 455 -1 448 449 458 -1 458 449 444 -1 430 416 459 -1 445 446 460 -1 444 450 461 -1 453 439 462 -1 439 453 440 -1 439 445 462 -1 463 454 464 -1 447 454 463 -1 464 454 465 -1 455 465 454 -1 441 427 466 -1 418 467 434 -1 461 458 444 -1 416 434 459 -1 445 460 462 -1 451 433 452 -1 468 447 469 -1 469 447 463 -1 427 456 466 -1 464 465 470 -1 471 418 429 -1 458 465 455 -1 472 462 473 -1 459 434 474 -1 475 458 461 -1 460 473 462 -1 451 460 446 -1 452 447 468 -1 453 462 472 -1 469 463 476 -1 476 463 464 -1 464 470 477 -1 475 470 465 -1 458 475 465 -1 466 456 478 -1 457 442 479 -1 479 442 453 -1 434 467 474 -1 460 451 480 -1 481 460 480 -1 451 452 482 -1 452 468 482 -1 482 480 451 -1 468 483 482 -1 468 469 484 -1 453 472 485 -1 467 418 471 -1 486 429 441 -1 487 478 456 -1 471 429 486 -1 457 487 456 -1 476 488 469 -1 479 453 485 -1 472 473 489 -1 461 490 475 -1 489 460 481 -1 473 460 489 -1 482 483 491 -1 480 482 491 -1 483 468 492 -1 492 468 484 -1 485 472 493 -1 469 488 484 -1 476 464 494 -1 477 494 464 -1 477 470 495 -1 496 495 470 -1 441 466 497 -1 474 467 498 -1 499 493 472 -1 472 489 499 -1 500 501 483 -1 491 483 501 -1 483 492 500 -1 492 484 502 -1 488 476 503 -1 498 467 471 -1 488 502 484 -1 503 476 494 -1 470 475 496 -1 504 496 475 -1 480 505 506 -1 481 480 506 -1 489 481 499 -1 500 492 507 -1 507 492 502 -1 508 507 502 -1 501 505 491 -1 480 491 505 -1 509 501 500 -1 508 488 510 -1 502 488 508 -1 510 488 503 -1 494 477 511 -1 511 477 495 -1 504 512 496 -1 490 504 475 -1 504 490 513 -1 506 505 514 -1 515 514 505 -1 515 505 516 -1 516 517 515 -1 500 507 518 -1 518 507 519 -1 520 519 508 -1 507 508 519 -1 508 510 521 -1 521 520 508 -1 516 505 501 -1 516 501 509 -1 518 509 500 -1 521 510 503 -1 503 494 522 -1 522 494 523 -1 511 523 494 -1 495 496 524 -1 524 496 512 -1 525 514 515 -1 499 481 526 -1 481 506 526 -1 516 509 527 -1 517 516 527 -1 518 519 528 -1 528 519 520 -1 518 527 509 -1 521 503 522 -1 522 523 529 -1 511 495 524 -1 513 512 504 -1 493 499 530 -1 499 526 531 -1 531 530 499 -1 514 526 506 -1 532 526 514 -1 514 525 533 -1 525 515 534 -1 515 517 534 -1 527 535 534 -1 517 527 534 -1 535 518 528 -1 518 535 527 -1 528 520 521 -1 522 528 521 -1 529 528 522 -1 523 536 529 -1 511 536 523 -1 537 536 511 -1 511 524 537 -1 532 514 533 -1 532 531 526 -1 525 534 538 -1 538 534 539 -1 539 534 535 -1 529 540 528 -1 529 536 540 -1 533 525 538 -1 539 535 541 -1 528 541 535 -1 528 540 541 -1 542 543 544 -1 543 542 545 -1 543 545 546 -1 543 546 547 -1 548 547 546 -1 549 546 545 -1 550 546 549 -1 550 548 546 -1 550 551 548 -1 552 551 550 -1 551 552 553 -1 554 542 555 -1 543 556 544 -1 542 554 545 -1 556 543 547 -1 549 545 554 -1 547 548 557 -1 551 557 548 -1 557 551 558 -1 552 550 559 -1 552 560 553 -1 551 553 558 -1 560 552 561 -1 561 562 560 -1 561 563 562 -1 563 561 564 -1 565 563 564 -1 559 550 566 -1 558 553 567 -1 553 560 567 -1 568 552 559 -1 561 552 568 -1 555 569 554 -1 567 560 570 -1 571 572 573 -1 560 562 570 -1 562 563 574 -1 574 570 562 -1 547 572 556 -1 575 574 563 -1 563 565 575 -1 565 564 576 -1 577 572 547 -1 547 557 577 -1 550 549 566 -1 578 557 558 -1 559 579 568 -1 564 561 568 -1 567 570 580 -1 573 572 581 -1 570 574 582 -1 574 575 582 -1 583 576 584 -1 565 576 583 -1 572 577 581 -1 575 583 585 -1 565 583 575 -1 586 558 567 -1 579 587 568 -1 569 566 554 -1 587 588 568 -1 588 564 568 -1 571 573 589 -1 582 580 570 -1 554 566 549 -1 564 588 576 -1 590 581 577 -1 577 557 590 -1 584 576 588 -1 582 575 591 -1 557 578 590 -1 591 575 585 -1 558 586 578 -1 579 559 592 -1 583 593 585 -1 594 583 584 -1 593 583 594 -1 594 595 593 -1 578 586 596 -1 587 579 597 -1 598 599 600 -1 569 599 598 -1 598 601 569 -1 587 602 588 -1 566 569 601 -1 580 586 567 -1 603 586 580 -1 573 581 589 -1 559 566 592 -1 585 593 604 -1 604 591 585 -1 584 605 594 -1 595 604 593 -1 594 605 606 -1 595 594 606 -1 597 579 607 -1 602 587 597 -1 588 602 608 -1 590 609 581 -1 580 582 603 -1 592 566 610 -1 582 591 611 -1 611 591 612 -1 607 579 592 -1 591 604 612 -1 612 604 613 -1 595 606 614 -1 600 599 615 -1 601 598 600 -1 610 566 601 -1 608 602 616 -1 581 617 589 -1 584 588 608 -1 618 584 608 -1 590 619 609 -1 603 582 620 -1 620 582 611 -1 620 611 621 -1 584 618 605 -1 622 605 618 -1 606 605 622 -1 619 578 596 -1 590 578 619 -1 604 595 623 -1 623 613 604 -1 614 623 595 -1 586 624 596 -1 586 603 625 -1 602 597 616 -1 622 614 606 -1 621 611 612 -1 612 613 626 -1 627 617 581 -1 627 581 628 -1 581 609 628 -1 607 592 610 -1 601 600 629 -1 625 603 630 -1 603 631 632 -1 633 601 629 -1 633 610 601 -1 603 620 631 -1 621 612 626 -1 634 616 607 -1 613 623 635 -1 607 616 597 -1 609 619 636 -1 623 614 635 -1 596 636 619 -1 609 636 628 -1 600 615 637 -1 636 596 624 -1 624 586 625 -1 608 616 638 -1 618 608 638 -1 610 634 607 -1 614 622 639 -1 640 626 635 -1 613 635 626 -1 641 636 624 -1 600 642 629 -1 632 630 603 -1 633 629 642 -1 616 643 638 -1 644 628 645 -1 646 632 631 -1 647 618 638 -1 645 628 636 -1 631 620 648 -1 620 621 648 -1 648 621 649 -1 622 618 647 -1 634 650 616 -1 635 614 639 -1 615 651 637 -1 600 637 642 -1 641 645 636 -1 652 617 627 -1 627 628 644 -1 642 653 633 -1 647 638 654 -1 646 631 648 -1 633 655 610 -1 634 610 655 -1 656 622 647 -1 639 622 656 -1 657 639 656 -1 635 639 657 -1 657 640 635 -1 621 626 649 -1 617 652 658 -1 654 638 643 -1 644 652 627 -1 648 649 659 -1 633 653 655 -1 660 657 656 -1 640 657 661 -1 661 662 640 -1 624 625 641 -1 637 651 663 -1 649 640 662 -1 626 640 649 -1 650 634 655 -1 643 616 650 -1 664 658 652 -1 653 642 665 -1 653 666 655 -1 646 648 659 -1 651 667 663 -1 657 660 668 -1 661 657 668 -1 637 663 669 -1 650 655 670 -1 625 630 671 -1 643 650 672 -1 642 637 669 -1 671 632 673 -1 630 632 671 -1 652 644 674 -1 666 653 675 -1 676 673 632 -1 676 632 646 -1 676 646 659 -1 659 649 662 -1 669 665 642 -1 643 672 654 -1 647 654 677 -1 647 677 656 -1 678 676 659 -1 670 666 675 -1 674 644 645 -1 659 662 678 -1 641 625 679 -1 655 666 670 -1 662 661 680 -1 661 668 680 -1 625 681 679 -1 625 671 681 -1 682 683 664 -1 652 682 664 -1 671 673 684 -1 685 656 677 -1 665 675 653 -1 676 684 673 -1 645 641 686 -1 678 662 687 -1 660 656 685 -1 688 660 689 -1 668 660 688 -1 662 680 687 -1 680 668 688 -1 669 663 690 -1 691 650 670 -1 672 650 691 -1 682 692 683 -1 681 671 693 -1 693 671 684 -1 665 669 694 -1 682 652 695 -1 674 695 652 -1 663 667 696 -1 660 685 689 -1 697 688 689 -1 688 697 680 -1 669 690 698 -1 694 669 698 -1 695 674 699 -1 654 672 700 -1 701 654 700 -1 654 701 677 -1 674 645 686 -1 641 679 686 -1 676 678 702 -1 703 670 675 -1 687 704 678 -1 705 685 706 -1 689 685 705 -1 680 697 687 -1 696 690 663 -1 691 670 703 -1 707 665 694 -1 708 681 693 -1 709 672 691 -1 672 709 700 -1 684 676 710 -1 677 701 711 -1 706 677 711 -1 685 677 706 -1 702 678 704 -1 687 712 704 -1 712 687 697 -1 689 705 697 -1 679 681 713 -1 713 681 708 -1 684 714 693 -1 695 699 715 -1 714 684 710 -1 700 709 716 -1 675 665 707 -1 699 674 717 -1 674 686 717 -1 686 679 713 -1 702 710 676 -1 709 691 718 -1 714 708 693 -1 719 720 692 -1 692 682 719 -1 682 695 719 -1 715 719 695 -1 711 701 721 -1 703 675 722 -1 712 697 723 -1 705 706 723 -1 697 705 723 -1 696 724 690 -1 724 725 690 -1 718 691 703 -1 698 690 725 -1 726 698 725 -1 694 698 726 -1 707 694 726 -1 713 708 727 -1 675 707 722 -1 708 714 727 -1 714 710 728 -1 715 699 729 -1 701 700 730 -1 701 730 721 -1 717 729 699 -1 711 731 706 -1 723 706 731 -1 686 713 717 -1 707 726 732 -1 733 709 718 -1 734 735 720 -1 700 716 736 -1 730 700 736 -1 715 729 737 -1 717 713 738 -1 711 721 739 -1 731 711 739 -1 731 740 723 -1 741 725 724 -1 704 712 740 -1 712 723 740 -1 732 722 707 -1 713 727 738 -1 709 733 716 -1 724 696 741 -1 727 714 742 -1 728 742 714 -1 717 743 729 -1 710 702 744 -1 738 743 717 -1 726 725 745 -1 736 716 733 -1 703 722 746 -1 710 744 728 -1 747 741 748 -1 730 736 749 -1 737 729 750 -1 744 702 751 -1 750 729 743 -1 704 740 751 -1 702 704 751 -1 751 740 752 -1 731 739 752 -1 731 752 740 -1 725 741 753 -1 745 725 753 -1 754 738 755 -1 755 738 727 -1 727 756 755 -1 722 732 757 -1 758 722 757 -1 746 722 758 -1 759 703 746 -1 756 742 760 -1 727 742 756 -1 703 759 718 -1 742 728 761 -1 734 720 762 -1 762 720 763 -1 719 763 720 -1 719 715 763 -1 721 730 764 -1 715 737 765 -1 766 735 734 -1 767 743 738 -1 767 738 754 -1 733 718 768 -1 732 726 745 -1 745 757 732 -1 769 736 733 -1 755 756 760 -1 768 718 759 -1 761 728 744 -1 715 765 763 -1 770 744 771 -1 744 751 771 -1 772 721 764 -1 737 750 773 -1 739 721 772 -1 774 739 772 -1 752 739 774 -1 750 743 767 -1 767 754 775 -1 745 776 757 -1 733 768 769 -1 749 736 769 -1 746 777 759 -1 760 742 761 -1 764 749 778 -1 749 764 730 -1 762 763 779 -1 744 770 761 -1 780 747 748 -1 773 765 737 -1 771 752 774 -1 751 752 771 -1 747 753 741 -1 734 762 781 -1 750 767 773 -1 754 782 775 -1 754 755 782 -1 765 783 763 -1 769 768 784 -1 785 768 759 -1 766 734 781 -1 786 765 773 -1 773 767 787 -1 767 775 787 -1 783 779 763 -1 760 782 755 -1 765 788 783 -1 746 758 789 -1 780 790 747 -1 777 785 759 -1 791 766 781 -1 784 768 785 -1 747 792 753 -1 761 770 793 -1 793 770 794 -1 770 771 794 -1 772 764 795 -1 774 772 795 -1 796 753 792 -1 745 753 796 -1 797 787 775 -1 762 798 781 -1 762 779 798 -1 765 786 788 -1 799 760 800 -1 761 800 760 -1 773 787 801 -1 777 746 789 -1 792 747 790 -1 802 764 778 -1 803 764 802 -1 781 804 791 -1 795 764 803 -1 771 795 794 -1 774 795 771 -1 797 775 782 -1 805 779 783 -1 776 806 757 -1 806 758 757 -1 749 769 807 -1 782 760 808 -1 760 799 808 -1 788 786 809 -1 801 809 786 -1 786 773 801 -1 793 800 761 -1 804 781 810 -1 795 803 794 -1 785 777 811 -1 796 776 745 -1 811 812 785 -1 784 785 812 -1 769 784 813 -1 788 805 783 -1 814 804 810 -1 800 793 815 -1 816 802 778 -1 798 810 781 -1 817 803 802 -1 817 793 794 -1 803 817 794 -1 818 798 779 -1 805 818 779 -1 796 819 776 -1 782 808 820 -1 821 758 806 -1 805 788 822 -1 807 769 813 -1 758 821 789 -1 799 800 823 -1 824 790 825 -1 800 815 823 -1 749 807 778 -1 814 810 826 -1 789 827 777 -1 816 778 828 -1 792 790 824 -1 816 829 802 -1 796 792 830 -1 782 820 797 -1 820 808 831 -1 784 812 813 -1 788 809 832 -1 822 788 832 -1 808 799 833 -1 834 826 835 -1 815 793 836 -1 801 787 837 -1 826 810 835 -1 835 810 798 -1 797 837 787 -1 830 792 824 -1 793 817 836 -1 811 777 827 -1 817 829 836 -1 802 829 817 -1 837 797 838 -1 838 797 820 -1 805 839 818 -1 812 811 840 -1 819 806 776 -1 821 806 841 -1 839 805 822 -1 834 842 826 -1 799 823 833 -1 824 825 843 -1 823 815 844 -1 809 801 845 -1 844 815 836 -1 845 801 846 -1 818 835 798 -1 837 846 801 -1 827 847 811 -1 818 848 835 -1 811 847 840 -1 796 830 819 -1 849 838 820 -1 813 812 850 -1 831 808 851 -1 822 832 852 -1 807 813 850 -1 853 827 789 -1 789 821 853 -1 842 834 854 -1 808 833 851 -1 809 845 832 -1 824 843 830 -1 833 823 855 -1 823 844 855 -1 828 778 856 -1 857 828 856 -1 858 828 857 -1 829 828 858 -1 816 828 829 -1 844 836 859 -1 836 829 859 -1 840 850 812 -1 841 806 819 -1 821 841 853 -1 852 832 860 -1 832 845 860 -1 778 807 856 -1 833 855 851 -1 829 858 859 -1 819 861 841 -1 862 838 849 -1 831 849 820 -1 863 849 831 -1 822 864 839 -1 822 852 864 -1 846 860 845 -1 846 838 865 -1 838 846 837 -1 866 834 835 -1 848 866 835 -1 847 827 867 -1 858 857 868 -1 859 858 868 -1 862 849 869 -1 848 818 839 -1 831 851 870 -1 871 864 872 -1 864 852 872 -1 860 872 852 -1 854 834 866 -1 860 846 865 -1 862 865 838 -1 851 855 873 -1 844 859 874 -1 847 867 875 -1 847 875 840 -1 869 865 862 -1 863 869 849 -1 876 863 831 -1 866 848 877 -1 848 839 878 -1 878 839 864 -1 831 870 876 -1 871 872 879 -1 807 850 880 -1 881 882 860 -1 860 865 881 -1 856 807 880 -1 857 856 868 -1 855 883 873 -1 855 844 883 -1 867 827 853 -1 874 883 844 -1 859 868 874 -1 884 865 869 -1 869 863 885 -1 848 878 877 -1 850 840 886 -1 871 887 864 -1 882 879 872 -1 853 841 861 -1 851 873 870 -1 872 860 882 -1 867 853 888 -1 881 865 889 -1 884 889 865 -1 856 890 868 -1 854 866 891 -1 884 869 885 -1 877 892 866 -1 878 864 887 -1 887 871 893 -1 876 870 894 -1 893 871 879 -1 895 870 873 -1 879 882 896 -1 896 882 897 -1 898 854 891 -1 882 881 897 -1 899 856 880 -1 889 884 900 -1 892 891 866 -1 883 874 901 -1 874 868 901 -1 868 890 901 -1 884 885 900 -1 902 840 875 -1 892 877 903 -1 886 840 902 -1 878 903 877 -1 904 876 894 -1 893 905 887 -1 879 906 893 -1 894 870 895 -1 896 906 879 -1 880 850 886 -1 853 861 888 -1 880 886 907 -1 898 891 908 -1 899 909 856 -1 856 909 890 -1 875 867 910 -1 885 863 911 -1 863 876 904 -1 903 878 912 -1 878 887 912 -1 912 887 905 -1 905 906 913 -1 893 906 905 -1 906 896 913 -1 895 873 914 -1 899 880 915 -1 889 897 881 -1 889 900 916 -1 873 883 917 -1 883 901 917 -1 890 917 901 -1 863 904 911 -1 918 892 919 -1 912 905 920 -1 904 894 921 -1 908 891 922 -1 914 873 923 -1 873 917 923 -1 880 907 915 -1 913 896 924 -1 897 889 925 -1 926 923 917 -1 896 897 924 -1 917 890 926 -1 890 909 926 -1 889 916 927 -1 925 889 927 -1 900 911 928 -1 885 911 900 -1 903 919 892 -1 903 912 929 -1 912 920 929 -1 930 895 914 -1 920 905 913 -1 907 886 902 -1 918 922 891 -1 899 915 931 -1 891 892 918 -1 926 909 932 -1 909 899 931 -1 931 932 909 -1 924 897 925 -1 933 925 927 -1 900 928 916 -1 903 929 919 -1 934 911 904 -1 904 921 935 -1 929 920 936 -1 913 936 920 -1 936 913 937 -1 894 930 921 -1 913 924 937 -1 895 930 894 -1 922 938 908 -1 922 918 939 -1 914 923 940 -1 915 907 941 -1 927 916 933 -1 933 916 928 -1 911 934 928 -1 919 929 942 -1 904 935 934 -1 943 942 929 -1 943 929 944 -1 929 936 944 -1 937 924 945 -1 930 946 921 -1 939 938 922 -1 947 939 918 -1 924 925 945 -1 948 931 915 -1 919 947 918 -1 940 923 949 -1 923 926 932 -1 932 949 923 -1 925 933 950 -1 947 919 951 -1 933 928 952 -1 935 921 946 -1 953 944 936 -1 937 953 936 -1 946 930 954 -1 938 939 955 -1 930 914 956 -1 914 940 956 -1 950 945 925 -1 948 915 957 -1 931 948 958 -1 932 931 958 -1 950 933 959 -1 959 933 960 -1 960 933 952 -1 934 952 928 -1 952 934 961 -1 942 951 919 -1 935 961 934 -1 942 943 962 -1 963 961 935 -1 963 946 964 -1 935 946 963 -1 964 954 965 -1 946 954 964 -1 953 945 966 -1 937 945 953 -1 954 930 956 -1 955 939 967 -1 939 947 967 -1 932 958 949 -1 948 957 968 -1 945 950 966 -1 951 942 962 -1 943 969 962 -1 963 964 970 -1 943 944 969 -1 969 944 971 -1 954 972 965 -1 955 973 938 -1 972 954 974 -1 966 950 975 -1 974 954 956 -1 940 976 956 -1 967 947 977 -1 940 949 976 -1 958 948 968 -1 960 952 978 -1 977 947 951 -1 952 961 978 -1 962 969 979 -1 979 969 971 -1 961 963 980 -1 964 965 970 -1 971 944 981 -1 944 953 981 -1 953 982 981 -1 953 966 982 -1 957 915 941 -1 955 967 983 -1 983 967 977 -1 960 984 959 -1 958 968 985 -1 978 961 986 -1 951 987 977 -1 987 962 979 -1 951 962 987 -1 963 970 980 -1 966 975 982 -1 988 973 989 -1 973 955 989 -1 974 956 976 -1 989 955 990 -1 975 950 991 -1 991 959 992 -1 950 959 991 -1 955 983 990 -1 990 983 993 -1 976 949 994 -1 949 958 985 -1 984 992 959 -1 993 983 977 -1 987 993 977 -1 993 987 995 -1 984 960 996 -1 960 978 997 -1 997 978 998 -1 998 978 986 -1 971 999 979 -1 986 961 980 -1 1000 999 971 -1 1001 988 989 -1 981 1000 971 -1 970 1002 980 -1 1002 970 1003 -1 1003 970 1004 -1 981 982 1005 -1 965 1004 970 -1 982 1006 1007 -1 972 1004 965 -1 974 1004 972 -1 975 991 1006 -1 982 975 1006 -1 991 992 1006 -1 974 976 994 -1 994 949 1008 -1 949 985 1008 -1 995 1009 993 -1 960 997 996 -1 1010 995 987 -1 979 1010 987 -1 1010 1011 995 -1 1012 1007 1013 -1 999 1010 979 -1 1014 992 984 -1 986 1015 1016 -1 1011 1010 999 -1 980 1015 986 -1 1001 989 1017 -1 1011 999 1000 -1 1015 980 1002 -1 1000 981 1018 -1 1005 1018 981 -1 982 1007 1005 -1 989 990 1017 -1 974 1019 1004 -1 1007 1006 1013 -1 974 994 1020 -1 992 1013 1006 -1 1014 1013 992 -1 993 1021 990 -1 1009 1021 993 -1 996 997 1022 -1 1022 997 1023 -1 997 998 1024 -1 1024 1023 997 -1 998 1016 1025 -1 986 1016 998 -1 1012 1005 1007 -1 1014 1012 1013 -1 1014 984 1026 -1 1026 984 1027 -1 1011 1009 995 -1 1011 1028 1009 -1 1000 1028 1011 -1 1016 1015 1029 -1 1029 1015 1030 -1 1031 1018 1005 -1 1030 1015 1032 -1 1002 1032 1015 -1 1033 1003 1004 -1 1033 1004 1019 -1 1034 1019 974 -1 996 1027 984 -1 1027 996 1035 -1 1034 974 1020 -1 1020 994 1036 -1 994 1008 1036 -1 1008 985 1037 -1 1021 1017 990 -1 1022 1038 1035 -1 1022 1035 996 -1 1022 1023 1039 -1 1038 1022 1039 -1 1012 1014 1040 -1 1014 1026 1040 -1 1041 1009 1028 -1 1025 1016 1029 -1 1002 1003 1032 -1 1032 1003 1033 -1 1033 1019 1034 -1 1034 1020 1042 -1 1018 1028 1000 -1 1041 1028 1018 -1 1029 1043 1025 -1 1029 1030 1043 -1 1043 1030 1044 -1 1032 1044 1030 -1 1045 1032 1033 -1 1035 1038 1046 -1 1020 1036 1042 -1 998 1025 1024 -1 1012 1040 1005 -1 1005 1040 1047 -1 1048 1047 1040 -1 1026 1048 1040 -1 1026 1027 1049 -1 1045 1044 1032 -1 1045 1033 1050 -1 1051 1046 1038 -1 1038 1039 1051 -1 1052 1035 1046 -1 1027 1035 1052 -1 1049 1027 1052 -1 1051 1039 1053 -1 1039 1023 1053 -1 1053 1023 1054 -1 1024 1054 1023 -1 1024 1025 1054 -1 1017 1021 1055 -1 1055 1021 1056 -1 1041 1021 1009 -1 1021 1041 1056 -1 1017 1057 1001 -1 1041 1058 1056 -1 1058 1041 1018 -1 1057 1017 1055 -1 1058 1018 1031 -1 1046 1051 1059 -1 1053 1054 1060 -1 1060 1054 1061 -1 1054 1025 1061 -1 1025 1043 1061 -1 1044 1045 1062 -1 1051 1053 1059 -1 1059 1052 1046 -1 1057 1055 1063 -1 1063 1055 1064 -1 1064 1055 1056 -1 1031 1065 1058 -1 1066 1065 1031 -1 1031 1005 1067 -1 1067 1066 1031 -1 1005 1047 1067 -1 1053 1068 1059 -1 1069 1070 1059 -1 1052 1059 1070 -1 1049 1052 1070 -1 1060 1068 1053 -1 1061 1043 1071 -1 1071 1043 1062 -1 1043 1044 1062 -1 1060 1061 1072 -1 1071 1062 1073 -1 1069 1059 1068 -1 1068 1060 1072 -1 1065 1056 1058 -1 1074 1057 1075 -1 1063 1075 1057 -1 1072 1061 1076 -1 1068 1077 1069 -1 1077 1068 1072 -1 1069 1077 1078 -1 1076 1071 1079 -1 1061 1071 1076 -1 1072 1080 1077 -1 1080 1081 1077 -1 1077 1081 1078 -1 1072 1076 1080 -1 1064 1082 1063 -1 1083 1084 1065 -1 1066 1083 1065 -1 1067 1047 1085 -1 1085 1066 1067 -1 1086 1064 1056 -1 1084 1056 1065 -1 1086 1056 1084 -1 1076 1081 1080 -1 1082 1087 1063 -1 1086 1082 1064 -1 1087 1075 1063 -1 1088 1087 1082 -1 1082 1086 1089 -1 1089 1088 1082 -1 1086 1084 1090 -1 1090 1089 1086 -1 1083 1090 1084 -1 1091 1092 1093 -1 1094 1095 1096 -1 1093 1096 1095 -1 1097 1091 1098 -1 1097 1092 1091 -1 1093 1099 1091 -1 1100 1092 1097 -1 1099 1093 1095 -1 1101 1100 1097 -1 1094 1102 1103 -1 1099 1098 1091 -1 1104 1097 1098 -1 1105 1106 1107 -1 1101 1097 1108 -1 1095 1109 1099 -1 1109 1110 1099 -1 1098 1099 1110 -1 1107 1111 1105 -1 1112 1101 1113 -1 1112 1114 1115 -1 1110 1104 1098 -1 1108 1097 1104 -1 1108 1113 1101 -1 1095 1094 1103 -1 1106 1115 1114 -1 1103 1102 1116 -1 1107 1106 1117 -1 1107 1118 1111 -1 1106 1114 1117 -1 1116 1119 1103 -1 1120 1108 1104 -1 1113 1108 1120 -1 1121 1111 1118 -1 1122 1111 1121 -1 1123 1116 1124 -1 1118 1107 1117 -1 1125 1095 1103 -1 1095 1125 1109 -1 1113 1114 1112 -1 1120 1104 1126 -1 1127 1113 1120 -1 1110 1128 1104 -1 1128 1126 1104 -1 1118 1117 1129 -1 1130 1110 1109 -1 1130 1128 1110 -1 1117 1114 1131 -1 1117 1131 1129 -1 1103 1119 1132 -1 1132 1125 1103 -1 1133 1122 1134 -1 1128 1130 1135 -1 1123 1124 1136 -1 1129 1137 1118 -1 1118 1137 1121 -1 1121 1134 1122 -1 1114 1113 1127 -1 1130 1109 1125 -1 1131 1114 1138 -1 1136 1139 1123 -1 1140 1141 1142 -1 1142 1143 1140 -1 1144 1140 1143 -1 1145 1116 1123 -1 1119 1116 1145 -1 1129 1131 1146 -1 1120 1147 1127 -1 1129 1148 1137 -1 1134 1121 1137 -1 1136 1149 1139 -1 1127 1147 1150 -1 1127 1138 1114 -1 1134 1151 1152 -1 1133 1134 1152 -1 1141 1133 1152 -1 1120 1126 1153 -1 1119 1154 1132 -1 1134 1137 1155 -1 1125 1132 1156 -1 1149 1157 1139 -1 1138 1127 1150 -1 1158 1159 1160 -1 1161 1160 1159 -1 1142 1141 1162 -1 1143 1161 1144 -1 1163 1145 1123 -1 1123 1139 1164 -1 1163 1123 1164 -1 1119 1145 1154 -1 1156 1132 1154 -1 1147 1120 1153 -1 1129 1146 1148 -1 1137 1148 1165 -1 1130 1125 1166 -1 1135 1130 1167 -1 1128 1135 1126 -1 1134 1155 1151 -1 1168 1131 1138 -1 1146 1131 1168 -1 1158 1160 1169 -1 1160 1161 1169 -1 1141 1152 1170 -1 1162 1141 1170 -1 1171 1135 1167 -1 1153 1126 1172 -1 1155 1137 1165 -1 1125 1156 1166 -1 1173 1174 1175 -1 1174 1176 1177 -1 1158 1176 1174 -1 1158 1169 1176 -1 1169 1161 1178 -1 1161 1143 1179 -1 1143 1142 1180 -1 1178 1161 1179 -1 1181 1182 1183 -1 1164 1139 1184 -1 1163 1185 1145 -1 1145 1185 1154 -1 1126 1135 1172 -1 1147 1186 1150 -1 1148 1146 1187 -1 1167 1130 1166 -1 1188 1189 1190 -1 1190 1173 1175 -1 1189 1173 1190 -1 1151 1191 1152 -1 1175 1174 1177 -1 1169 1178 1176 -1 1152 1191 1170 -1 1143 1180 1179 -1 1182 1192 1183 -1 1193 1172 1194 -1 1193 1153 1172 -1 1184 1139 1157 -1 1153 1193 1147 -1 1193 1186 1147 -1 1150 1186 1195 -1 1156 1154 1196 -1 1171 1172 1135 -1 1166 1197 1167 -1 1168 1138 1198 -1 1187 1146 1168 -1 1184 1157 1199 -1 1199 1157 1200 -1 1162 1201 1142 -1 1180 1142 1201 -1 1164 1184 1202 -1 1203 1164 1202 -1 1163 1164 1203 -1 1196 1154 1185 -1 1196 1197 1156 -1 1166 1156 1197 -1 1138 1150 1195 -1 1187 1168 1204 -1 1183 1205 1181 -1 1192 1206 1183 -1 1165 1148 1187 -1 1207 1188 1208 -1 1188 1190 1209 -1 1190 1175 1210 -1 1175 1177 1210 -1 1176 1211 1177 -1 1178 1179 1212 -1 1172 1171 1213 -1 1206 1214 1183 -1 1163 1203 1215 -1 1185 1163 1215 -1 1216 1217 1218 -1 1217 1207 1218 -1 1207 1208 1218 -1 1188 1209 1208 -1 1209 1190 1210 -1 1211 1176 1212 -1 1176 1178 1212 -1 1219 1212 1179 -1 1179 1180 1219 -1 1151 1155 1220 -1 1218 1208 1221 -1 1222 1221 1208 -1 1222 1209 1223 -1 1208 1209 1222 -1 1209 1210 1223 -1 1210 1224 1223 -1 1210 1177 1224 -1 1211 1224 1177 -1 1201 1162 1225 -1 1165 1187 1226 -1 1202 1184 1227 -1 1213 1194 1172 -1 1155 1165 1226 -1 1228 1229 1230 -1 1228 1216 1229 -1 1216 1218 1231 -1 1232 1231 1218 -1 1232 1218 1221 -1 1185 1233 1196 -1 1138 1195 1198 -1 1222 1234 1221 -1 1234 1235 1236 -1 1235 1234 1222 -1 1223 1235 1222 -1 1237 1171 1167 -1 1238 1235 1223 -1 1223 1224 1238 -1 1239 1240 1206 -1 1241 1240 1239 -1 1206 1240 1214 -1 1211 1212 1242 -1 1191 1243 1170 -1 1244 1183 1214 -1 1180 1201 1219 -1 1245 1219 1201 -1 1242 1212 1246 -1 1247 1183 1244 -1 1246 1212 1219 -1 1248 1181 1249 -1 1249 1205 1250 -1 1181 1205 1249 -1 1183 1247 1205 -1 1247 1250 1205 -1 1251 1240 1252 -1 1253 1213 1171 -1 1252 1254 1251 -1 1229 1231 1255 -1 1216 1231 1229 -1 1256 1255 1231 -1 1232 1256 1231 -1 1221 1257 1258 -1 1195 1186 1259 -1 1256 1232 1258 -1 1221 1258 1232 -1 1191 1151 1220 -1 1243 1191 1220 -1 1215 1233 1185 -1 1214 1240 1251 -1 1244 1214 1251 -1 1251 1260 1244 -1 1261 1197 1196 -1 1251 1262 1260 -1 1263 1244 1260 -1 1261 1237 1197 -1 1257 1262 1254 -1 1167 1197 1237 -1 1234 1257 1221 -1 1236 1257 1234 -1 1262 1257 1236 -1 1236 1264 1262 -1 1265 1264 1238 -1 1264 1236 1238 -1 1238 1236 1235 -1 1252 1240 1241 -1 1224 1266 1238 -1 1242 1266 1224 -1 1224 1211 1242 -1 1162 1170 1267 -1 1246 1219 1268 -1 1253 1269 1213 -1 1254 1270 1257 -1 1258 1257 1270 -1 1226 1220 1155 -1 1255 1256 1271 -1 1256 1258 1270 -1 1270 1271 1256 -1 1168 1198 1272 -1 1251 1254 1262 -1 1273 1263 1260 -1 1264 1260 1262 -1 1226 1187 1204 -1 1264 1273 1260 -1 1273 1264 1265 -1 1274 1230 1275 -1 1276 1230 1274 -1 1274 1277 1276 -1 1277 1274 1278 -1 1230 1279 1275 -1 1230 1229 1279 -1 1266 1265 1238 -1 1243 1267 1170 -1 1280 1248 1249 -1 1249 1250 1281 -1 1244 1263 1247 -1 1282 1250 1247 -1 1282 1281 1250 -1 1282 1247 1263 -1 1252 1241 1278 -1 1283 1279 1229 -1 1194 1213 1269 -1 1229 1255 1283 -1 1255 1284 1283 -1 1285 1254 1252 -1 1194 1186 1193 -1 1203 1286 1287 -1 1288 1270 1285 -1 1254 1285 1270 -1 1203 1287 1215 -1 1203 1202 1286 -1 1255 1271 1284 -1 1271 1270 1288 -1 1243 1220 1289 -1 1290 1196 1233 -1 1204 1168 1272 -1 1291 1226 1204 -1 1242 1292 1266 -1 1278 1241 1277 -1 1201 1225 1293 -1 1268 1219 1245 -1 1227 1184 1294 -1 1278 1295 1252 -1 1296 1202 1227 -1 1252 1295 1285 -1 1286 1202 1296 -1 1259 1186 1297 -1 1233 1215 1287 -1 1290 1261 1196 -1 1265 1266 1292 -1 1253 1237 1298 -1 1171 1237 1253 -1 1275 1279 1299 -1 1299 1279 1300 -1 1162 1267 1225 -1 1226 1291 1220 -1 1245 1201 1293 -1 1280 1249 1281 -1 1281 1282 1301 -1 1263 1273 1282 -1 1282 1273 1301 -1 1302 1301 1273 -1 1302 1273 1265 -1 1303 1304 1305 -1 1305 1304 1280 -1 1199 1294 1184 -1 1275 1299 1306 -1 1274 1275 1306 -1 1283 1300 1279 -1 1300 1283 1307 -1 1291 1308 1220 -1 1286 1309 1287 -1 1278 1274 1306 -1 1295 1278 1306 -1 1309 1286 1296 -1 1295 1310 1285 -1 1307 1283 1311 -1 1284 1311 1283 -1 1312 1285 1310 -1 1285 1312 1288 -1 1220 1308 1289 -1 1284 1271 1312 -1 1288 1312 1271 -1 1243 1289 1313 -1 1292 1302 1265 -1 1298 1314 1253 -1 1269 1253 1314 -1 1292 1242 1315 -1 1293 1225 1316 -1 1186 1194 1297 -1 1245 1317 1268 -1 1195 1259 1318 -1 1319 1195 1318 -1 1198 1195 1319 -1 1272 1198 1319 -1 1291 1204 1320 -1 1321 1306 1299 -1 1300 1321 1299 -1 1194 1269 1297 -1 1322 1306 1321 -1 1323 1308 1291 -1 1300 1307 1321 -1 1295 1306 1322 -1 1310 1295 1324 -1 1307 1311 1325 -1 1311 1284 1325 -1 1325 1312 1310 -1 1312 1325 1284 -1 1233 1287 1290 -1 1243 1313 1267 -1 1298 1261 1290 -1 1272 1320 1204 -1 1242 1246 1315 -1 1315 1246 1317 -1 1246 1268 1317 -1 1225 1267 1316 -1 1326 1301 1302 -1 1292 1326 1302 -1 1327 1281 1328 -1 1281 1301 1328 -1 1326 1328 1301 -1 1327 1329 1280 -1 1280 1281 1327 -1 1323 1291 1320 -1 1322 1307 1330 -1 1321 1307 1322 -1 1331 1330 1307 -1 1324 1295 1322 -1 1331 1310 1324 -1 1307 1325 1331 -1 1325 1310 1331 -1 1287 1309 1332 -1 1297 1333 1259 -1 1318 1259 1333 -1 1290 1287 1334 -1 1315 1335 1292 -1 1335 1315 1336 -1 1315 1317 1337 -1 1320 1272 1338 -1 1298 1237 1261 -1 1317 1245 1339 -1 1323 1340 1308 -1 1324 1322 1330 -1 1331 1324 1330 -1 1267 1313 1341 -1 1342 1319 1318 -1 1316 1267 1341 -1 1314 1298 1343 -1 1337 1317 1344 -1 1317 1339 1344 -1 1293 1345 1245 -1 1328 1326 1346 -1 1328 1347 1327 -1 1335 1346 1326 -1 1292 1335 1326 -1 1346 1347 1328 -1 1348 1349 1350 -1 1350 1351 1348 -1 1351 1303 1352 -1 1350 1303 1351 -1 1348 1353 1349 -1 1354 1353 1348 -1 1303 1305 1352 -1 1329 1305 1280 -1 1329 1352 1305 -1 1335 1336 1355 -1 1315 1337 1336 -1 1293 1316 1356 -1 1339 1245 1345 -1 1332 1334 1287 -1 1344 1357 1337 -1 1338 1272 1319 -1 1298 1290 1358 -1 1359 1289 1308 -1 1289 1359 1360 -1 1289 1360 1313 -1 1314 1361 1269 -1 1269 1361 1297 -1 1361 1333 1297 -1 1362 1337 1357 -1 1336 1337 1362 -1 1319 1342 1363 -1 1339 1345 1364 -1 1357 1344 1365 -1 1344 1339 1364 -1 1365 1344 1364 -1 1290 1334 1358 -1 1346 1335 1355 -1 1341 1313 1360 -1 1365 1362 1357 -1 1345 1293 1356 -1 1355 1336 1366 -1 1338 1319 1363 -1 1358 1343 1298 -1 1359 1308 1340 -1 1336 1362 1367 -1 1341 1368 1316 -1 1356 1316 1368 -1 1364 1345 1369 -1 1369 1370 1364 -1 1365 1364 1370 -1 1371 1309 1296 -1 1332 1309 1371 -1 1358 1334 1372 -1 1355 1373 1346 -1 1347 1346 1373 -1 1374 1375 1348 -1 1348 1351 1374 -1 1375 1374 1376 -1 1377 1374 1351 -1 1352 1377 1351 -1 1374 1377 1378 -1 1378 1376 1374 -1 1352 1329 1379 -1 1377 1352 1380 -1 1378 1377 1380 -1 1379 1380 1352 -1 1348 1381 1354 -1 1375 1381 1348 -1 1382 1379 1329 -1 1329 1327 1382 -1 1327 1347 1382 -1 1383 1382 1347 -1 1347 1373 1383 -1 1365 1370 1362 -1 1369 1345 1356 -1 1336 1384 1366 -1 1384 1336 1367 -1 1318 1333 1385 -1 1296 1386 1371 -1 1387 1343 1358 -1 1361 1314 1388 -1 1361 1385 1333 -1 1342 1318 1385 -1 1387 1358 1372 -1 1338 1323 1320 -1 1388 1314 1343 -1 1360 1359 1389 -1 1360 1390 1341 -1 1373 1355 1391 -1 1392 1373 1391 -1 1355 1366 1391 -1 1363 1342 1393 -1 1323 1338 1394 -1 1359 1340 1395 -1 1390 1360 1389 -1 1367 1362 1396 -1 1370 1396 1362 -1 1369 1356 1397 -1 1366 1384 1398 -1 1399 1366 1398 -1 1332 1372 1334 -1 1400 1372 1332 -1 1401 1384 1367 -1 1402 1392 1391 -1 1391 1366 1399 -1 1403 1378 1404 -1 1404 1378 1380 -1 1380 1379 1404 -1 1379 1382 1405 -1 1379 1405 1406 -1 1406 1404 1379 -1 1383 1392 1402 -1 1373 1392 1383 -1 1405 1383 1407 -1 1382 1383 1405 -1 1406 1405 1407 -1 1402 1407 1383 -1 1408 1332 1371 -1 1394 1338 1409 -1 1343 1410 1388 -1 1411 1340 1323 -1 1401 1367 1396 -1 1341 1390 1412 -1 1368 1341 1412 -1 1368 1397 1356 -1 1396 1370 1413 -1 1369 1413 1370 -1 1398 1384 1401 -1 1414 1385 1361 -1 1400 1332 1408 -1 1394 1411 1323 -1 1343 1387 1410 -1 1401 1396 1415 -1 1399 1398 1416 -1 1417 1376 1418 -1 1403 1376 1378 -1 1376 1403 1418 -1 1402 1391 1419 -1 1388 1420 1361 -1 1414 1361 1420 -1 1385 1393 1342 -1 1338 1363 1409 -1 1400 1387 1372 -1 1340 1411 1395 -1 1421 1359 1395 -1 1359 1421 1389 -1 1390 1389 1422 -1 1423 1369 1397 -1 1413 1369 1423 -1 1401 1416 1398 -1 1411 1394 1424 -1 1387 1400 1425 -1 1368 1412 1426 -1 1397 1368 1426 -1 1415 1396 1413 -1 1427 1416 1415 -1 1416 1401 1415 -1 1418 1428 1417 -1 1417 1428 1429 -1 1403 1404 1430 -1 1419 1431 1402 -1 1391 1399 1432 -1 1419 1391 1432 -1 1407 1433 1406 -1 1434 1433 1407 -1 1434 1407 1402 -1 1434 1402 1431 -1 1435 1404 1406 -1 1430 1404 1435 -1 1433 1435 1406 -1 1371 1386 1436 -1 1414 1393 1385 -1 1389 1421 1422 -1 1390 1422 1437 -1 1426 1438 1397 -1 1415 1413 1439 -1 1423 1397 1440 -1 1436 1408 1371 -1 1393 1441 1363 -1 1408 1442 1400 -1 1395 1411 1443 -1 1410 1387 1425 -1 1388 1410 1420 -1 1415 1439 1444 -1 1439 1413 1423 -1 1430 1418 1403 -1 1399 1416 1445 -1 1445 1416 1446 -1 1432 1399 1445 -1 1414 1447 1393 -1 1425 1400 1442 -1 1448 1425 1442 -1 1412 1390 1437 -1 1440 1397 1438 -1 1416 1427 1446 -1 1415 1444 1449 -1 1449 1427 1415 -1 1420 1450 1414 -1 1443 1411 1424 -1 1451 1395 1443 -1 1421 1395 1451 -1 1410 1452 1420 -1 1437 1422 1453 -1 1426 1412 1437 -1 1454 1423 1440 -1 1439 1423 1454 -1 1444 1439 1455 -1 1419 1456 1431 -1 1432 1456 1419 -1 1457 1430 1435 -1 1435 1433 1458 -1 1459 1458 1460 -1 1457 1458 1459 -1 1435 1458 1457 -1 1461 1458 1433 -1 1433 1434 1461 -1 1458 1461 1460 -1 1461 1431 1462 -1 1434 1431 1461 -1 1460 1461 1462 -1 1462 1431 1456 -1 1463 1464 1436 -1 1409 1363 1441 -1 1465 1394 1466 -1 1436 1464 1408 -1 1452 1410 1425 -1 1422 1421 1467 -1 1467 1453 1422 -1 1455 1449 1444 -1 1439 1454 1455 -1 1450 1447 1414 -1 1441 1393 1447 -1 1409 1466 1394 -1 1424 1465 1468 -1 1394 1465 1424 -1 1454 1440 1469 -1 1446 1427 1470 -1 1471 1446 1470 -1 1470 1449 1455 -1 1470 1455 1472 -1 1427 1449 1470 -1 1432 1445 1473 -1 1456 1432 1473 -1 1445 1446 1471 -1 1448 1452 1425 -1 1474 1437 1453 -1 1426 1437 1475 -1 1420 1452 1476 -1 1454 1472 1455 -1 1454 1469 1472 -1 1450 1420 1476 -1 1441 1447 1477 -1 1409 1441 1477 -1 1408 1464 1478 -1 1451 1479 1421 -1 1440 1438 1480 -1 1469 1440 1480 -1 1445 1471 1473 -1 1456 1473 1481 -1 1462 1482 1460 -1 1483 1482 1462 -1 1460 1482 1459 -1 1462 1456 1483 -1 1483 1456 1481 -1 1483 1481 1484 -1 1466 1409 1477 -1 1478 1442 1408 -1 1485 1453 1467 -1 1471 1470 1486 -1 1472 1469 1487 -1 1447 1450 1488 -1 1424 1468 1443 -1 1421 1479 1467 -1 1474 1475 1437 -1 1481 1473 1489 -1 1490 1473 1471 -1 1491 1488 1450 -1 1450 1476 1491 -1 1466 1477 1492 -1 1465 1466 1493 -1 1494 1452 1448 -1 1453 1485 1474 -1 1426 1475 1495 -1 1426 1496 1438 -1 1480 1438 1496 -1 1490 1471 1486 -1 1472 1497 1470 -1 1487 1469 1480 -1 1472 1487 1497 -1 1486 1470 1497 -1 1477 1447 1488 -1 1443 1468 1498 -1 1476 1452 1494 -1 1491 1476 1494 -1 1474 1485 1499 -1 1495 1500 1426 -1 1501 1480 1496 -1 1486 1497 1502 -1 1503 1502 1497 -1 1481 1489 1504 -1 1484 1481 1504 -1 1505 1490 1486 -1 1482 1483 1484 -1 1493 1466 1492 -1 1493 1506 1465 -1 1465 1507 1468 -1 1498 1468 1507 -1 1478 1508 1442 -1 1443 1509 1451 -1 1508 1448 1442 -1 1448 1510 1494 -1 1499 1467 1479 -1 1485 1467 1499 -1 1475 1474 1511 -1 1511 1495 1475 -1 1486 1502 1505 -1 1480 1512 1487 -1 1503 1497 1487 -1 1507 1465 1506 -1 1509 1443 1498 -1 1479 1451 1513 -1 1500 1496 1426 -1 1501 1496 1514 -1 1512 1503 1487 -1 1473 1490 1489 -1 1488 1492 1477 -1 1509 1498 1515 -1 1479 1513 1516 -1 1510 1448 1508 -1 1511 1474 1517 -1 1480 1501 1518 -1 1518 1512 1480 -1 1505 1502 1519 -1 1491 1520 1488 -1 1493 1492 1521 -1 1521 1506 1493 -1 1499 1479 1516 -1 1522 1510 1508 -1 1494 1510 1523 -1 1474 1499 1517 -1 1503 1524 1502 -1 1519 1502 1524 -1 1490 1525 1489 -1 1520 1491 1526 -1 1527 1488 1520 -1 1488 1527 1492 -1 1513 1451 1509 -1 1503 1512 1528 -1 1529 1503 1528 -1 1526 1494 1523 -1 1516 1530 1499 -1 1511 1531 1495 -1 1518 1501 1514 -1 1519 1524 1532 -1 1524 1503 1529 -1 1491 1494 1526 -1 1527 1533 1492 -1 1521 1492 1533 -1 1513 1509 1534 -1 1530 1517 1499 -1 1496 1500 1514 -1 1528 1512 1518 -1 1532 1524 1535 -1 1532 1536 1519 -1 1519 1536 1505 -1 1533 1527 1537 -1 1498 1507 1538 -1 1515 1498 1538 -1 1509 1515 1534 -1 1528 1518 1539 -1 1539 1529 1528 -1 1535 1524 1529 -1 1536 1532 1535 -1 1523 1510 1540 -1 1534 1515 1541 -1 1495 1531 1542 -1 1500 1495 1542 -1 1542 1543 1500 -1 1500 1543 1514 -1 1518 1514 1544 -1 1535 1545 1536 -1 1546 1535 1529 -1 1545 1535 1546 -1 1520 1526 1547 -1 1520 1537 1527 -1 1521 1548 1506 -1 1540 1510 1522 -1 1530 1549 1517 -1 1517 1531 1511 -1 1546 1529 1539 -1 1537 1520 1547 -1 1526 1523 1550 -1 1533 1548 1521 -1 1547 1526 1551 -1 1540 1550 1523 -1 1507 1506 1548 -1 1543 1544 1514 -1 1552 1539 1553 -1 1546 1539 1552 -1 1551 1526 1550 -1 1554 1533 1537 -1 1548 1533 1554 -1 1507 1548 1555 -1 1534 1516 1513 -1 1517 1549 1556 -1 1517 1556 1531 -1 1539 1518 1553 -1 1557 1537 1547 -1 1515 1538 1541 -1 1516 1534 1558 -1 1559 1530 1516 -1 1549 1530 1559 -1 1556 1560 1531 -1 1531 1560 1542 -1 1561 1518 1544 -1 1553 1518 1561 -1 1507 1555 1538 -1 1558 1559 1516 -1 1560 1543 1542 -1 1537 1562 1554 -1 1548 1563 1555 -1 1564 1544 1543 -1 1565 1541 1566 -1 1534 1541 1565 -1 1562 1537 1557 -1 1548 1554 1567 -1 1541 1538 1568 -1 1565 1558 1534 -1 1567 1563 1548 -1 1555 1563 1568 -1 1538 1555 1568 -1 1554 1562 1569 -1 1567 1554 1569 -1 1563 1570 1568 -1 1571 1541 1568 -1 1541 1571 1566 -1 1562 1557 1572 -1 1567 1573 1563 -1 1563 1573 1570 -1 1569 1562 1572 -1 1567 1569 1574 -1 1573 1567 1574 -1 1574 1569 1572 -1 1570 1573 1575 -1 1573 1574 1576 -1 1575 1573 1576 -1 1577 1578 1579 -1 1578 1577 1580 -1 1578 1580 1581 -1 1581 1580 1582 -1 1579 1578 1583 -1 1578 1581 1584 -1 1584 1583 1578 -1 1580 1585 1582 -1 1582 1586 1581 -1 1581 1586 1584 -1 1587 1586 1582 -1 1588 1589 1580 -1 1577 1588 1580 -1 1590 1588 1591 -1 1588 1590 1589 -1 1588 1577 1591 -1 1577 1579 1591 -1 1589 1585 1580 -1 1587 1582 1592 -1 1593 1587 1592 -1 1584 1586 1594 -1 1594 1587 1595 -1 1586 1587 1594 -1 1593 1595 1587 -1 1593 1596 1595 -1 1596 1593 1597 -1 1589 1590 1598 -1 1599 1589 1598 -1 1591 1579 1600 -1 1579 1583 1600 -1 1601 1602 1603 -1 1604 1605 1606 -1 1583 1584 1607 -1 1606 1605 1603 -1 1601 1603 1605 -1 1601 1605 1608 -1 1602 1609 1610 -1 1609 1602 1601 -1 1609 1601 1611 -1 1585 1612 1582 -1 1592 1582 1612 -1 1605 1604 1613 -1 1608 1605 1613 -1 1608 1613 1614 -1 1608 1611 1601 -1 1611 1608 1615 -1 1615 1608 1614 -1 1597 1593 1592 -1 1616 1617 1598 -1 1598 1590 1616 -1 1590 1591 1616 -1 1591 1600 1618 -1 1600 1583 1607 -1 1619 1603 1602 -1 1606 1603 1620 -1 1589 1599 1585 -1 1610 1621 1619 -1 1622 1610 1609 -1 1622 1609 1623 -1 1624 1607 1584 -1 1619 1602 1610 -1 1584 1594 1624 -1 1609 1611 1623 -1 1611 1625 1623 -1 1625 1611 1615 -1 1624 1594 1626 -1 1595 1626 1594 -1 1626 1595 1627 -1 1628 1604 1629 -1 1628 1613 1604 -1 1592 1630 1597 -1 1595 1596 1627 -1 1631 1613 1632 -1 1614 1613 1631 -1 1615 1614 1631 -1 1633 1634 1635 -1 1598 1617 1636 -1 1636 1637 1598 -1 1617 1616 1638 -1 1638 1616 1618 -1 1619 1621 1639 -1 1616 1591 1618 -1 1600 1607 1640 -1 1618 1600 1640 -1 1620 1619 1639 -1 1603 1619 1620 -1 1641 1604 1620 -1 1629 1604 1641 -1 1620 1604 1606 -1 1642 1643 1622 -1 1644 1607 1624 -1 1643 1621 1610 -1 1622 1643 1610 -1 1644 1624 1645 -1 1646 1623 1625 -1 1599 1612 1585 -1 1647 1612 1599 -1 1625 1615 1648 -1 1624 1626 1645 -1 1626 1627 1645 -1 1630 1592 1612 -1 1649 1613 1628 -1 1613 1649 1650 -1 1651 1613 1650 -1 1632 1613 1651 -1 1651 1631 1632 -1 1633 1597 1630 -1 1615 1652 1648 -1 1627 1596 1653 -1 1635 1596 1597 -1 1631 1652 1615 -1 1596 1635 1653 -1 1635 1597 1633 -1 1621 1654 1655 -1 1639 1621 1655 -1 1656 1618 1640 -1 1638 1618 1656 -1 1598 1637 1599 -1 1642 1657 1658 -1 1642 1658 1643 -1 1659 1642 1660 -1 1657 1642 1659 -1 1658 1654 1643 -1 1643 1654 1621 -1 1622 1660 1642 -1 1661 1660 1622 -1 1623 1661 1622 -1 1661 1623 1646 -1 1629 1662 1628 -1 1663 1649 1628 -1 1630 1612 1664 -1 1631 1651 1652 -1 1665 1633 1630 -1 1666 1645 1627 -1 1666 1627 1667 -1 1627 1653 1667 -1 1634 1633 1665 -1 1635 1634 1668 -1 1653 1635 1668 -1 1634 1665 1669 -1 1669 1665 1670 -1 1669 1671 1668 -1 1634 1669 1668 -1 1672 1673 1674 -1 1675 1672 1674 -1 1674 1673 1676 -1 1676 1677 1674 -1 1678 1679 1657 -1 1679 1680 1657 -1 1657 1659 1678 -1 1658 1680 1681 -1 1657 1680 1658 -1 1655 1654 1682 -1 1637 1683 1599 -1 1662 1629 1684 -1 1685 1647 1599 -1 1620 1639 1655 -1 1646 1625 1648 -1 1681 1654 1658 -1 1647 1664 1612 -1 1663 1628 1662 -1 1649 1663 1686 -1 1630 1687 1665 -1 1651 1650 1688 -1 1689 1652 1651 -1 1648 1652 1690 -1 1653 1668 1691 -1 1691 1667 1653 -1 1665 1687 1670 -1 1668 1671 1691 -1 1670 1687 1692 -1 1691 1671 1693 -1 1669 1670 1672 -1 1671 1669 1693 -1 1693 1672 1675 -1 1669 1672 1693 -1 1672 1670 1673 -1 1677 1694 1674 -1 1674 1694 1695 -1 1696 1697 1698 -1 1694 1677 1699 -1 1700 1701 1702 -1 1694 1699 1697 -1 1697 1699 1698 -1 1702 1701 1703 -1 1703 1701 1679 -1 1679 1678 1703 -1 1703 1678 1704 -1 1640 1705 1656 -1 1683 1637 1706 -1 1678 1707 1704 -1 1680 1679 1708 -1 1678 1659 1707 -1 1709 1707 1659 -1 1680 1708 1681 -1 1659 1660 1709 -1 1599 1683 1685 -1 1654 1681 1682 -1 1655 1682 1710 -1 1607 1644 1640 -1 1641 1684 1629 -1 1644 1645 1711 -1 1666 1711 1645 -1 1620 1655 1641 -1 1712 1648 1713 -1 1664 1647 1714 -1 1648 1712 1646 -1 1713 1648 1690 -1 1660 1661 1709 -1 1630 1664 1687 -1 1646 1712 1661 -1 1663 1662 1715 -1 1716 1666 1667 -1 1688 1689 1651 -1 1717 1667 1691 -1 1718 1717 1691 -1 1691 1693 1718 -1 1718 1693 1719 -1 1693 1675 1719 -1 1673 1670 1720 -1 1721 1676 1673 -1 1719 1674 1695 -1 1674 1719 1675 -1 1722 1723 1695 -1 1695 1694 1722 -1 1722 1694 1724 -1 1694 1697 1724 -1 1725 1726 1698 -1 1699 1725 1698 -1 1697 1696 1727 -1 1724 1697 1727 -1 1696 1698 1726 -1 1637 1636 1706 -1 1696 1726 1728 -1 1727 1728 1729 -1 1696 1728 1727 -1 1728 1726 1730 -1 1729 1728 1730 -1 1731 1730 1732 -1 1729 1730 1733 -1 1700 1730 1731 -1 1730 1700 1733 -1 1733 1700 1702 -1 1734 1733 1702 -1 1735 1736 1701 -1 1701 1700 1735 -1 1702 1703 1737 -1 1734 1702 1737 -1 1736 1708 1679 -1 1679 1701 1736 -1 1738 1737 1703 -1 1703 1704 1738 -1 1711 1640 1644 -1 1647 1685 1714 -1 1664 1714 1687 -1 1739 1687 1714 -1 1692 1720 1670 -1 1641 1740 1684 -1 1710 1740 1655 -1 1641 1655 1740 -1 1667 1717 1716 -1 1718 1719 1741 -1 1721 1673 1720 -1 1742 1676 1721 -1 1676 1742 1677 -1 1709 1661 1743 -1 1699 1677 1742 -1 1661 1712 1743 -1 1741 1719 1695 -1 1690 1689 1744 -1 1689 1688 1744 -1 1652 1689 1690 -1 1724 1727 1745 -1 1725 1746 1726 -1 1745 1722 1724 -1 1746 1732 1726 -1 1747 1745 1727 -1 1727 1729 1747 -1 1730 1726 1732 -1 1729 1733 1747 -1 1731 1735 1700 -1 1748 1734 1749 -1 1733 1734 1748 -1 1736 1750 1708 -1 1681 1708 1751 -1 1734 1737 1749 -1 1749 1737 1752 -1 1737 1738 1752 -1 1685 1683 1753 -1 1738 1704 1754 -1 1704 1707 1754 -1 1711 1705 1640 -1 1666 1755 1711 -1 1753 1756 1685 -1 1685 1756 1714 -1 1682 1681 1757 -1 1716 1758 1666 -1 1692 1687 1759 -1 1662 1684 1760 -1 1662 1760 1715 -1 1720 1692 1759 -1 1716 1717 1761 -1 1717 1741 1761 -1 1741 1717 1718 -1 1742 1721 1762 -1 1699 1742 1763 -1 1763 1764 1699 -1 1764 1725 1699 -1 1741 1723 1765 -1 1723 1741 1695 -1 1766 1765 1722 -1 1767 1766 1722 -1 1745 1767 1722 -1 1747 1767 1745 -1 1733 1748 1747 -1 1748 1749 1768 -1 1769 1683 1706 -1 1770 1708 1750 -1 1751 1708 1770 -1 1683 1769 1753 -1 1768 1749 1752 -1 1755 1705 1711 -1 1754 1752 1738 -1 1771 1756 1753 -1 1754 1707 1772 -1 1707 1709 1772 -1 1772 1709 1743 -1 1739 1714 1756 -1 1773 1774 1710 -1 1682 1757 1773 -1 1751 1757 1681 -1 1773 1710 1682 -1 1739 1759 1687 -1 1775 1743 1712 -1 1774 1684 1740 -1 1740 1710 1774 -1 1760 1684 1774 -1 1741 1765 1761 -1 1720 1776 1721 -1 1746 1777 1732 -1 1722 1765 1723 -1 1778 1767 1747 -1 1778 1747 1748 -1 1748 1768 1778 -1 1735 1779 1736 -1 1779 1750 1736 -1 1780 1781 1782 -1 1751 1770 1783 -1 1757 1751 1783 -1 1705 1755 1781 -1 1784 1768 1752 -1 1771 1753 1769 -1 1784 1752 1785 -1 1752 1754 1785 -1 1772 1785 1754 -1 1771 1739 1756 -1 1739 1771 1786 -1 1666 1758 1755 -1 1786 1759 1739 -1 1761 1787 1716 -1 1772 1743 1788 -1 1743 1775 1788 -1 1725 1764 1789 -1 1776 1720 1759 -1 1790 1721 1776 -1 1789 1746 1725 -1 1761 1765 1791 -1 1762 1790 1792 -1 1721 1790 1762 -1 1793 1765 1766 -1 1762 1763 1742 -1 1713 1775 1712 -1 1763 1794 1764 -1 1795 1767 1778 -1 1778 1768 1796 -1 1779 1735 1797 -1 1755 1782 1781 -1 1784 1796 1768 -1 1782 1755 1798 -1 1787 1758 1716 -1 1791 1787 1761 -1 1794 1789 1764 -1 1757 1783 1799 -1 1757 1799 1773 -1 1795 1800 1766 -1 1767 1795 1766 -1 1790 1776 1801 -1 1789 1777 1746 -1 1802 1732 1777 -1 1732 1802 1803 -1 1774 1804 1760 -1 1793 1791 1765 -1 1797 1735 1731 -1 1732 1803 1731 -1 1713 1690 1805 -1 1775 1713 1805 -1 1690 1806 1807 -1 1792 1763 1762 -1 1793 1766 1800 -1 1794 1763 1808 -1 1744 1806 1690 -1 1771 1809 1786 -1 1758 1798 1755 -1 1759 1786 1810 -1 1811 1759 1810 -1 1759 1811 1776 -1 1787 1812 1758 -1 1812 1787 1791 -1 1801 1776 1811 -1 1790 1801 1813 -1 1790 1813 1792 -1 1791 1814 1812 -1 1791 1793 1814 -1 1763 1792 1808 -1 1815 1794 1808 -1 1816 1797 1803 -1 1731 1803 1797 -1 1817 1779 1797 -1 1817 1750 1779 -1 1818 1784 1785 -1 1783 1770 1819 -1 1783 1819 1820 -1 1772 1821 1785 -1 1788 1821 1772 -1 1784 1818 1796 -1 1783 1820 1799 -1 1773 1822 1774 -1 1804 1774 1822 -1 1799 1822 1773 -1 1815 1789 1794 -1 1777 1789 1802 -1 1803 1802 1816 -1 1795 1796 1823 -1 1796 1795 1778 -1 1796 1818 1824 -1 1750 1817 1825 -1 1750 1825 1770 -1 1826 1799 1820 -1 1770 1825 1819 -1 1818 1785 1821 -1 1821 1788 1827 -1 1828 1815 1808 -1 1775 1805 1788 -1 1815 1828 1789 -1 1805 1690 1807 -1 1789 1828 1802 -1 1816 1829 1797 -1 1796 1824 1823 -1 1830 1769 1831 -1 1769 1830 1771 -1 1771 1830 1809 -1 1809 1832 1786 -1 1810 1786 1832 -1 1812 1833 1758 -1 1811 1834 1801 -1 1835 1801 1834 -1 1813 1801 1835 -1 1836 1814 1793 -1 1813 1837 1792 -1 1792 1837 1808 -1 1838 1836 1793 -1 1800 1838 1793 -1 1830 1831 1839 -1 1840 1830 1839 -1 1830 1840 1809 -1 1832 1809 1840 -1 1782 1798 1841 -1 1810 1832 1842 -1 1798 1758 1833 -1 1811 1810 1843 -1 1843 1844 1811 -1 1834 1811 1844 -1 1812 1814 1845 -1 1836 1845 1814 -1 1828 1846 1802 -1 1835 1837 1813 -1 1823 1847 1800 -1 1823 1800 1795 -1 1845 1836 1838 -1 1846 1816 1802 -1 1808 1837 1848 -1 1828 1808 1848 -1 1829 1817 1797 -1 1817 1829 1849 -1 1817 1849 1825 -1 1818 1821 1850 -1 1819 1825 1851 -1 1820 1819 1826 -1 1826 1852 1799 -1 1822 1799 1852 -1 1852 1853 1804 -1 1852 1804 1822 -1 1827 1788 1805 -1 1854 1805 1807 -1 1855 1825 1849 -1 1856 1824 1818 -1 1856 1818 1850 -1 1851 1825 1855 -1 1826 1819 1851 -1 1821 1857 1850 -1 1827 1857 1821 -1 1858 1841 1798 -1 1833 1859 1798 -1 1843 1810 1842 -1 1828 1860 1846 -1 1812 1861 1833 -1 1812 1845 1861 -1 1862 1863 1845 -1 1846 1829 1816 -1 1864 1837 1835 -1 1838 1862 1845 -1 1805 1854 1827 -1 1837 1864 1848 -1 1838 1800 1847 -1 1865 1847 1823 -1 1847 1865 1866 -1 1867 1829 1846 -1 1860 1867 1846 -1 1865 1823 1824 -1 1849 1829 1868 -1 1868 1855 1849 -1 1850 1869 1856 -1 1840 1839 1870 -1 1857 1827 1871 -1 1832 1840 1872 -1 1832 1872 1842 -1 1842 1872 1873 -1 1842 1873 1874 -1 1842 1874 1843 -1 1843 1874 1844 -1 1875 1834 1844 -1 1875 1835 1834 -1 1828 1848 1860 -1 1835 1875 1864 -1 1875 1876 1864 -1 1798 1859 1858 -1 1833 1861 1859 -1 1861 1863 1859 -1 1863 1861 1845 -1 1867 1860 1877 -1 1866 1865 1878 -1 1829 1867 1868 -1 1824 1878 1865 -1 1869 1850 1879 -1 1879 1850 1857 -1 1880 1826 1851 -1 1870 1872 1840 -1 1852 1826 1881 -1 1853 1852 1881 -1 1874 1882 1844 -1 1875 1844 1882 -1 1880 1881 1826 -1 1883 1848 1864 -1 1884 1847 1866 -1 1883 1864 1876 -1 1859 1885 1858 -1 1863 1862 1886 -1 1887 1862 1838 -1 1884 1887 1838 -1 1847 1884 1838 -1 1888 1851 1855 -1 1851 1888 1880 -1 1848 1877 1860 -1 1889 1890 1884 -1 1889 1884 1866 -1 1878 1824 1856 -1 1868 1891 1855 -1 1878 1856 1869 -1 1871 1879 1857 -1 1870 1892 1872 -1 1872 1892 1893 -1 1872 1893 1873 -1 1894 1873 1893 -1 1883 1877 1848 -1 1867 1877 1895 -1 1874 1894 1896 -1 1894 1874 1873 -1 1897 1868 1867 -1 1885 1863 1898 -1 1885 1859 1863 -1 1882 1874 1896 -1 1863 1886 1898 -1 1882 1899 1875 -1 1875 1899 1876 -1 1876 1899 1900 -1 1886 1887 1901 -1 1886 1862 1887 -1 1871 1827 1902 -1 1827 1854 1902 -1 1903 1891 1868 -1 1855 1891 1888 -1 1888 1904 1880 -1 1905 1889 1866 -1 1866 1906 1905 -1 1906 1866 1878 -1 1879 1871 1907 -1 1908 1881 1904 -1 1880 1904 1881 -1 1885 1909 1858 -1 1883 1910 1877 -1 1877 1910 1895 -1 1911 1882 1896 -1 1882 1911 1899 -1 1867 1895 1897 -1 1897 1903 1868 -1 1912 1871 1902 -1 1883 1876 1900 -1 1901 1887 1913 -1 1884 1913 1887 -1 1897 1914 1915 -1 1897 1895 1914 -1 1916 1906 1878 -1 1903 1897 1915 -1 1916 1878 1869 -1 1869 1907 1916 -1 1917 1891 1918 -1 1917 1888 1891 -1 1869 1879 1907 -1 1917 1919 1888 -1 1919 1904 1888 -1 1907 1871 1912 -1 1893 1892 1920 -1 1894 1893 1920 -1 1896 1894 1921 -1 1898 1922 1885 -1 1923 1924 1911 -1 1911 1896 1923 -1 1925 1910 1883 -1 1899 1911 1924 -1 1926 1910 1925 -1 1926 1927 1895 -1 1926 1895 1910 -1 1914 1895 1927 -1 1924 1900 1899 -1 1900 1925 1883 -1 1913 1884 1890 -1 1928 1905 1906 -1 1918 1915 1929 -1 1903 1915 1918 -1 1903 1918 1891 -1 1920 1921 1894 -1 1925 1900 1930 -1 1921 1923 1896 -1 1924 1923 1931 -1 1901 1932 1886 -1 1922 1898 1932 -1 1932 1898 1886 -1 1931 1930 1924 -1 1889 1905 1928 -1 1924 1930 1900 -1 1913 1933 1901 -1 1890 1933 1913 -1 1927 1926 1934 -1 1890 1928 1935 -1 1890 1889 1928 -1 1927 1934 1915 -1 1927 1915 1914 -1 1916 1936 1906 -1 1937 1936 1916 -1 1938 1917 1918 -1 1907 1937 1916 -1 1904 1919 1939 -1 1940 1907 1912 -1 1921 1920 1941 -1 1921 1942 1923 -1 1925 1943 1944 -1 1926 1925 1944 -1 1934 1926 1944 -1 1933 1890 1935 -1 1945 1946 1923 -1 1947 1922 1932 -1 1931 1923 1946 -1 1931 1946 1948 -1 1931 1948 1930 -1 1932 1901 1949 -1 1943 1930 1948 -1 1930 1943 1925 -1 1949 1901 1933 -1 1950 1951 1935 -1 1929 1934 1952 -1 1934 1929 1915 -1 1928 1953 1935 -1 1928 1906 1936 -1 1954 1936 1937 -1 1907 1940 1937 -1 1919 1917 1938 -1 1919 1938 1939 -1 1885 1955 1909 -1 1941 1956 1957 -1 1920 1956 1941 -1 1885 1922 1955 -1 1942 1941 1957 -1 1941 1942 1921 -1 1942 1945 1923 -1 1947 1955 1922 -1 1951 1933 1935 -1 1958 1932 1949 -1 1958 1947 1932 -1 1946 1945 1959 -1 1948 1960 1943 -1 1949 1933 1951 -1 1943 1961 1944 -1 1944 1961 1962 -1 1953 1950 1935 -1 1962 1934 1944 -1 1952 1934 1962 -1 1928 1936 1953 -1 1954 1953 1936 -1 1918 1929 1963 -1 1964 1918 1963 -1 1945 1965 1966 -1 1938 1918 1964 -1 1967 1938 1964 -1 1967 1939 1938 -1 1912 1968 1940 -1 1945 1942 1965 -1 1959 1945 1966 -1 1959 1969 1946 -1 1969 1970 1946 -1 1948 1946 1971 -1 1961 1960 1972 -1 1949 1973 1958 -1 1948 1971 1960 -1 1951 1973 1949 -1 1960 1961 1943 -1 1974 1952 1962 -1 1952 1974 1975 -1 1952 1975 1929 -1 1929 1975 1963 -1 1976 1954 1937 -1 1963 1975 1977 -1 1978 1976 1937 -1 1940 1978 1937 -1 1968 1978 1940 -1 1959 1966 1979 -1 1959 1979 1969 -1 1961 1972 1980 -1 1962 1961 1980 -1 1970 1971 1946 -1 1960 1971 1972 -1 1973 1951 1981 -1 1980 1982 1974 -1 1962 1980 1974 -1 1951 1950 1981 -1 1981 1950 1983 -1 1983 1950 1953 -1 1975 1974 1984 -1 1975 1984 1977 -1 1979 1966 1985 -1 1966 1965 1985 -1 1979 1986 1969 -1 1987 1970 1969 -1 1972 1987 1988 -1 1972 1970 1987 -1 1971 1970 1972 -1 1984 1982 1989 -1 1982 1984 1974 -1 1953 1990 1983 -1 1953 1954 1990 -1 1954 1976 1990 -1 1978 1991 1976 -1 1991 1978 1992 -1 1988 1993 1980 -1 1988 1980 1972 -1 1987 1994 1995 -1 1986 1994 1969 -1 1987 1969 1994 -1 1995 1988 1987 -1 1981 1996 1973 -1 1993 1997 1998 -1 1999 2000 1981 -1 1993 1998 1980 -1 1980 1998 1982 -1 1999 1981 1983 -1 1982 1998 2001 -1 1982 2001 1989 -1 1991 1990 1976 -1 1994 1986 2002 -1 2003 1994 2002 -1 1995 1993 1988 -1 1996 1981 2000 -1 1997 2004 2005 -1 1993 2004 1997 -1 1995 2004 1993 -1 1999 2006 2000 -1 1999 1983 2007 -1 1983 1990 2007 -1 1991 2007 1990 -1 2003 1995 1994 -1 1995 2003 2004 -1 2007 2008 2009 -1 2007 1991 2008 -1 2009 2006 1999 -1 2009 1999 2007 -1 2010 2011 2012 -1 2013 2011 2010 -1 2010 2014 2013 -1 2015 2016 2017 -1 2016 2012 2017 -1 2010 2012 2018 -1 2018 2019 2010 -1 2014 2010 2019 -1 2019 2020 2014 -1 2016 2021 2012 -1 2021 2018 2012 -1 2019 2018 2022 -1 2018 2021 2022 -1 2016 2015 2023 -1 2019 2022 2024 -1 2021 2025 2026 -1 2022 2021 2026 -1 2020 2019 2024 -1 2015 2027 2023 -1 2023 2028 2016 -1 2016 2028 2021 -1 2028 2025 2021 -1 2022 2029 2024 -1 2022 2026 2029 -1 2023 2027 2030 -1 2028 2031 2032 -1 2032 2025 2028 -1 2033 2032 2034 -1 2025 2032 2033 -1 2026 2025 2033 -1 2033 2029 2026 -1 2028 2023 2035 -1 2032 2031 2036 -1 2036 2034 2032 -1 2037 2029 2038 -1 2024 2037 2039 -1 2029 2037 2024 -1 2029 2033 2038 -1 2040 2030 2027 -1 2035 2023 2030 -1 2031 2028 2035 -1 2036 2031 2041 -1 2034 2036 2042 -1 2034 2038 2033 -1 2039 2043 2024 -1 2044 2045 2046 -1 2046 2047 2044 -1 2040 2048 2030 -1 2035 2030 2049 -1 2041 2050 2036 -1 2051 2036 2050 -1 2051 2042 2036 -1 2034 2042 2052 -1 2038 2034 2052 -1 2041 2031 2053 -1 2053 2031 2035 -1 2041 2054 2050 -1 2042 2051 2055 -1 2042 2055 2052 -1 2056 2037 2038 -1 2044 2047 2057 -1 2058 2041 2053 -1 2054 2041 2058 -1 2049 2053 2035 -1 2030 2048 2049 -1 2039 2059 2060 -1 2039 2060 2043 -1 2056 2038 2061 -1 2052 2061 2038 -1 2055 2051 2062 -1 2037 2056 2039 -1 2063 2064 2049 -1 2053 2049 2064 -1 2063 2049 2048 -1 2059 2039 2056 -1 2054 2058 2065 -1 2054 2065 2050 -1 2051 2050 2066 -1 2051 2066 2062 -1 2067 2055 2062 -1 2045 2068 2069 -1 2044 2068 2045 -1 2068 2044 2070 -1 2057 2071 2044 -1 2044 2071 2070 -1 2048 2072 2063 -1 2058 2053 2073 -1 2065 2074 2050 -1 2058 2075 2065 -1 2074 2066 2050 -1 2062 2066 2076 -1 2061 2052 2055 -1 2064 2077 2078 -1 2063 2077 2064 -1 2072 2077 2063 -1 2079 2060 2059 -1 2053 2064 2073 -1 2058 2073 2075 -1 2066 2074 2080 -1 2076 2066 2080 -1 2065 2075 2081 -1 2062 2076 2067 -1 2055 2067 2082 -1 2055 2082 2061 -1 2069 2068 2083 -1 2070 2083 2068 -1 2057 2084 2071 -1 2085 2071 2084 -1 2070 2071 2085 -1 2084 2086 2085 -1 2087 2073 2088 -1 2073 2064 2088 -1 2075 2073 2087 -1 2089 2059 2056 -1 2074 2065 2090 -1 2076 2080 2091 -1 2092 2075 2087 -1 2075 2092 2081 -1 2078 2077 2093 -1 2094 2093 2077 -1 2078 2088 2064 -1 2079 2059 2089 -1 2061 2089 2056 -1 2095 2089 2061 -1 2065 2081 2090 -1 2090 2096 2074 -1 2080 2096 2097 -1 2074 2096 2080 -1 2080 2097 2091 -1 2082 2067 2098 -1 2076 2091 2098 -1 2098 2067 2076 -1 2061 2082 2095 -1 2099 2083 2070 -1 2100 2069 2083 -1 2101 2087 2088 -1 2087 2101 2092 -1 2093 2094 2102 -1 2093 2103 2078 -1 2104 2079 2089 -1 2104 2105 2079 -1 2096 2090 2106 -1 2107 2097 2096 -1 2081 2092 2108 -1 2103 2093 2109 -1 2078 2103 2088 -1 2110 2104 2089 -1 2106 2090 2111 -1 2112 2096 2106 -1 2090 2081 2108 -1 2112 2107 2096 -1 2113 2107 2112 -1 2114 2107 2113 -1 2097 2107 2114 -1 2115 2097 2114 -1 2091 2097 2115 -1 2098 2091 2115 -1 2099 2100 2083 -1 2116 2085 2086 -1 2117 2116 2086 -1 2085 2118 2070 -1 2119 2070 2118 -1 2116 2118 2085 -1 2102 2120 2121 -1 2102 2121 2093 -1 2101 2103 2109 -1 2111 2108 2122 -1 2123 2112 2106 -1 2124 2112 2123 -1 2113 2112 2124 -1 2121 2109 2093 -1 2088 2103 2101 -1 2104 2125 2105 -1 2111 2090 2108 -1 2126 2127 2128 -1 2129 2128 2127 -1 2129 2127 2120 -1 2127 2130 2120 -1 2131 2125 2132 -1 2121 2120 2130 -1 2122 2092 2133 -1 2109 2092 2101 -1 2133 2092 2109 -1 2092 2122 2108 -1 2134 2098 2115 -1 2135 2115 2114 -1 2082 2098 2134 -1 2136 2100 2099 -1 2100 2136 2137 -1 2119 2136 2099 -1 2099 2070 2119 -1 2138 2139 2140 -1 2100 2137 2141 -1 2142 2123 2106 -1 2106 2111 2143 -1 2144 2123 2142 -1 2123 2144 2124 -1 2113 2124 2145 -1 2113 2135 2114 -1 2121 2146 2109 -1 2146 2133 2109 -1 2147 2122 2148 -1 2122 2147 2111 -1 2110 2095 2149 -1 2095 2110 2089 -1 2082 2134 2095 -1 2110 2150 2104 -1 2151 2152 2126 -1 2153 2127 2126 -1 2127 2153 2154 -1 2155 2121 2130 -1 2121 2155 2146 -1 2131 2132 2156 -1 2127 2154 2130 -1 2132 2125 2150 -1 2146 2157 2133 -1 2106 2158 2142 -1 2158 2106 2143 -1 2159 2144 2160 -1 2159 2124 2144 -1 2148 2161 2147 -1 2145 2124 2159 -1 2113 2145 2135 -1 2162 2143 2111 -1 2162 2111 2147 -1 2148 2133 2157 -1 2133 2148 2122 -1 2149 2095 2163 -1 2163 2095 2134 -1 2150 2125 2104 -1 2135 2134 2115 -1 2164 2136 2119 -1 2164 2165 2136 -1 2166 2138 2167 -1 2139 2138 2166 -1 2168 2117 2166 -1 2166 2117 2139 -1 2169 2119 2118 -1 2164 2119 2169 -1 2118 2116 2170 -1 2169 2170 2171 -1 2118 2170 2169 -1 2116 2117 2170 -1 2170 2117 2168 -1 2168 2171 2170 -1 2172 2173 2152 -1 2152 2151 2172 -1 2152 2174 2126 -1 2126 2174 2153 -1 2154 2155 2130 -1 2175 2156 2150 -1 2150 2156 2132 -1 2176 2146 2155 -1 2146 2176 2157 -1 2110 2177 2150 -1 2147 2161 2178 -1 2179 2180 2181 -1 2142 2182 2144 -1 2160 2182 2183 -1 2144 2182 2160 -1 2135 2145 2184 -1 2185 2186 2187 -1 2188 2186 2189 -1 2190 2186 2188 -1 2190 2188 2191 -1 2192 2191 2188 -1 2172 2191 2192 -1 2172 2192 2173 -1 2181 2193 2179 -1 2152 2173 2174 -1 2194 2195 2156 -1 2154 2153 2196 -1 2194 2156 2197 -1 2158 2198 2142 -1 2197 2156 2175 -1 2199 2182 2198 -1 2142 2198 2182 -1 2182 2199 2183 -1 2155 2154 2196 -1 2160 2183 2200 -1 2184 2160 2200 -1 2159 2160 2184 -1 2158 2143 2201 -1 2145 2159 2184 -1 2157 2176 2148 -1 2175 2150 2177 -1 2149 2177 2110 -1 2143 2162 2202 -1 2178 2162 2147 -1 2203 2134 2204 -1 2203 2163 2134 -1 2166 2205 2168 -1 2166 2167 2205 -1 2180 2138 2140 -1 2137 2206 2141 -1 2206 2137 2207 -1 2136 2207 2137 -1 2207 2136 2165 -1 2208 2209 2158 -1 2198 2158 2209 -1 2200 2183 2210 -1 2184 2200 2211 -1 2201 2208 2158 -1 2135 2184 2211 -1 2186 2185 2189 -1 2212 2188 2189 -1 2188 2212 2192 -1 2213 2214 2187 -1 2173 2192 2215 -1 2179 2193 2216 -1 2217 2195 2194 -1 2173 2218 2174 -1 2197 2219 2194 -1 2220 2174 2218 -1 2220 2153 2174 -1 2220 2196 2153 -1 2221 2155 2196 -1 2222 2176 2221 -1 2176 2222 2148 -1 2221 2176 2155 -1 2223 2175 2177 -1 2224 2177 2149 -1 2178 2225 2226 -1 2226 2202 2162 -1 2178 2226 2162 -1 2148 2225 2161 -1 2161 2225 2178 -1 2227 2163 2203 -1 2134 2135 2204 -1 2228 2202 2226 -1 2143 2202 2201 -1 2229 2209 2208 -1 2199 2230 2183 -1 2230 2210 2183 -1 2200 2210 2231 -1 2200 2231 2211 -1 2232 2233 2212 -1 2233 2192 2212 -1 2192 2233 2215 -1 2179 2216 2234 -1 2215 2218 2173 -1 2194 2235 2217 -1 2194 2219 2235 -1 2212 2189 2232 -1 2236 2196 2220 -1 2196 2236 2237 -1 2237 2221 2196 -1 2175 2223 2197 -1 2225 2238 2228 -1 2238 2225 2148 -1 2222 2238 2148 -1 2177 2224 2239 -1 2177 2239 2223 -1 2225 2228 2226 -1 2149 2227 2224 -1 2163 2227 2149 -1 2138 2240 2167 -1 2241 2240 2180 -1 2138 2180 2240 -1 2242 2141 2206 -1 2165 2243 2207 -1 2244 2171 2245 -1 2245 2171 2168 -1 2169 2171 2246 -1 2246 2171 2244 -1 2164 2243 2165 -1 2243 2164 2246 -1 2164 2169 2246 -1 2232 2189 2247 -1 2232 2247 2248 -1 2249 2215 2233 -1 2250 2215 2249 -1 2202 2251 2201 -1 2208 2201 2251 -1 2252 2199 2209 -1 2199 2252 2230 -1 2253 2230 2254 -1 2199 2198 2209 -1 2210 2230 2253 -1 2135 2211 2255 -1 2204 2135 2255 -1 2241 2180 2179 -1 2256 2218 2215 -1 2218 2256 2220 -1 2256 2236 2220 -1 2257 2258 2216 -1 2234 2216 2258 -1 2259 2260 2261 -1 2219 2197 2223 -1 2187 2260 2259 -1 2262 2219 2223 -1 2239 2263 2262 -1 2239 2262 2223 -1 2264 2222 2237 -1 2222 2264 2238 -1 2237 2222 2221 -1 2187 2259 2185 -1 2185 2259 2247 -1 2239 2224 2263 -1 2185 2247 2189 -1 2261 2260 2265 -1 2214 2260 2187 -1 2247 2266 2267 -1 2248 2247 2267 -1 2248 2267 2268 -1 2248 2268 2232 -1 2268 2249 2232 -1 2268 2269 2270 -1 2249 2268 2270 -1 2233 2232 2249 -1 2250 2249 2270 -1 2271 2240 2241 -1 2228 2238 2272 -1 2273 2229 2208 -1 2274 2275 2251 -1 2202 2228 2274 -1 2202 2274 2251 -1 2251 2273 2208 -1 2209 2229 2252 -1 2276 2252 2277 -1 2276 2230 2252 -1 2230 2276 2278 -1 2254 2230 2278 -1 2210 2253 2231 -1 2279 2280 2281 -1 2282 2280 2279 -1 2235 2280 2282 -1 2250 2256 2215 -1 2261 2283 2259 -1 2280 2235 2219 -1 2283 2266 2259 -1 2280 2219 2284 -1 2256 2250 2236 -1 2236 2250 2285 -1 2259 2266 2247 -1 2284 2219 2262 -1 2236 2285 2237 -1 2237 2285 2286 -1 2284 2262 2287 -1 2262 2263 2287 -1 2237 2286 2264 -1 2263 2224 2288 -1 2288 2224 2289 -1 2289 2224 2227 -1 2203 2204 2290 -1 2168 2205 2291 -1 2168 2291 2245 -1 2167 2240 2205 -1 2292 2242 2206 -1 2207 2293 2206 -1 2293 2207 2294 -1 2206 2293 2292 -1 2243 2294 2207 -1 2283 2295 2296 -1 2296 2266 2283 -1 2297 2296 2298 -1 2296 2267 2266 -1 2296 2297 2267 -1 2267 2297 2299 -1 2299 2268 2267 -1 2280 2300 2281 -1 2268 2299 2269 -1 2301 2300 2280 -1 2250 2270 2302 -1 2285 2303 2304 -1 2250 2303 2285 -1 2286 2285 2304 -1 2271 2241 2305 -1 2264 2286 2306 -1 2306 2238 2264 -1 2306 2272 2238 -1 2228 2272 2307 -1 2307 2274 2228 -1 2251 2308 2273 -1 2275 2274 2307 -1 2251 2275 2308 -1 2234 2309 2179 -1 2179 2309 2241 -1 2229 2277 2252 -1 2258 2309 2234 -1 2278 2276 2310 -1 2253 2254 2311 -1 2311 2231 2253 -1 2312 2301 2280 -1 2312 2280 2284 -1 2287 2288 2313 -1 2287 2263 2288 -1 2288 2289 2314 -1 2289 2227 2315 -1 2290 2315 2227 -1 2203 2290 2227 -1 2295 2316 2317 -1 2261 2265 2318 -1 2298 2295 2317 -1 2296 2295 2298 -1 2298 2317 2319 -1 2298 2319 2297 -1 2297 2319 2299 -1 2281 2300 2320 -1 2270 2269 2321 -1 2322 2323 2257 -1 2300 2301 2324 -1 2301 2325 2324 -1 2309 2305 2241 -1 2326 2309 2258 -1 2312 2325 2301 -1 2303 2302 2327 -1 2302 2303 2250 -1 2304 2303 2328 -1 2304 2328 2286 -1 2329 2330 2331 -1 2332 2273 2333 -1 2316 2295 2331 -1 2329 2318 2330 -1 2261 2318 2329 -1 2331 2295 2329 -1 2283 2329 2295 -1 2261 2329 2283 -1 2333 2273 2308 -1 2334 2275 2307 -1 2308 2275 2334 -1 2314 2289 2315 -1 2335 2276 2336 -1 2276 2335 2310 -1 2229 2332 2277 -1 2229 2273 2332 -1 2336 2276 2277 -1 2278 2310 2337 -1 2278 2311 2254 -1 2338 2255 2211 -1 2211 2231 2338 -1 2284 2339 2312 -1 2339 2284 2287 -1 2287 2313 2339 -1 2245 2340 2244 -1 2245 2291 2341 -1 2342 2291 2205 -1 2240 2342 2205 -1 2240 2271 2342 -1 2294 2343 2293 -1 2344 2292 2293 -1 2344 2293 2345 -1 2293 2343 2345 -1 2340 2346 2244 -1 2246 2346 2347 -1 2243 2246 2347 -1 2294 2243 2347 -1 2244 2346 2246 -1 2300 2348 2320 -1 2348 2300 2349 -1 2319 2350 2299 -1 2349 2300 2324 -1 2299 2350 2269 -1 2269 2350 2351 -1 2321 2351 2352 -1 2351 2321 2269 -1 2321 2302 2270 -1 2353 2325 2312 -1 2328 2303 2327 -1 2286 2328 2354 -1 2286 2354 2306 -1 2305 2355 2271 -1 2356 2257 2323 -1 2258 2257 2356 -1 2309 2326 2305 -1 2258 2357 2326 -1 2357 2258 2356 -1 2306 2354 2358 -1 2307 2272 2358 -1 2323 2322 2359 -1 2306 2358 2272 -1 2344 2360 2292 -1 2313 2314 2361 -1 2362 2292 2360 -1 2334 2363 2308 -1 2364 2330 2318 -1 2308 2363 2333 -1 2364 2331 2330 -1 2331 2364 2316 -1 2365 2317 2316 -1 2317 2365 2366 -1 2319 2317 2366 -1 2350 2319 2366 -1 2367 2290 2204 -1 2335 2336 2368 -1 2369 2335 2368 -1 2370 2335 2369 -1 2370 2310 2335 -1 2310 2370 2371 -1 2337 2310 2371 -1 2336 2277 2372 -1 2332 2372 2277 -1 2278 2337 2311 -1 2231 2373 2338 -1 2373 2231 2311 -1 2255 2367 2204 -1 2312 2339 2353 -1 2313 2353 2339 -1 2318 2374 2364 -1 2314 2313 2288 -1 2348 2349 2375 -1 2376 2366 2377 -1 2351 2376 2378 -1 2350 2376 2351 -1 2352 2351 2378 -1 2375 2349 2379 -1 2324 2379 2349 -1 2325 2379 2324 -1 2321 2352 2380 -1 2380 2302 2321 -1 2302 2380 2327 -1 2381 2327 2380 -1 2328 2327 2381 -1 2354 2328 2381 -1 2353 2313 2382 -1 2382 2313 2361 -1 2326 2383 2305 -1 2332 2333 2384 -1 2334 2385 2386 -1 2344 2345 2387 -1 2363 2334 2386 -1 2345 2343 2387 -1 2354 2385 2358 -1 2307 2358 2385 -1 2362 2360 2388 -1 2307 2385 2334 -1 2361 2314 2389 -1 2315 2389 2314 -1 2363 2390 2333 -1 2391 2392 2364 -1 2393 2316 2392 -1 2393 2365 2316 -1 2384 2333 2390 -1 2392 2316 2364 -1 2394 2290 2367 -1 2362 2388 2395 -1 2395 2388 2396 -1 2376 2350 2366 -1 2397 2368 2398 -1 2368 2336 2399 -1 2400 2370 2401 -1 2368 2397 2369 -1 2371 2370 2400 -1 2374 2391 2364 -1 2399 2336 2372 -1 2332 2384 2372 -1 2373 2311 2402 -1 2311 2337 2402 -1 2338 2367 2255 -1 2340 2245 2341 -1 2342 2271 2355 -1 2294 2347 2403 -1 2294 2403 2343 -1 2347 2346 2404 -1 2346 2340 2404 -1 2377 2405 2376 -1 2406 2376 2405 -1 2378 2376 2406 -1 2407 2375 2379 -1 2408 2380 2352 -1 2381 2380 2409 -1 2385 2381 2410 -1 2353 2411 2325 -1 2381 2385 2354 -1 2357 2383 2326 -1 2355 2305 2383 -1 2387 2343 2403 -1 2412 2369 2397 -1 2369 2412 2413 -1 2403 2347 2414 -1 2388 2415 2396 -1 2415 2388 2416 -1 2360 2417 2388 -1 2385 2418 2419 -1 2390 2386 2419 -1 2386 2385 2419 -1 2391 2396 2415 -1 2390 2363 2386 -1 2392 2391 2415 -1 2389 2382 2361 -1 2344 2420 2360 -1 2420 2344 2387 -1 2384 2390 2421 -1 2365 2393 2377 -1 2422 2290 2394 -1 2365 2377 2366 -1 2396 2391 2374 -1 2423 2348 2375 -1 2422 2389 2315 -1 2422 2315 2290 -1 2399 2398 2368 -1 2413 2370 2369 -1 2370 2413 2401 -1 2402 2371 2400 -1 2337 2371 2402 -1 2375 2407 2424 -1 2379 2425 2407 -1 2352 2378 2426 -1 2425 2379 2411 -1 2325 2411 2379 -1 2380 2408 2427 -1 2427 2409 2380 -1 2428 2409 2427 -1 2381 2409 2410 -1 2428 2410 2409 -1 2353 2429 2411 -1 2353 2382 2429 -1 2429 2382 2430 -1 2431 2357 2356 -1 2383 2357 2431 -1 2356 2323 2431 -1 2355 2383 2432 -1 2433 2414 2347 -1 2434 2413 2435 -1 2413 2434 2436 -1 2412 2435 2413 -1 2401 2413 2436 -1 2401 2436 2437 -1 2388 2417 2416 -1 2420 2417 2360 -1 2421 2438 2384 -1 2399 2372 2439 -1 2440 2415 2416 -1 2384 2439 2372 -1 2441 2439 2384 -1 2441 2384 2438 -1 2415 2440 2392 -1 2410 2428 2418 -1 2410 2418 2385 -1 2440 2442 2393 -1 2393 2392 2440 -1 2421 2390 2443 -1 2420 2387 2444 -1 2393 2442 2377 -1 2430 2382 2389 -1 2377 2442 2445 -1 2377 2445 2405 -1 2423 2446 2447 -1 2446 2423 2424 -1 2424 2423 2375 -1 2437 2400 2401 -1 2373 2402 2448 -1 2291 2449 2341 -1 2450 2449 2342 -1 2342 2449 2291 -1 2451 2404 2340 -1 2451 2452 2404 -1 2341 2451 2340 -1 2449 2451 2341 -1 2451 2449 2453 -1 2404 2454 2347 -1 2433 2347 2454 -1 2455 2454 2404 -1 2456 2428 2427 -1 2342 2355 2457 -1 2450 2342 2457 -1 2458 2451 2453 -1 2323 2359 2459 -1 2453 2449 2450 -1 2431 2323 2459 -1 2457 2355 2460 -1 2444 2387 2461 -1 2461 2387 2403 -1 2460 2355 2432 -1 2414 2433 2462 -1 2433 2454 2463 -1 2440 2416 2417 -1 2437 2436 2464 -1 2417 2420 2440 -1 2398 2399 2439 -1 2438 2465 2466 -1 2466 2441 2438 -1 2421 2465 2438 -1 2420 2442 2440 -1 2428 2456 2467 -1 2418 2428 2467 -1 2467 2419 2418 -1 2443 2419 2467 -1 2447 2446 2468 -1 2419 2443 2390 -1 2422 2430 2389 -1 2469 2406 2470 -1 2378 2406 2469 -1 2446 2424 2471 -1 2407 2471 2424 -1 2426 2378 2469 -1 2472 2422 2394 -1 2338 2394 2367 -1 2412 2397 2473 -1 2398 2473 2397 -1 2426 2408 2352 -1 2400 2474 2402 -1 2338 2373 2448 -1 2475 2425 2411 -1 2425 2475 2476 -1 2408 2456 2427 -1 2475 2411 2429 -1 2457 2477 2450 -1 2458 2452 2451 -1 2478 2457 2460 -1 2431 2432 2383 -1 2444 2461 2479 -1 2480 2403 2414 -1 2481 2434 2482 -1 2434 2481 2483 -1 2483 2436 2434 -1 2454 2455 2463 -1 2436 2483 2464 -1 2412 2484 2435 -1 2452 2455 2404 -1 2485 2412 2473 -1 2482 2434 2435 -1 2437 2464 2474 -1 2400 2437 2474 -1 2467 2486 2487 -1 2487 2443 2467 -1 2488 2445 2442 -1 2443 2465 2421 -1 2488 2405 2445 -1 2473 2398 2489 -1 2490 2398 2439 -1 2468 2446 2491 -1 2492 2466 2465 -1 2493 2405 2494 -1 2405 2493 2406 -1 2441 2466 2439 -1 2448 2394 2338 -1 2456 2486 2467 -1 2470 2406 2493 -1 2471 2491 2446 -1 2475 2430 2495 -1 2475 2429 2430 -1 2430 2496 2495 -1 2471 2425 2497 -1 2471 2407 2425 -1 2496 2430 2422 -1 2498 2469 2499 -1 2426 2469 2498 -1 2500 2498 2499 -1 2486 2456 2426 -1 2426 2456 2408 -1 2402 2474 2501 -1 2402 2501 2448 -1 2452 2458 2502 -1 2502 2503 2452 -1 2504 2502 2458 -1 2450 2505 2453 -1 2453 2505 2458 -1 2460 2432 2506 -1 2431 2459 2507 -1 2432 2431 2507 -1 2461 2403 2480 -1 2484 2482 2435 -1 2508 2482 2484 -1 2509 2482 2508 -1 2481 2482 2509 -1 2481 2510 2483 -1 2455 2511 2463 -1 2483 2510 2512 -1 2462 2433 2513 -1 2464 2483 2512 -1 2512 2514 2464 -1 2433 2463 2513 -1 2503 2455 2452 -1 2485 2484 2412 -1 2514 2474 2464 -1 2442 2420 2488 -1 2479 2515 2444 -1 2444 2515 2420 -1 2515 2488 2420 -1 2486 2516 2517 -1 2488 2515 2494 -1 2486 2517 2487 -1 2487 2492 2465 -1 2405 2488 2494 -1 2487 2465 2443 -1 2489 2398 2518 -1 2493 2494 2519 -1 2489 2485 2473 -1 2398 2490 2518 -1 2439 2466 2490 -1 2492 2490 2466 -1 2493 2520 2521 -1 2497 2491 2471 -1 2470 2493 2521 -1 2522 2469 2470 -1 2499 2469 2522 -1 2523 2497 2425 -1 2523 2425 2476 -1 2472 2496 2422 -1 2500 2499 2524 -1 2498 2500 2516 -1 2500 2524 2517 -1 2516 2500 2517 -1 2426 2516 2486 -1 2498 2516 2426 -1 2475 2525 2476 -1 2475 2495 2525 -1 2503 2502 2526 -1 2527 2450 2477 -1 2505 2450 2527 -1 2458 2505 2528 -1 2528 2505 2529 -1 2458 2530 2504 -1 2530 2458 2528 -1 2530 2485 2531 -1 2485 2489 2531 -1 2459 2359 2532 -1 2479 2461 2533 -1 2533 2534 2479 -1 2461 2535 2533 -1 2480 2535 2461 -1 2457 2478 2477 -1 2432 2507 2536 -1 2432 2536 2506 -1 2508 2528 2529 -1 2529 2537 2508 -1 2508 2537 2509 -1 2414 2462 2538 -1 2480 2414 2538 -1 2512 2510 2539 -1 2513 2463 2540 -1 2463 2511 2540 -1 2530 2528 2508 -1 2530 2508 2484 -1 2511 2455 2541 -1 2541 2503 2542 -1 2455 2503 2541 -1 2485 2530 2484 -1 2474 2543 2501 -1 2517 2524 2544 -1 2515 2479 2534 -1 2487 2517 2544 -1 2545 2515 2534 -1 2494 2515 2545 -1 2492 2487 2544 -1 2491 2546 2468 -1 2535 2494 2545 -1 2519 2494 2535 -1 2547 2519 2535 -1 2519 2547 2520 -1 2546 2491 2548 -1 2519 2520 2493 -1 2521 2522 2470 -1 2472 2394 2549 -1 2499 2522 2550 -1 2549 2448 2551 -1 2394 2448 2549 -1 2552 2495 2496 -1 2448 2501 2551 -1 2553 2554 2555 -1 2524 2550 2553 -1 2524 2499 2550 -1 2555 2556 2553 -1 2556 2524 2553 -1 2557 2526 2502 -1 2527 2558 2505 -1 2558 2529 2505 -1 2530 2559 2504 -1 2531 2489 2560 -1 2531 2559 2530 -1 2460 2506 2561 -1 2478 2562 2477 -1 2460 2561 2478 -1 2459 2563 2507 -1 2564 2478 2561 -1 2561 2565 2564 -1 2566 2507 2563 -1 2536 2507 2566 -1 2564 2481 2567 -1 2547 2535 2480 -1 2509 2567 2481 -1 2481 2564 2565 -1 2481 2565 2510 -1 2538 2462 2568 -1 2510 2565 2569 -1 2539 2510 2569 -1 2480 2538 2547 -1 2568 2513 2570 -1 2513 2540 2570 -1 2462 2513 2568 -1 2540 2511 2571 -1 2571 2511 2541 -1 2537 2567 2509 -1 2572 2573 2574 -1 2537 2529 2575 -1 2572 2542 2503 -1 2572 2574 2542 -1 2512 2539 2576 -1 2514 2512 2576 -1 2576 2577 2514 -1 2572 2503 2526 -1 2578 2572 2526 -1 2543 2514 2577 -1 2514 2543 2474 -1 2556 2555 2579 -1 2556 2579 2580 -1 2556 2544 2524 -1 2544 2556 2580 -1 2492 2581 2582 -1 2545 2533 2535 -1 2547 2583 2520 -1 2525 2495 2552 -1 2584 2525 2552 -1 2581 2492 2544 -1 2521 2520 2583 -1 2585 2548 2491 -1 2585 2491 2497 -1 2560 2489 2586 -1 2574 2573 2521 -1 2586 2489 2518 -1 2522 2521 2573 -1 2587 2522 2573 -1 2492 2582 2490 -1 2518 2490 2582 -1 2573 2554 2587 -1 2550 2522 2587 -1 2572 2554 2573 -1 2587 2554 2553 -1 2554 2572 2578 -1 2578 2555 2554 -1 2555 2578 2588 -1 2550 2587 2553 -1 2523 2476 2525 -1 2526 2589 2578 -1 2526 2557 2589 -1 2529 2558 2575 -1 2502 2504 2590 -1 2557 2502 2590 -1 2559 2590 2504 -1 2591 2559 2531 -1 2591 2531 2560 -1 2477 2562 2527 -1 2478 2564 2562 -1 2567 2562 2564 -1 2561 2506 2592 -1 2561 2592 2565 -1 2592 2569 2565 -1 2563 2459 2532 -1 2562 2593 2527 -1 2593 2558 2527 -1 2558 2593 2594 -1 2562 2567 2593 -1 2537 2593 2567 -1 2594 2593 2537 -1 2547 2538 2595 -1 2594 2537 2575 -1 2595 2583 2547 -1 2539 2569 2596 -1 2576 2539 2596 -1 2538 2568 2595 -1 2521 2583 2597 -1 2598 2570 2540 -1 2598 2540 2571 -1 2568 2570 2599 -1 2597 2600 2574 -1 2574 2521 2597 -1 2542 2600 2601 -1 2574 2600 2542 -1 2541 2542 2601 -1 2602 2555 2603 -1 2579 2555 2602 -1 2604 2588 2578 -1 2581 2579 2602 -1 2580 2579 2581 -1 2581 2602 2605 -1 2544 2580 2581 -1 2605 2582 2581 -1 2523 2525 2584 -1 2606 2552 2607 -1 2560 2586 2608 -1 2582 2605 2586 -1 2468 2546 2609 -1 2582 2586 2518 -1 2533 2545 2534 -1 2549 2551 2610 -1 2607 2552 2496 -1 2607 2496 2472 -1 2607 2472 2549 -1 2497 2611 2585 -1 2523 2611 2497 -1 2501 2612 2551 -1 2613 2585 2611 -1 2613 2611 2614 -1 2611 2523 2614 -1 2589 2604 2578 -1 2590 2559 2615 -1 2559 2591 2615 -1 2591 2560 2608 -1 2616 2536 2566 -1 2506 2536 2616 -1 2592 2506 2616 -1 2596 2592 2616 -1 2569 2592 2596 -1 2575 2558 2594 -1 2617 2618 2501 -1 2501 2543 2617 -1 2617 2543 2577 -1 2612 2501 2618 -1 2555 2588 2603 -1 2568 2619 2595 -1 2597 2595 2619 -1 2595 2597 2583 -1 2620 2570 2598 -1 2570 2620 2621 -1 2599 2570 2621 -1 2602 2622 2605 -1 2605 2622 2586 -1 2619 2568 2599 -1 2584 2614 2523 -1 2606 2584 2552 -1 2608 2586 2622 -1 2610 2607 2549 -1 2610 2551 2612 -1 2609 2546 2623 -1 2546 2548 2623 -1 2624 2613 2614 -1 2588 2604 2625 -1 2604 2589 2626 -1 2589 2557 2626 -1 2557 2590 2627 -1 2626 2557 2627 -1 2615 2627 2590 -1 2628 2596 2616 -1 2596 2577 2576 -1 2616 2566 2629 -1 2618 2630 2612 -1 2566 2563 2631 -1 2588 2625 2603 -1 2548 2585 2632 -1 2603 2633 2602 -1 2598 2571 2634 -1 2634 2571 2635 -1 2636 2599 2621 -1 2606 2637 2584 -1 2619 2599 2636 -1 2597 2619 2636 -1 2622 2602 2633 -1 2622 2633 2638 -1 2639 2600 2597 -1 2601 2600 2639 -1 2640 2601 2639 -1 2635 2541 2640 -1 2571 2541 2635 -1 2541 2601 2640 -1 2638 2591 2622 -1 2608 2622 2591 -1 2610 2612 2630 -1 2620 2598 2641 -1 2598 2634 2641 -1 2642 2636 2621 -1 2639 2636 2642 -1 2643 2640 2639 -1 2585 2613 2644 -1 2597 2636 2639 -1 2548 2645 2623 -1 2637 2624 2614 -1 2646 2625 2604 -1 2626 2646 2604 -1 2646 2603 2625 -1 2647 2626 2627 -1 2648 2647 2627 -1 2649 2626 2647 -1 2646 2626 2649 -1 2646 2649 2633 -1 2633 2649 2638 -1 2649 2647 2638 -1 2638 2647 2648 -1 2627 2615 2648 -1 2638 2648 2615 -1 2638 2615 2591 -1 2577 2596 2650 -1 2628 2616 2629 -1 2563 2532 2651 -1 2645 2548 2632 -1 2633 2603 2646 -1 2632 2585 2644 -1 2614 2584 2637 -1 2652 2606 2607 -1 2653 2607 2610 -1 2641 2634 2654 -1 2621 2620 2641 -1 2641 2642 2621 -1 2634 2635 2654 -1 2654 2635 2643 -1 2655 2639 2642 -1 2643 2639 2655 -1 2640 2643 2635 -1 2628 2650 2596 -1 2577 2650 2656 -1 2606 2657 2637 -1 2657 2606 2652 -1 2563 2651 2631 -1 2566 2631 2629 -1 2652 2607 2653 -1 2632 2658 2645 -1 2659 2641 2654 -1 2642 2641 2659 -1 2659 2655 2642 -1 2655 2659 2654 -1 2654 2643 2655 -1 2644 2613 2660 -1 2661 2660 2613 -1 2624 2661 2613 -1 2609 2623 2662 -1 2623 2645 2663 -1 2624 2637 2657 -1 2653 2630 2664 -1 2653 2610 2630 -1 2629 2665 2666 -1 2628 2629 2666 -1 2617 2577 2656 -1 2630 2618 2664 -1 2631 2651 2667 -1 2667 2629 2631 -1 2663 2645 2658 -1 2632 2644 2668 -1 2668 2644 2660 -1 2662 2623 2663 -1 2657 2669 2624 -1 2669 2657 2652 -1 2650 2628 2666 -1 2670 2617 2656 -1 2670 2618 2617 -1 2629 2667 2665 -1 2632 2668 2658 -1 2660 2661 2671 -1 2661 2672 2671 -1 2624 2672 2661 -1 2672 2624 2669 -1 2673 2653 2664 -1 2673 2669 2652 -1 2673 2652 2653 -1 2666 2656 2650 -1 2664 2618 2670 -1 2660 2674 2668 -1 2674 2660 2671 -1 2672 2675 2671 -1 2662 2663 2676 -1 2677 2672 2669 -1 2673 2664 2678 -1 2677 2669 2673 -1 2666 2665 2679 -1 2666 2679 2656 -1 2670 2678 2664 -1 2663 2658 2680 -1 2674 2681 2682 -1 2682 2668 2674 -1 2671 2675 2683 -1 2670 2656 2684 -1 2685 2676 2680 -1 2663 2680 2676 -1 2668 2682 2686 -1 2658 2668 2687 -1 2681 2674 2683 -1 2674 2671 2683 -1 2688 2678 2689 -1 2677 2673 2688 -1 2688 2673 2678 -1 2690 2679 2665 -1 2656 2679 2684 -1 2689 2670 2684 -1 2689 2678 2670 -1 2665 2667 2690 -1 2668 2686 2687 -1 2658 2687 2680 -1 2691 2675 2672 -1 2672 2677 2691 -1 2691 2677 2688 -1 2689 2684 2692 -1 2683 2693 2681 -1 2693 2675 2694 -1 2683 2675 2693 -1 2686 2682 2695 -1 2680 2687 2696 -1 2695 2682 2681 -1 2697 2692 2684 -1 2697 2684 2679 -1 2679 2690 2698 -1 2685 2680 2699 -1 2681 2700 2695 -1 2681 2693 2700 -1 2686 2696 2687 -1 2691 2694 2675 -1 2701 2694 2691 -1 2701 2691 2688 -1 2698 2697 2679 -1 2699 2680 2702 -1 2693 2694 2703 -1 2686 2695 2704 -1 2692 2705 2689 -1 2689 2705 2688 -1 2680 2696 2702 -1 2696 2686 2704 -1 2692 2706 2705 -1 2706 2701 2705 -1 2705 2701 2688 -1 2699 2702 2707 -1 2700 2708 2695 -1 2693 2703 2700 -1 2703 2694 2709 -1 2694 2701 2709 -1 2704 2695 2708 -1 2710 2709 2701 -1 2703 2709 2711 -1 2712 2708 2700 -1 2696 2704 2713 -1 2713 2714 2696 -1 2701 2706 2710 -1 2706 2692 2715 -1 2697 2715 2692 -1 2700 2703 2716 -1 2717 2700 2716 -1 2703 2711 2716 -1 2712 2700 2717 -1 2702 2696 2714 -1 2718 2710 2706 -1 2706 2715 2718 -1 2707 2702 2719 -1 2702 2714 2719 -1 2711 2709 2720 -1 2713 2704 2721 -1 2720 2709 2710 -1 2722 2707 2719 -1 2723 2711 2724 -1 2711 2720 2724 -1 2716 2723 2717 -1 2716 2711 2723 -1 2717 2725 2712 -1 2708 2712 2725 -1 2704 2708 2721 -1 2719 2714 2726 -1 2720 2727 2724 -1 2728 2714 2713 -1 2729 2713 2721 -1 2730 2719 2726 -1 2723 2724 2731 -1 2724 2727 2731 -1 2723 2731 2732 -1 2717 2723 2732 -1 2725 2717 2733 -1 2734 2708 2725 -1 2726 2714 2735 -1 2721 2708 2734 -1 2722 2719 2736 -1 2732 2731 2737 -1 2733 2717 2732 -1 2729 2728 2713 -1 2714 2728 2735 -1 2719 2730 2736 -1 2737 2731 2738 -1 2728 2729 2739 -1 2721 2734 2729 -1 2733 2732 2737 -1 2734 2725 2733 -1 2728 2739 2735 -1 2729 2734 2740 -1 2739 2729 2740 -1 2734 2733 2741 -1 2742 2726 2743 -1 2726 2735 2743 -1 2736 2730 2744 -1 2726 2742 2745 -1 2730 2726 2745 -1 2733 2737 2746 -1 2747 2743 2735 -1 2739 2747 2735 -1 2737 2748 2746 -1 2741 2733 2746 -1 2749 2734 2741 -1 2747 2739 2740 -1 2740 2734 2749 -1 2744 2730 2745 -1 2747 2740 2750 -1 2746 2751 2741 -1 2750 2740 2752 -1 2746 2748 2751 -1 2741 2751 2749 -1 2753 2743 2754 -1 2754 2747 2750 -1 2743 2747 2754 -1 2742 2743 2753 -1 2740 2749 2752 -1 2745 2742 2755 -1 2754 2750 2756 -1 2756 2750 2757 -1 2750 2752 2757 -1 2742 2753 2755 -1 2745 2755 2758 -1 2755 2754 2759 -1 2753 2754 2755 -1 2757 2752 2760 -1 2757 2761 2756 -1 2752 2749 2760 -1 2757 2760 2761 -1 2754 2756 2759 -1 2756 2761 2762 -1 2759 2756 2762 -1 2763 2764 2765 -1 2765 2764 2766 -1 2765 2766 2767 -1 2768 2765 2767 -1 2769 2768 2767 -1 2763 2768 2770 -1 2763 2765 2768 -1 2766 2771 2767 -1 2772 2768 2773 -1 2773 2768 2769 -1 2769 2767 2774 -1 2770 2775 2763 -1 2771 2776 2767 -1 2771 2777 2776 -1 2772 2770 2768 -1 2767 2776 2774 -1 2778 2775 2770 -1 2775 2778 2779 -1 2776 2777 2780 -1 2772 2781 2782 -1 2781 2773 2783 -1 2772 2773 2781 -1 2773 2769 2774 -1 2784 2770 2772 -1 2784 2778 2770 -1 2776 2780 2785 -1 2782 2781 2786 -1 2772 2782 2784 -1 2783 2773 2774 -1 2774 2776 2785 -1 2786 2781 2787 -1 2787 2781 2783 -1 2786 2784 2782 -1 2788 2786 2787 -1 2786 2788 2789 -1 2783 2774 2790 -1 2784 2786 2789 -1 2784 2791 2778 -1 2779 2778 2792 -1 2793 2788 2794 -1 2789 2788 2793 -1 2788 2787 2794 -1 2783 2795 2787 -1 2795 2783 2790 -1 2796 2784 2789 -1 2778 2791 2792 -1 2789 2797 2798 -1 2798 2796 2789 -1 2790 2774 2785 -1 2791 2784 2796 -1 2785 2799 2800 -1 2801 2794 2802 -1 2793 2794 2801 -1 2789 2793 2803 -1 2797 2789 2803 -1 2802 2787 2795 -1 2790 2785 2800 -1 2804 2791 2796 -1 2792 2791 2805 -1 2805 2791 2804 -1 2805 2806 2792 -1 2800 2799 2807 -1 2808 2801 2809 -1 2801 2808 2803 -1 2801 2803 2793 -1 2809 2801 2802 -1 2794 2787 2802 -1 2810 2811 2812 -1 2810 2813 2814 -1 2814 2815 2810 -1 2815 2811 2810 -1 2813 2810 2816 -1 2814 2813 2817 -1 2818 2803 2808 -1 2803 2818 2819 -1 2797 2803 2819 -1 2820 2795 2790 -1 2820 2790 2800 -1 2796 2798 2821 -1 2804 2796 2822 -1 2806 2805 2823 -1 2824 2807 2825 -1 2802 2826 2809 -1 2827 2797 2819 -1 2828 2798 2797 -1 2821 2798 2828 -1 2821 2822 2796 -1 2805 2804 2829 -1 2807 2830 2800 -1 2805 2829 2823 -1 2831 2832 2833 -1 2832 2818 2834 -1 2834 2833 2832 -1 2818 2808 2834 -1 2818 2832 2819 -1 2808 2809 2835 -1 2835 2834 2808 -1 2817 2813 2836 -1 2837 2816 2810 -1 2838 2837 2810 -1 2810 2812 2838 -1 2833 2834 2835 -1 2832 2831 2839 -1 2819 2832 2839 -1 2809 2826 2835 -1 2819 2839 2827 -1 2795 2820 2802 -1 2828 2797 2827 -1 2840 2804 2822 -1 2840 2829 2804 -1 2841 2835 2826 -1 2839 2842 2827 -1 2828 2843 2821 -1 2821 2843 2844 -1 2822 2821 2844 -1 2840 2822 2844 -1 2845 2823 2829 -1 2846 2824 2825 -1 2831 2833 2847 -1 2817 2848 2849 -1 2836 2848 2817 -1 2850 2837 2838 -1 2813 2851 2836 -1 2851 2813 2816 -1 2816 2852 2851 -1 2852 2816 2837 -1 2837 2850 2852 -1 2841 2853 2835 -1 2839 2831 2854 -1 2842 2839 2854 -1 2828 2827 2855 -1 2800 2830 2820 -1 2856 2830 2824 -1 2807 2824 2830 -1 2845 2829 2840 -1 2846 2857 2824 -1 2858 2847 2859 -1 2847 2858 2860 -1 2860 2831 2847 -1 2847 2833 2853 -1 2859 2847 2853 -1 2833 2835 2853 -1 2831 2860 2854 -1 2826 2802 2861 -1 2802 2820 2861 -1 2862 2827 2842 -1 2855 2827 2862 -1 2863 2820 2830 -1 2843 2828 2855 -1 2844 2843 2864 -1 2840 2844 2864 -1 2845 2840 2865 -1 2866 2858 2867 -1 2860 2858 2866 -1 2859 2867 2858 -1 2868 2869 2870 -1 2871 2869 2868 -1 2868 2870 2848 -1 2851 2872 2836 -1 2851 2852 2873 -1 2850 2874 2852 -1 2874 2873 2852 -1 2875 2850 2838 -1 2876 2859 2853 -1 2841 2826 2877 -1 2854 2860 2878 -1 2877 2826 2861 -1 2842 2854 2878 -1 2843 2855 2879 -1 2863 2830 2856 -1 2856 2824 2857 -1 2865 2840 2864 -1 2865 2880 2845 -1 2860 2866 2881 -1 2878 2860 2881 -1 2882 2862 2842 -1 2862 2879 2855 -1 2879 2864 2843 -1 2865 2864 2883 -1 2867 2884 2885 -1 2885 2866 2867 -1 2867 2859 2876 -1 2874 2850 2875 -1 2868 2848 2886 -1 2836 2886 2848 -1 2886 2836 2872 -1 2851 2887 2872 -1 2887 2851 2873 -1 2888 2873 2874 -1 2889 2869 2871 -1 2853 2890 2876 -1 2881 2891 2878 -1 2841 2890 2853 -1 2890 2841 2877 -1 2878 2891 2882 -1 2878 2882 2842 -1 2861 2820 2892 -1 2863 2892 2820 -1 2879 2883 2864 -1 2893 2856 2857 -1 2857 2846 2894 -1 2865 2883 2895 -1 2865 2895 2896 -1 2894 2897 2857 -1 2898 2897 2894 -1 2895 2899 2896 -1 2900 2897 2898 -1 2901 2884 2902 -1 2884 2867 2876 -1 2876 2902 2884 -1 2885 2884 2901 -1 2881 2866 2885 -1 2900 2898 2903 -1 2904 2862 2882 -1 2905 2862 2904 -1 2879 2862 2905 -1 2863 2856 2906 -1 2856 2893 2906 -1 2897 2900 2907 -1 2907 2900 2903 -1 2908 2901 2909 -1 2901 2902 2909 -1 2907 2903 2910 -1 2901 2908 2911 -1 2912 2901 2911 -1 2912 2885 2901 -1 2913 2871 2868 -1 2914 2871 2913 -1 2914 2913 2915 -1 2888 2916 2872 -1 2872 2887 2888 -1 2917 2888 2874 -1 2875 2918 2874 -1 2919 2876 2890 -1 2920 2881 2921 -1 2891 2881 2920 -1 2905 2904 2922 -1 2923 2879 2905 -1 2892 2863 2906 -1 2879 2923 2924 -1 2879 2924 2883 -1 2883 2925 2895 -1 2893 2857 2897 -1 2908 2926 2927 -1 2926 2909 2928 -1 2908 2909 2926 -1 2909 2876 2919 -1 2902 2876 2909 -1 2908 2927 2911 -1 2881 2912 2929 -1 2885 2912 2881 -1 2903 2930 2910 -1 2921 2881 2931 -1 2891 2920 2932 -1 2891 2932 2882 -1 2904 2932 2933 -1 2882 2932 2904 -1 2924 2923 2934 -1 2935 2906 2893 -1 2925 2924 2934 -1 2925 2883 2924 -1 2935 2893 2897 -1 2927 2926 2936 -1 2925 2937 2938 -1 2925 2938 2895 -1 2897 2907 2939 -1 2907 2940 2939 -1 2910 2940 2907 -1 2938 2941 2942 -1 2941 2943 2942 -1 2910 2930 2944 -1 2945 2946 2889 -1 2947 2946 2945 -1 2948 2945 2915 -1 2915 2945 2914 -1 2949 2915 2913 -1 2916 2886 2872 -1 2949 2886 2916 -1 2950 2949 2916 -1 2916 2951 2950 -1 2918 2917 2874 -1 2871 2914 2889 -1 2889 2914 2945 -1 2868 2886 2913 -1 2913 2886 2949 -1 2952 2916 2888 -1 2951 2916 2952 -1 2873 2888 2887 -1 2888 2917 2952 -1 2953 2912 2911 -1 2912 2953 2929 -1 2919 2890 2954 -1 2954 2890 2877 -1 2929 2931 2881 -1 2955 2921 2931 -1 2955 2920 2921 -1 2877 2861 2956 -1 2956 2861 2892 -1 2905 2922 2923 -1 2923 2922 2934 -1 2957 2937 2958 -1 2957 2941 2938 -1 2934 2937 2925 -1 2897 2959 2935 -1 2959 2897 2939 -1 2937 2957 2938 -1 2960 2961 2936 -1 2936 2926 2960 -1 2928 2960 2926 -1 2928 2909 2919 -1 2944 2940 2910 -1 2962 2944 2930 -1 2927 2963 2911 -1 2911 2963 2953 -1 2920 2933 2932 -1 2955 2933 2920 -1 2956 2892 2964 -1 2933 2965 2904 -1 2904 2965 2922 -1 2906 2964 2892 -1 2966 2922 2965 -1 2934 2922 2966 -1 2958 2934 2967 -1 2906 2935 2968 -1 2937 2934 2958 -1 2969 2941 2957 -1 2970 2939 2940 -1 2971 2936 2961 -1 2970 2940 2972 -1 2973 2936 2971 -1 2973 2927 2936 -1 2972 2940 2944 -1 2941 2969 2974 -1 2974 2943 2941 -1 2963 2927 2973 -1 2944 2962 2975 -1 2976 2975 2962 -1 2976 2977 2975 -1 2948 2978 2947 -1 2948 2947 2945 -1 2979 2948 2915 -1 2980 2979 2915 -1 2981 2979 2980 -1 2981 2980 2982 -1 2983 2980 2915 -1 2982 2980 2983 -1 2983 2915 2949 -1 2984 2983 2949 -1 2983 2984 2985 -1 2950 2984 2949 -1 2950 2986 2984 -1 2986 2950 2951 -1 2987 2988 2989 -1 2918 2990 2917 -1 2951 2952 2990 -1 2990 2991 2951 -1 2990 2918 2992 -1 2993 2919 2954 -1 2994 2929 2953 -1 2931 2929 2995 -1 2996 2931 2995 -1 2877 2956 2954 -1 2955 2931 2996 -1 2965 2933 2955 -1 2977 2997 2975 -1 2998 2969 2999 -1 2998 2974 2969 -1 2974 2998 3000 -1 3001 3000 3002 -1 2974 3000 3001 -1 2964 2906 2968 -1 2965 3003 3004 -1 2965 3004 2966 -1 2966 2967 2934 -1 3005 3006 3007 -1 2971 3006 3005 -1 2968 2935 2959 -1 3006 2961 3008 -1 2971 2961 3006 -1 3009 2958 2967 -1 2960 3008 2961 -1 2957 3009 2999 -1 2958 3009 2957 -1 2919 2993 2928 -1 2971 3010 2973 -1 2957 2999 2969 -1 3011 2959 2939 -1 3011 2939 2970 -1 3012 2944 2975 -1 3002 3013 3001 -1 3001 3013 3014 -1 2953 2963 3015 -1 2994 2953 3015 -1 2994 3016 2929 -1 2995 2929 3016 -1 3017 2954 2956 -1 3018 2996 2995 -1 3018 3019 2996 -1 2996 3019 3020 -1 2996 3020 2955 -1 2964 3021 2956 -1 3020 3003 2955 -1 2955 3003 2965 -1 3022 2975 2997 -1 3023 2985 3024 -1 2985 3023 2982 -1 2977 3025 2997 -1 3003 3026 3004 -1 3025 2977 3027 -1 3027 3028 3025 -1 3029 2998 2999 -1 3028 3027 3030 -1 3031 2998 3032 -1 3000 3031 3002 -1 3031 3000 2998 -1 3013 3002 3033 -1 3034 3007 3006 -1 3005 3010 2971 -1 3008 2960 2993 -1 2960 2928 2993 -1 3035 2973 3010 -1 2963 2973 3035 -1 2966 3004 2967 -1 2968 2959 3036 -1 2959 3011 3036 -1 3009 2967 3037 -1 3009 3037 2999 -1 3038 2970 2972 -1 3011 2970 3038 -1 2972 3039 3040 -1 2944 3039 2972 -1 3039 2944 3012 -1 3012 2975 3022 -1 3041 2978 2948 -1 2978 3041 3042 -1 3041 2948 2979 -1 3043 3041 2979 -1 2981 3043 2979 -1 3044 3043 2981 -1 3044 2981 3045 -1 3045 2981 2982 -1 2983 2985 2982 -1 2986 2985 2984 -1 2986 3046 2985 -1 2985 3046 3024 -1 2986 2951 2991 -1 2991 3046 2986 -1 2987 2989 3047 -1 3048 2991 2990 -1 3047 2989 2947 -1 2947 2978 3047 -1 3049 3048 2990 -1 2992 3049 2990 -1 3050 3047 2978 -1 2952 2917 2990 -1 3036 3011 3051 -1 3011 3038 3051 -1 2954 3052 2993 -1 3052 2954 3017 -1 3040 3038 2972 -1 2995 3016 3053 -1 3022 3054 3012 -1 3018 2995 3053 -1 3003 3020 3055 -1 3056 3003 3055 -1 2991 3057 3046 -1 3023 3045 2982 -1 3044 3045 3058 -1 3045 3023 3059 -1 3024 3060 3023 -1 3061 3023 3060 -1 3062 3024 3046 -1 3024 3062 3060 -1 3061 3059 3023 -1 3063 3022 3064 -1 2997 3064 3022 -1 3064 2997 3025 -1 3003 3056 3026 -1 3026 3065 3037 -1 2967 3026 3037 -1 2999 3037 3029 -1 3038 3040 3066 -1 3062 3046 3057 -1 3067 3007 3068 -1 3034 3068 3007 -1 3005 3007 3067 -1 3034 3006 3069 -1 3010 3005 3070 -1 3006 3008 3069 -1 3029 3032 2998 -1 3032 3071 3031 -1 3066 3040 3039 -1 3035 3015 2963 -1 3031 3072 3073 -1 3041 3043 3074 -1 3075 3039 3012 -1 3073 3033 3031 -1 3002 3031 3033 -1 3033 3073 3076 -1 3077 3033 3076 -1 3013 3033 3077 -1 3022 3063 3054 -1 2968 3078 2964 -1 3004 3026 2967 -1 3016 2994 3079 -1 2956 3021 3017 -1 3020 3019 3080 -1 2964 3081 3021 -1 3055 3020 3080 -1 3082 3055 3080 -1 3081 2964 3078 -1 3074 3058 3083 -1 3059 3058 3045 -1 3058 3059 3083 -1 3056 3055 3082 -1 3084 3085 3067 -1 3056 3065 3026 -1 3065 3086 3037 -1 3086 3029 3037 -1 3068 3087 3084 -1 3068 3084 3067 -1 3085 3070 3067 -1 3088 3029 3086 -1 3067 3070 3005 -1 3029 3088 3032 -1 3035 3010 3089 -1 3063 3064 3090 -1 3048 3057 2991 -1 2994 3015 3079 -1 3091 3042 3074 -1 3074 3042 3041 -1 3092 3071 3032 -1 3072 3071 3093 -1 3071 3072 3031 -1 3094 3039 3095 -1 3094 3066 3039 -1 3095 3039 3075 -1 3054 3075 3012 -1 3096 3075 3054 -1 3063 3096 3054 -1 3078 2968 3036 -1 3047 3050 3097 -1 3097 3050 3098 -1 2978 3042 3050 -1 3098 3050 3042 -1 3099 3049 2992 -1 3048 3049 3100 -1 3058 3074 3043 -1 2987 3047 3101 -1 3043 3044 3058 -1 3070 3089 3010 -1 3072 3102 3103 -1 3103 3073 3072 -1 3073 3103 3076 -1 3042 3104 3098 -1 3090 3105 3063 -1 3063 3106 3096 -1 3074 3083 3107 -1 3017 3108 3052 -1 3109 3079 3110 -1 3079 3109 3016 -1 3016 3109 3053 -1 3019 3018 3111 -1 3019 3111 3080 -1 3081 3078 3112 -1 3113 3083 3059 -1 3114 3083 3113 -1 3115 3060 3062 -1 3060 3116 3061 -1 3113 3059 3117 -1 3117 3059 3061 -1 3116 3118 3061 -1 3117 3061 3118 -1 3118 3119 3117 -1 3115 3116 3060 -1 3120 3084 3087 -1 3082 3080 3121 -1 3101 3122 2987 -1 3112 3078 3036 -1 3082 3123 3056 -1 3065 3056 3123 -1 3047 3097 3101 -1 3123 3086 3065 -1 3098 3124 3097 -1 3125 3113 3117 -1 3125 3117 3126 -1 3088 3125 3126 -1 3127 3087 3068 -1 3068 3034 3127 -1 3128 3085 3129 -1 3070 3085 3128 -1 3092 3126 3130 -1 3069 3127 3034 -1 3092 3130 3131 -1 3049 3099 3100 -1 3126 3092 3088 -1 3088 3092 3032 -1 2993 3132 3008 -1 3038 3066 3133 -1 3134 3062 3057 -1 3048 3135 3057 -1 3131 3093 3092 -1 3092 3093 3071 -1 3093 3136 3072 -1 3089 3070 3137 -1 3102 3138 3103 -1 3095 3075 3096 -1 2993 3052 3139 -1 3076 3103 3140 -1 3035 3141 3015 -1 3063 3105 3106 -1 3015 3141 3110 -1 3079 3015 3110 -1 3042 3091 3104 -1 3091 3107 3142 -1 3107 3091 3074 -1 3143 3107 3083 -1 3144 3143 3083 -1 3145 3108 3017 -1 3145 3017 3021 -1 3053 3109 3146 -1 3146 3111 3018 -1 3053 3146 3018 -1 3080 3111 3121 -1 3021 3081 3145 -1 3114 3144 3083 -1 3115 3147 3116 -1 3147 3115 3148 -1 3149 3084 3120 -1 3150 3085 3149 -1 3085 3084 3149 -1 3120 3087 3151 -1 3118 3116 3119 -1 3085 3150 3129 -1 3129 3150 3152 -1 3119 3116 3147 -1 3131 3119 3147 -1 3128 3129 3152 -1 3130 3119 3131 -1 3153 3144 3114 -1 3101 3097 3154 -1 3155 3114 3113 -1 3113 3125 3156 -1 3156 3088 3123 -1 3081 3112 3157 -1 3123 3082 3121 -1 3112 3036 3158 -1 3088 3086 3123 -1 3087 3127 3151 -1 3036 3051 3158 -1 3069 3008 3132 -1 3156 3125 3088 -1 2993 3139 3132 -1 3119 3130 3117 -1 3126 3117 3130 -1 3128 3137 3070 -1 3158 3051 3133 -1 3133 3051 3038 -1 3094 3133 3066 -1 3159 3133 3094 -1 3062 3134 3160 -1 3115 3062 3160 -1 3134 3057 3161 -1 3162 3131 3147 -1 3057 3135 3163 -1 3135 3048 3100 -1 3103 3138 3164 -1 3103 3164 3165 -1 3103 3165 3140 -1 3131 3162 3093 -1 3093 3162 3136 -1 3095 3166 3094 -1 3102 3072 3136 -1 3167 3168 3106 -1 3166 3095 3106 -1 3095 3096 3106 -1 3167 3106 3105 -1 3166 3106 3168 -1 3098 3104 3169 -1 3127 3069 3170 -1 3069 3132 3170 -1 3139 3052 3108 -1 3089 3141 3035 -1 3110 3141 3142 -1 3171 3169 3104 -1 3091 3171 3104 -1 3172 3091 3142 -1 3173 3110 3142 -1 3173 3142 3107 -1 3107 3143 3173 -1 3174 3173 3143 -1 3143 3144 3175 -1 3110 3173 3109 -1 3173 3174 3109 -1 3174 3146 3109 -1 3146 3174 3176 -1 3146 3176 3111 -1 3176 3153 3111 -1 3175 3153 3176 -1 3144 3153 3175 -1 3111 3153 3121 -1 3153 3177 3121 -1 3114 3177 3153 -1 3121 3177 3155 -1 3155 3177 3114 -1 3149 3120 3178 -1 3150 3149 3179 -1 3179 3180 3150 -1 3121 3155 3123 -1 3156 3155 3113 -1 3150 3180 3152 -1 3155 3156 3123 -1 3097 3181 3154 -1 3159 3094 3182 -1 3097 3124 3181 -1 3161 3057 3163 -1 3161 3163 3183 -1 3162 3147 3148 -1 3162 3184 3102 -1 3136 3162 3102 -1 3163 3135 3185 -1 3138 3184 3164 -1 3184 3138 3102 -1 3182 3094 3166 -1 3124 3098 3186 -1 3167 3105 3187 -1 3098 3169 3186 -1 3151 3127 3188 -1 3188 3127 3170 -1 3089 3137 3189 -1 3189 3190 3089 -1 3141 3089 3190 -1 3141 3190 3172 -1 3172 3142 3141 -1 3172 3171 3091 -1 3174 3143 3175 -1 3176 3174 3175 -1 3157 3145 3081 -1 3191 3157 3112 -1 3158 3191 3112 -1 3192 3158 3133 -1 3161 3160 3134 -1 3148 3115 3160 -1 3193 3148 3160 -1 3162 3148 3193 -1 3161 3194 3193 -1 3194 3161 3183 -1 3193 3184 3162 -1 3184 3193 3194 -1 3184 3194 3164 -1 3178 3120 3195 -1 3196 3178 3195 -1 3151 3195 3120 -1 3182 3166 3197 -1 3179 3149 3198 -1 3154 3181 3199 -1 3164 3194 3200 -1 3165 3164 3200 -1 3128 3152 3201 -1 3197 3166 3168 -1 3202 3124 3203 -1 3181 3124 3202 -1 3204 3201 3152 -1 3152 3180 3204 -1 3205 3128 3201 -1 3206 3203 3124 -1 3206 3124 3186 -1 3207 3188 3170 -1 3132 3208 3170 -1 3137 3128 3205 -1 3208 3132 3139 -1 3189 3137 3205 -1 3189 3205 3209 -1 3209 3190 3189 -1 3169 3171 3209 -1 3190 3209 3171 -1 3171 3172 3190 -1 3210 3139 3108 -1 3211 3145 3157 -1 3211 3157 3191 -1 3158 3192 3191 -1 3212 3133 3159 -1 3192 3133 3212 -1 3213 3101 3214 -1 3122 3101 3213 -1 3215 3178 3196 -1 3182 3216 3159 -1 3199 3217 3214 -1 3154 3199 3214 -1 3218 3217 3199 -1 3198 3217 3218 -1 3161 3193 3160 -1 3178 3215 3198 -1 3149 3178 3198 -1 3182 3219 3216 -1 3218 3199 3220 -1 3221 3218 3220 -1 3222 3168 3167 -1 3196 3195 3223 -1 3223 3195 3188 -1 3195 3151 3188 -1 3198 3218 3179 -1 3179 3218 3221 -1 3204 3179 3221 -1 3204 3180 3179 -1 3224 3219 3182 -1 3225 3222 3167 -1 3197 3224 3182 -1 3101 3154 3214 -1 3185 3183 3163 -1 3185 3200 3183 -1 3200 3185 3135 -1 3199 3181 3220 -1 3220 3181 3202 -1 3200 3135 3226 -1 3194 3183 3200 -1 3225 3167 3187 -1 3226 3165 3200 -1 3197 3168 3222 -1 3202 3227 3221 -1 3204 3221 3227 -1 3203 3227 3202 -1 3201 3204 3227 -1 3201 3228 3205 -1 3201 3227 3203 -1 3203 3228 3201 -1 3228 3203 3206 -1 3209 3228 3206 -1 3205 3228 3209 -1 3209 3206 3186 -1 3209 3186 3169 -1 3208 3139 3210 -1 3229 3108 3145 -1 3145 3211 3229 -1 3191 3230 3211 -1 3230 3192 3212 -1 3230 3191 3192 -1 3216 3212 3159 -1 3231 3213 3232 -1 3224 3197 3233 -1 3232 3213 3214 -1 3234 3233 3197 -1 3215 3196 3223 -1 3197 3222 3234 -1 3222 3225 3235 -1 3236 3234 3222 -1 3217 3232 3214 -1 3215 3217 3198 -1 3223 3188 3237 -1 3237 3188 3207 -1 3208 3207 3170 -1 3229 3210 3108 -1 3238 3210 3229 -1 3216 3239 3212 -1 3216 3240 3239 -1 3219 3240 3216 -1 3224 3240 3219 -1 3241 3240 3224 -1 3241 3233 3242 -1 3224 3233 3241 -1 3235 3236 3222 -1 3231 3232 3243 -1 3217 3243 3232 -1 3244 3243 3217 -1 3215 3244 3217 -1 3244 3215 3223 -1 3220 3202 3221 -1 3208 3245 3207 -1 3246 3229 3211 -1 3247 3240 3241 -1 3233 3248 3242 -1 3233 3234 3248 -1 3249 3248 3234 -1 3236 3249 3234 -1 3210 3245 3208 -1 3238 3245 3210 -1 3246 3238 3229 -1 3246 3211 3230 -1 3250 3230 3239 -1 3230 3212 3239 -1 3239 3247 3251 -1 3240 3247 3239 -1 3247 3241 3252 -1 3253 3252 3241 -1 3241 3242 3253 -1 3243 3244 3254 -1 3254 3255 3243 -1 3254 3244 3256 -1 3244 3223 3256 -1 3223 3237 3256 -1 3207 3245 3257 -1 3245 3238 3258 -1 3259 3238 3246 -1 3230 3250 3246 -1 3251 3250 3239 -1 3242 3260 3253 -1 3260 3242 3248 -1 3236 3261 3249 -1 3235 3262 3236 -1 3207 3257 3237 -1 3259 3258 3238 -1 3263 3246 3250 -1 3251 3263 3250 -1 3247 3264 3251 -1 3252 3264 3247 -1 3265 3248 3249 -1 3266 3261 3236 -1 3236 3262 3266 -1 3267 3255 3268 -1 3255 3254 3268 -1 3268 3254 3256 -1 3237 3269 3256 -1 3270 3258 3259 -1 3263 3259 3246 -1 3271 3263 3251 -1 3272 3273 3264 -1 3264 3273 3251 -1 3272 3264 3252 -1 3252 3253 3274 -1 3265 3260 3248 -1 3268 3256 3269 -1 3267 3268 3275 -1 3275 3268 3269 -1 3257 3269 3237 -1 3245 3276 3257 -1 3258 3270 3277 -1 3259 3263 3270 -1 3272 3252 3274 -1 3271 3251 3273 -1 3253 3278 3274 -1 3253 3260 3278 -1 3265 3249 3279 -1 3249 3261 3279 -1 3261 3266 3280 -1 3258 3276 3245 -1 3281 3260 3265 -1 3265 3279 3282 -1 3283 3275 3284 -1 3284 3275 3269 -1 3276 3258 3285 -1 3277 3285 3258 -1 3277 3270 3286 -1 3272 3287 3273 -1 3288 3271 3273 -1 3274 3278 3289 -1 3263 3286 3270 -1 3271 3286 3263 -1 3278 3260 3281 -1 3281 3265 3282 -1 3269 3257 3284 -1 3290 3291 3279 -1 3279 3261 3290 -1 3261 3280 3292 -1 3290 3261 3292 -1 3257 3276 3293 -1 3277 3294 3285 -1 3295 3286 3288 -1 3288 3286 3271 -1 3287 3288 3273 -1 3272 3274 3289 -1 3278 3281 3296 -1 3282 3279 3291 -1 3293 3284 3257 -1 3285 3293 3276 -1 3277 3286 3294 -1 3295 3294 3286 -1 3272 3289 3287 -1 3278 3297 3289 -1 3297 3278 3296 -1 3293 3298 3284 -1 3292 3280 3299 -1 3293 3285 3300 -1 3285 3294 3300 -1 3301 3302 3287 -1 3302 3295 3288 -1 3287 3302 3288 -1 3301 3287 3303 -1 3303 3287 3304 -1 3289 3304 3287 -1 3289 3297 3304 -1 3281 3282 3305 -1 3291 3290 3306 -1 3306 3290 3307 -1 3290 3292 3307 -1 3308 3303 3304 -1 3309 3296 3281 -1 3305 3282 3310 -1 3310 3282 3291 -1 3294 3311 3300 -1 3311 3294 3295 -1 3302 3311 3295 -1 3312 3302 3301 -1 3313 3312 3301 -1 3313 3303 3314 -1 3301 3303 3313 -1 3314 3303 3308 -1 3305 3315 3281 -1 3298 3300 3316 -1 3293 3300 3298 -1 3292 3299 3317 -1 3314 3308 3318 -1 3308 3304 3319 -1 3320 3319 3304 -1 3297 3320 3304 -1 3296 3309 3297 -1 3309 3281 3315 -1 3300 3311 3316 -1 3317 3307 3292 -1 3316 3311 3312 -1 3302 3312 3311 -1 3321 3312 3313 -1 3313 3314 3322 -1 3320 3297 3323 -1 3324 3309 3315 -1 3305 3310 3325 -1 3310 3291 3306 -1 3298 3316 3326 -1 3327 3321 3313 -1 3313 3322 3327 -1 3314 3318 3322 -1 3318 3308 3319 -1 3328 3318 3319 -1 3297 3309 3323 -1 3315 3305 3325 -1 3329 3316 3312 -1 3317 3330 3307 -1 3327 3322 3331 -1 3328 3322 3318 -1 3319 3320 3332 -1 3332 3320 3323 -1 3315 3325 3333 -1 3333 3325 3310 -1 3310 3306 3334 -1 3329 3312 3321 -1 3307 3334 3306 -1 3330 3317 3335 -1 3336 3335 3317 -1 3322 3328 3331 -1 3328 3319 3337 -1 3319 3332 3337 -1 3323 3309 3338 -1 3338 3309 3324 -1 3324 3315 3333 -1 3324 3333 3339 -1 3307 3330 3334 -1 3332 3340 3337 -1 3332 3323 3341 -1 3338 3341 3323 -1 3333 3310 3334 -1 3328 3337 3342 -1 3332 3341 3340 -1 3341 3338 3343 -1 3338 3324 3339 -1 3339 3333 3344 -1 3333 3334 3345 -1 3335 3336 3346 -1 3340 3341 3343 -1 3338 3339 3343 -1 3344 3333 3345 -1 3334 3330 3345 -1 3330 3335 3347 -1 3342 3337 3348 -1 3337 3340 3348 -1 3343 3339 3349 -1 3350 3351 3344 -1 3344 3345 3350 -1 3335 3346 3352 -1 3348 3340 3343 -1 3345 3330 3347 -1 3349 3339 3353 -1 3339 3344 3353 -1 3351 3353 3344 -1 3335 3352 3347 -1 3342 3348 3354 -1 3345 3347 3355 -1 3351 3350 3356 -1 3357 3352 3346 -1 3358 3348 3343 -1 3343 3349 3358 -1 3353 3359 3349 -1 3356 3350 3360 -1 3345 3355 3350 -1 3354 3348 3361 -1 3348 3358 3361 -1 3347 3362 3355 -1 3360 3350 3355 -1 3360 3355 3363 -1 3358 3349 3359 -1 3362 3347 3364 -1 3353 3351 3356 -1 3352 3364 3347 -1 3356 3360 3365 -1 3352 3357 3366 -1 3366 3364 3352 -1 3367 3361 3358 -1 3363 3365 3360 -1 3367 3358 3368 -1 3358 3359 3368 -1 3362 3363 3355 -1 3364 3366 3369 -1 3370 3363 3362 -1 3364 3371 3362 -1 3359 3353 3372 -1 3353 3356 3372 -1 3372 3356 3365 -1 3373 3359 3374 -1 3359 3372 3374 -1 3371 3364 3375 -1 3369 3375 3364 -1 3368 3359 3373 -1 3370 3376 3363 -1 3370 3362 3371 -1 3377 3368 3373 -1 3372 3365 3378 -1 3378 3365 3376 -1 3365 3363 3376 -1 3367 3368 3377 -1 3371 3379 3370 -1 3377 3373 3380 -1 3376 3370 3381 -1 3379 3381 3370 -1 3372 3378 3374 -1 3371 3375 3379 -1 3382 3376 3383 -1 3375 3369 3384 -1 3380 3373 3385 -1 3386 3385 3373 -1 3383 3376 3381 -1 3374 3386 3373 -1 3386 3374 3387 -1 3378 3387 3374 -1 3378 3376 3382 -1 3382 3387 3378 -1 3379 3375 3388 -1 3384 3388 3375 -1 3384 3389 3388 -1 3390 3385 3386 -1 3386 3387 3391 -1 3392 3393 3383 -1 3379 3392 3381 -1 3380 3385 3390 -1 3386 3391 3390 -1 3387 3382 3391 -1 3382 3393 3391 -1 3383 3393 3382 -1 3383 3381 3392 -1 3392 3379 3388 -1 3389 3394 3388 -1 3390 3391 3395 -1 3396 3397 3398 -1 3398 3399 3396 -1 3400 3401 3402 -1 3400 3397 3401 -1 3403 3404 3405 -1 3406 3405 3404 -1 3405 3406 3407 -1 3408 3407 3406 -1 3407 3408 3409 -1 3402 3410 3411 -1 3410 3412 3411 -1 3396 3399 3413 -1 3413 3414 3396 -1 3403 3413 3399 -1 3415 3412 3416 -1 3401 3397 3417 -1 3397 3396 3414 -1 3413 3403 3405 -1 3407 3409 3418 -1 3419 3420 3421 -1 3422 3423 3424 -1 3418 3422 3425 -1 3426 3427 3428 -1 3429 3426 3428 -1 3397 3414 3417 -1 3419 3430 3429 -1 3430 3419 3431 -1 3421 3431 3419 -1 3421 3420 3432 -1 3433 3420 3434 -1 3432 3420 3433 -1 3435 3436 3434 -1 3407 3418 3437 -1 3438 3407 3437 -1 3407 3438 3405 -1 3424 3423 3439 -1 3424 3425 3422 -1 3423 3440 3439 -1 3441 3426 3429 -1 3401 3417 3442 -1 3430 3441 3429 -1 3417 3414 3443 -1 3414 3413 3444 -1 3413 3405 3438 -1 3438 3444 3413 -1 3418 3425 3437 -1 3416 3412 3445 -1 3446 3447 3440 -1 3448 3424 3449 -1 3449 3439 3450 -1 3424 3439 3449 -1 3425 3424 3448 -1 3439 3440 3447 -1 3446 3451 3452 -1 3452 3451 3453 -1 3427 3426 3453 -1 3454 3453 3426 -1 3426 3441 3454 -1 3410 3445 3412 -1 3448 3437 3425 -1 3443 3414 3455 -1 3414 3444 3455 -1 3438 3437 3456 -1 3452 3447 3446 -1 3449 3450 3457 -1 3454 3439 3447 -1 3454 3447 3452 -1 3450 3439 3454 -1 3458 3450 3454 -1 3441 3458 3454 -1 3454 3452 3453 -1 3459 3441 3430 -1 3460 3448 3457 -1 3437 3448 3460 -1 3437 3460 3456 -1 3438 3456 3461 -1 3462 3438 3461 -1 3444 3438 3462 -1 3457 3448 3449 -1 3458 3457 3450 -1 3459 3458 3441 -1 3402 3401 3410 -1 3459 3431 3463 -1 3431 3459 3430 -1 3431 3421 3432 -1 3433 3464 3432 -1 3436 3464 3433 -1 3434 3436 3433 -1 3445 3410 3465 -1 3401 3466 3410 -1 3466 3401 3442 -1 3457 3467 3460 -1 3442 3417 3443 -1 3443 3455 3468 -1 3467 3469 3460 -1 3456 3460 3469 -1 3461 3456 3469 -1 3467 3457 3458 -1 3467 3470 3469 -1 3470 3467 3458 -1 3458 3459 3470 -1 3442 3443 3471 -1 3469 3472 3461 -1 3461 3472 3462 -1 3463 3473 3459 -1 3463 3431 3464 -1 3432 3464 3431 -1 3463 3464 3474 -1 3464 3436 3475 -1 3435 3476 3436 -1 3477 3476 3435 -1 3478 3477 3435 -1 3479 3416 3445 -1 3466 3442 3480 -1 3465 3410 3466 -1 3443 3468 3471 -1 3481 3462 3472 -1 3472 3469 3470 -1 3470 3482 3481 -1 3472 3470 3481 -1 3455 3444 3483 -1 3462 3483 3444 -1 3483 3462 3481 -1 3459 3482 3470 -1 3473 3482 3459 -1 3468 3455 3484 -1 3455 3483 3484 -1 3482 3473 3485 -1 3485 3473 3486 -1 3486 3473 3463 -1 3486 3463 3474 -1 3475 3474 3464 -1 3487 3474 3475 -1 3476 3475 3436 -1 3488 3476 3477 -1 3489 3477 3478 -1 3489 3490 3491 -1 3477 3489 3491 -1 3488 3477 3491 -1 3492 3489 3478 -1 3490 3489 3492 -1 3484 3483 3481 -1 3481 3482 3493 -1 3493 3482 3485 -1 3445 3465 3494 -1 3468 3484 3495 -1 3484 3481 3496 -1 3493 3496 3481 -1 3493 3485 3497 -1 3486 3498 3497 -1 3485 3486 3497 -1 3474 3498 3486 -1 3499 3498 3474 -1 3471 3500 3442 -1 3445 3494 3501 -1 3479 3445 3501 -1 3471 3468 3502 -1 3502 3468 3495 -1 3495 3484 3496 -1 3465 3503 3494 -1 3465 3466 3503 -1 3504 3479 3501 -1 3504 3505 3479 -1 3496 3493 3506 -1 3503 3466 3480 -1 3497 3507 3493 -1 3497 3498 3507 -1 3507 3498 3508 -1 3499 3508 3498 -1 3474 3487 3499 -1 3509 3487 3475 -1 3476 3509 3475 -1 3510 3509 3476 -1 3487 3509 3511 -1 3511 3510 3512 -1 3509 3510 3511 -1 3488 3510 3476 -1 3513 3510 3488 -1 3491 3513 3488 -1 3510 3514 3512 -1 3513 3514 3510 -1 3512 3514 3515 -1 3514 3513 3491 -1 3516 3514 3491 -1 3490 3516 3491 -1 3514 3516 3515 -1 3517 3516 3490 -1 3518 3496 3506 -1 3493 3507 3519 -1 3501 3494 3520 -1 3442 3521 3480 -1 3442 3500 3522 -1 3523 3505 3504 -1 3506 3493 3519 -1 3495 3496 3524 -1 3507 3508 3525 -1 3508 3499 3526 -1 3487 3527 3499 -1 3501 3528 3504 -1 3442 3522 3521 -1 3502 3500 3471 -1 3502 3495 3524 -1 3524 3496 3518 -1 3529 3523 3504 -1 3520 3494 3530 -1 3503 3530 3494 -1 3524 3518 3531 -1 3532 3519 3507 -1 3525 3532 3507 -1 3526 3525 3508 -1 3515 3533 3534 -1 3535 3533 3515 -1 3536 3512 3534 -1 3534 3512 3515 -1 3535 3515 3516 -1 3517 3535 3516 -1 3537 3535 3538 -1 3538 3535 3517 -1 3538 3539 3537 -1 3499 3527 3526 -1 3540 3527 3487 -1 3511 3540 3487 -1 3511 3536 3541 -1 3540 3511 3541 -1 3512 3536 3511 -1 3503 3480 3530 -1 3542 3480 3521 -1 3502 3524 3531 -1 3501 3520 3528 -1 3530 3480 3542 -1 3500 3543 3522 -1 3531 3518 3544 -1 3544 3518 3545 -1 3518 3506 3545 -1 3545 3506 3546 -1 3506 3519 3546 -1 3519 3532 3546 -1 3546 3532 3547 -1 3537 3539 3548 -1 3533 3549 3534 -1 3550 3532 3525 -1 3549 3533 3535 -1 3525 3526 3550 -1 3549 3535 3537 -1 3549 3537 3551 -1 3520 3552 3528 -1 3550 3547 3532 -1 3553 3529 3504 -1 3521 3522 3554 -1 3543 3554 3522 -1 3500 3502 3543 -1 3555 3502 3531 -1 3531 3544 3556 -1 3557 3526 3558 -1 3558 3527 3559 -1 3560 3558 3559 -1 3541 3561 3540 -1 3561 3541 3562 -1 3541 3563 3562 -1 3536 3563 3541 -1 3563 3536 3534 -1 3550 3526 3557 -1 3551 3537 3564 -1 3548 3564 3537 -1 3558 3526 3527 -1 3559 3527 3540 -1 3540 3561 3559 -1 3565 3529 3553 -1 3566 3530 3542 -1 3554 3543 3567 -1 3545 3546 3568 -1 3568 3546 3547 -1 3520 3530 3566 -1 3531 3556 3555 -1 3569 3547 3570 -1 3547 3550 3570 -1 3571 3563 3534 -1 3549 3571 3534 -1 3551 3571 3549 -1 3572 3571 3551 -1 3557 3558 3560 -1 3552 3520 3573 -1 3574 3528 3552 -1 3542 3521 3575 -1 3521 3554 3575 -1 3543 3502 3576 -1 3544 3545 3556 -1 3550 3557 3570 -1 3504 3528 3574 -1 3576 3567 3543 -1 3555 3576 3502 -1 3556 3577 3555 -1 3556 3545 3578 -1 3578 3545 3568 -1 3547 3569 3568 -1 3579 3580 3563 -1 3563 3571 3579 -1 3557 3560 3581 -1 3559 3582 3560 -1 3559 3561 3582 -1 3582 3561 3562 -1 3582 3562 3583 -1 3583 3562 3580 -1 3562 3563 3580 -1 3520 3566 3573 -1 3553 3504 3574 -1 3584 3542 3575 -1 3567 3575 3554 -1 3566 3542 3584 -1 3575 3567 3585 -1 3586 3576 3555 -1 3556 3578 3577 -1 3587 3578 3568 -1 3587 3568 3569 -1 3570 3588 3569 -1 3557 3581 3570 -1 3583 3580 3589 -1 3590 3579 3571 -1 3590 3571 3572 -1 3581 3560 3591 -1 3591 3560 3592 -1 3576 3593 3567 -1 3588 3587 3569 -1 3594 3588 3570 -1 3570 3581 3594 -1 3573 3566 3595 -1 3596 3565 3553 -1 3586 3577 3597 -1 3555 3577 3586 -1 3577 3578 3597 -1 3588 3594 3587 -1 3581 3591 3598 -1 3599 3580 3579 -1 3589 3580 3599 -1 3592 3600 3591 -1 3582 3601 3560 -1 3560 3601 3592 -1 3583 3601 3582 -1 3601 3602 3603 -1 3583 3602 3601 -1 3602 3583 3589 -1 3552 3573 3604 -1 3574 3552 3604 -1 3586 3597 3605 -1 3578 3587 3597 -1 3594 3581 3598 -1 3604 3573 3595 -1 3584 3575 3606 -1 3607 3606 3575 -1 3575 3585 3607 -1 3567 3593 3585 -1 3576 3586 3608 -1 3597 3587 3609 -1 3587 3594 3610 -1 3611 3602 3589 -1 3600 3598 3591 -1 3600 3592 3612 -1 3601 3612 3592 -1 3609 3587 3613 -1 3587 3610 3613 -1 3595 3566 3584 -1 3608 3593 3576 -1 3597 3609 3605 -1 3594 3614 3610 -1 3614 3594 3598 -1 3615 3614 3598 -1 3612 3616 3617 -1 3616 3612 3603 -1 3618 3616 3603 -1 3598 3600 3615 -1 3615 3600 3619 -1 3619 3600 3612 -1 3602 3611 3603 -1 3603 3611 3618 -1 3603 3612 3601 -1 3585 3620 3607 -1 3605 3609 3621 -1 3613 3610 3622 -1 3622 3610 3614 -1 3614 3615 3623 -1 3624 3584 3606 -1 3585 3593 3625 -1 3626 3586 3605 -1 3614 3627 3622 -1 3614 3623 3627 -1 3628 3619 3629 -1 3615 3619 3628 -1 3629 3619 3612 -1 3612 3617 3629 -1 3604 3595 3630 -1 3595 3584 3631 -1 3625 3620 3585 -1 3625 3593 3632 -1 3608 3586 3626 -1 3613 3633 3609 -1 3622 3633 3613 -1 3634 3627 3623 -1 3631 3584 3624 -1 3553 3574 3635 -1 3607 3636 3606 -1 3605 3621 3626 -1 3609 3633 3621 -1 3621 3633 3637 -1 3633 3638 3637 -1 3627 3633 3622 -1 3638 3633 3627 -1 3638 3627 3634 -1 3623 3639 3634 -1 3628 3623 3615 -1 3629 3640 3628 -1 3628 3640 3641 -1 3629 3642 3640 -1 3629 3617 3642 -1 3617 3643 3642 -1 3644 3617 3616 -1 3630 3595 3631 -1 3553 3635 3645 -1 3604 3635 3574 -1 3608 3646 3593 -1 3623 3628 3647 -1 3647 3628 3648 -1 3635 3604 3649 -1 3607 3620 3650 -1 3625 3632 3620 -1 3632 3593 3646 -1 3626 3646 3608 -1 3626 3621 3651 -1 3634 3639 3638 -1 3623 3652 3639 -1 3648 3628 3641 -1 3641 3640 3653 -1 3642 3643 3640 -1 3644 3643 3617 -1 3604 3630 3649 -1 3637 3651 3621 -1 3638 3654 3637 -1 3638 3639 3654 -1 3630 3631 3655 -1 3624 3606 3636 -1 3607 3650 3636 -1 3620 3632 3656 -1 3646 3656 3632 -1 3639 3652 3654 -1 3652 3623 3647 -1 3647 3648 3657 -1 3641 3653 3658 -1 3659 3653 3640 -1 3649 3630 3660 -1 3660 3630 3655 -1 3624 3636 3661 -1 3650 3661 3636 -1 3654 3651 3637 -1 3654 3652 3662 -1 3641 3658 3648 -1 3631 3624 3663 -1 3646 3626 3664 -1 3651 3664 3626 -1 3647 3657 3652 -1 3658 3665 3648 -1 3666 3655 3663 -1 3655 3631 3663 -1 3650 3620 3667 -1 3664 3656 3646 -1 3651 3654 3668 -1 3652 3669 3662 -1 3657 3669 3652 -1 3669 3657 3648 -1 3665 3658 3670 -1 3653 3659 3671 -1 3661 3672 3624 -1 3667 3673 3650 -1 3620 3656 3667 -1 3656 3664 3674 -1 3654 3662 3668 -1 3658 3653 3675 -1 3675 3670 3658 -1 3671 3675 3653 -1 3676 3655 3666 -1 3664 3651 3677 -1 3678 3669 3648 -1 3665 3678 3648 -1 3675 3671 3679 -1 3624 3672 3663 -1 3660 3655 3676 -1 3661 3650 3673 -1 3656 3674 3667 -1 3668 3677 3651 -1 3668 3662 3680 -1 3662 3669 3681 -1 3682 3678 3665 -1 3665 3670 3682 -1 3670 3683 3682 -1 3675 3683 3670 -1 3679 3671 3684 -1 3685 3664 3677 -1 3680 3686 3668 -1 3680 3662 3681 -1 3669 3678 3687 -1 3687 3681 3669 -1 3678 3682 3687 -1 3679 3683 3675 -1 3660 3676 3688 -1 3666 3663 3672 -1 3673 3667 3689 -1 3664 3685 3674 -1 3686 3677 3668 -1 3683 3679 3690 -1 3691 3690 3679 -1 3679 3684 3691 -1 3681 3692 3680 -1 3687 3682 3693 -1 3682 3683 3693 -1 3683 3690 3693 -1 3688 3676 3694 -1 3676 3666 3695 -1 3695 3666 3672 -1 3677 3686 3696 -1 3681 3687 3692 -1 3690 3691 3697 -1 3698 3697 3691 -1 3661 3699 3672 -1 3673 3700 3661 -1 3673 3689 3700 -1 3667 3674 3701 -1 3674 3685 3702 -1 3685 3677 3696 -1 3686 3680 3703 -1 3687 3693 3704 -1 3705 3704 3693 -1 3693 3690 3705 -1 3697 3705 3690 -1 3697 3698 3706 -1 3676 3695 3694 -1 3699 3661 3707 -1 3701 3689 3667 -1 3680 3692 3703 -1 3692 3687 3704 -1 3697 3706 3705 -1 3672 3708 3695 -1 3661 3700 3707 -1 3696 3686 3709 -1 3703 3709 3686 -1 3705 3706 3710 -1 3707 3700 3711 -1 3702 3685 3712 -1 3692 3704 3713 -1 3704 3705 3714 -1 3705 3710 3715 -1 3715 3710 3716 -1 3685 3696 3712 -1 3704 3714 3713 -1 3705 3715 3714 -1 3696 3709 3712 -1 3713 3703 3692 -1 3713 3714 3717 -1 3715 3716 3718 -1 3719 3694 3695 -1 3720 3672 3699 -1 3702 3701 3674 -1 3702 3712 3721 -1 3714 3715 3717 -1 3708 3672 3720 -1 3711 3700 3689 -1 3703 3722 3709 -1 3717 3715 3718 -1 3718 3716 3723 -1 3719 3695 3708 -1 3712 3709 3724 -1 3725 3709 3722 -1 3713 3717 3726 -1 3727 3719 3708 -1 3709 3725 3724 -1 3703 3713 3722 -1 3722 3713 3726 -1 3728 3718 3723 -1 3711 3689 3729 -1 3701 3729 3689 -1 3701 3702 3730 -1 3723 3731 3732 -1 3711 3733 3707 -1 3702 3721 3734 -1 3721 3712 3724 -1 3726 3717 3735 -1 3718 3735 3717 -1 3735 3718 3728 -1 3723 3732 3728 -1 3708 3720 3736 -1 3729 3737 3711 -1 3725 3722 3738 -1 3722 3726 3738 -1 3726 3735 3739 -1 3735 3728 3740 -1 3741 3732 3731 -1 3727 3708 3736 -1 3742 3725 3738 -1 3738 3726 3739 -1 3728 3732 3743 -1 3744 3699 3707 -1 3707 3733 3744 -1 3733 3711 3737 -1 3730 3729 3701 -1 3734 3730 3702 -1 3721 3724 3734 -1 3724 3725 3742 -1 3740 3728 3743 -1 3732 3741 3745 -1 3720 3699 3746 -1 3747 3748 3749 -1 3743 3732 3750 -1 3747 3745 3748 -1 3751 3752 3753 -1 3752 3754 3753 -1 3733 3737 3755 -1 3732 3745 3750 -1 3751 3756 3749 -1 3756 3751 3753 -1 3734 3724 3757 -1 3746 3699 3744 -1 3750 3745 3758 -1 3747 3758 3745 -1 3747 3749 3759 -1 3759 3749 3760 -1 3756 3753 3761 -1 3756 3760 3749 -1 3762 3737 3729 -1 3763 3738 3739 -1 3739 3735 3764 -1 3764 3735 3740 -1 3736 3720 3765 -1 3758 3747 3759 -1 3761 3753 3766 -1 3753 3754 3766 -1 3767 3768 3754 -1 3744 3733 3769 -1 3733 3755 3769 -1 3730 3762 3729 -1 3757 3724 3742 -1 3764 3740 3770 -1 3743 3770 3740 -1 3770 3743 3750 -1 3771 3746 3744 -1 3757 3772 3734 -1 3754 3768 3766 -1 3742 3738 3773 -1 3764 3774 3739 -1 3758 3770 3750 -1 3775 3759 3760 -1 3776 3775 3760 -1 3756 3776 3760 -1 3756 3761 3776 -1 3777 3766 3778 -1 3761 3766 3777 -1 3766 3768 3779 -1 3779 3778 3766 -1 3780 3768 3767 -1 3762 3755 3737 -1 3736 3765 3781 -1 3782 3770 3758 -1 3783 3782 3758 -1 3759 3783 3758 -1 3783 3759 3775 -1 3776 3761 3784 -1 3761 3777 3784 -1 3780 3785 3768 -1 3730 3734 3772 -1 3772 3757 3786 -1 3773 3738 3763 -1 3787 3739 3774 -1 3763 3739 3787 -1 3774 3764 3788 -1 3770 3788 3764 -1 3782 3788 3770 -1 3782 3783 3789 -1 3789 3783 3775 -1 3775 3776 3790 -1 3790 3776 3784 -1 3757 3742 3786 -1 3746 3765 3720 -1 3791 3789 3775 -1 3790 3792 3775 -1 3777 3778 3793 -1 3778 3779 3793 -1 3794 3779 3795 -1 3779 3768 3795 -1 3785 3795 3768 -1 3785 3780 3796 -1 3786 3742 3773 -1 3797 3788 3782 -1 3789 3797 3782 -1 3798 3789 3791 -1 3797 3789 3798 -1 3792 3791 3775 -1 3792 3790 3799 -1 3790 3784 3799 -1 3784 3777 3800 -1 3793 3800 3777 -1 3793 3779 3801 -1 3794 3801 3779 -1 3771 3744 3769 -1 3755 3762 3802 -1 3772 3786 3803 -1 3773 3763 3804 -1 3788 3805 3774 -1 3771 3765 3746 -1 3798 3791 3806 -1 3806 3791 3807 -1 3791 3792 3807 -1 3807 3792 3808 -1 3808 3792 3799 -1 3799 3784 3809 -1 3809 3784 3800 -1 3810 3785 3796 -1 3762 3730 3772 -1 3804 3763 3787 -1 3797 3805 3788 -1 3811 3800 3793 -1 3793 3801 3812 -1 3794 3795 3813 -1 3814 3813 3795 -1 3795 3785 3814 -1 3810 3814 3785 -1 3786 3773 3815 -1 3805 3797 3816 -1 3765 3771 3817 -1 3798 3816 3797 -1 3811 3793 3812 -1 3812 3801 3794 -1 3810 3796 3818 -1 3773 3804 3815 -1 3774 3805 3787 -1 3805 3816 3819 -1 3817 3771 3820 -1 3771 3769 3820 -1 3808 3821 3807 -1 3808 3799 3822 -1 3812 3794 3823 -1 3823 3794 3813 -1 3755 3802 3769 -1 3762 3772 3802 -1 3803 3786 3815 -1 3824 3787 3805 -1 3781 3765 3825 -1 3816 3798 3826 -1 3817 3825 3765 -1 3826 3798 3806 -1 3806 3807 3821 -1 3814 3810 3827 -1 3810 3818 3827 -1 3802 3772 3803 -1 3819 3816 3828 -1 3816 3826 3828 -1 3826 3806 3829 -1 3821 3829 3806 -1 3821 3808 3822 -1 3799 3809 3822 -1 3830 3809 3800 -1 3812 3831 3811 -1 3812 3823 3831 -1 3813 3814 3832 -1 3832 3823 3813 -1 3769 3802 3833 -1 3815 3804 3834 -1 3804 3835 3834 -1 3804 3787 3824 -1 3805 3819 3824 -1 3828 3826 3836 -1 3829 3836 3826 -1 3809 3830 3822 -1 3831 3823 3837 -1 3838 3832 3814 -1 3838 3814 3827 -1 3827 3818 3839 -1 3839 3840 3841 -1 3818 3840 3839 -1 3828 3842 3819 -1 3828 3836 3843 -1 3829 3844 3836 -1 3821 3822 3845 -1 3811 3830 3800 -1 3831 3830 3811 -1 3837 3823 3832 -1 3833 3820 3769 -1 3846 3838 3827 -1 3841 3840 3847 -1 3819 3842 3824 -1 3843 3848 3842 -1 3842 3828 3843 -1 3817 3849 3825 -1 3837 3832 3850 -1 3832 3838 3850 -1 3851 3846 3827 -1 3827 3839 3851 -1 3841 3851 3839 -1 3833 3802 3852 -1 3852 3802 3853 -1 3854 3815 3834 -1 3835 3804 3824 -1 3848 3824 3842 -1 3848 3843 3855 -1 3843 3836 3856 -1 3836 3844 3856 -1 3844 3829 3857 -1 3829 3821 3845 -1 3857 3829 3845 -1 3822 3830 3845 -1 3837 3858 3831 -1 3853 3803 3854 -1 3815 3854 3803 -1 3835 3824 3848 -1 3855 3843 3856 -1 3859 3856 3844 -1 3830 3831 3858 -1 3850 3838 3846 -1 3851 3860 3846 -1 3820 3833 3861 -1 3847 3862 3841 -1 3802 3803 3853 -1 3835 3848 3863 -1 3848 3855 3863 -1 3844 3857 3864 -1 3864 3859 3844 -1 3857 3865 3864 -1 3845 3865 3857 -1 3845 3830 3866 -1 3850 3846 3867 -1 3846 3860 3867 -1 3868 3841 3862 -1 3869 3854 3834 -1 3834 3835 3870 -1 3871 3863 3855 -1 3855 3856 3871 -1 3872 3871 3856 -1 3859 3872 3856 -1 3837 3850 3873 -1 3850 3867 3873 -1 3868 3851 3841 -1 3868 3862 3874 -1 3870 3835 3863 -1 3875 3863 3871 -1 3876 3872 3859 -1 3859 3864 3876 -1 3820 3877 3817 -1 3865 3878 3864 -1 3858 3866 3830 -1 3858 3837 3873 -1 3874 3862 3879 -1 3875 3871 3880 -1 3871 3872 3880 -1 3878 3876 3864 -1 3849 3817 3877 -1 3881 3860 3882 -1 3851 3868 3860 -1 3820 3861 3877 -1 3861 3833 3883 -1 3883 3833 3852 -1 3870 3863 3884 -1 3863 3875 3884 -1 3845 3878 3865 -1 3885 3873 3886 -1 3867 3886 3873 -1 3867 3860 3881 -1 3882 3860 3868 -1 3874 3879 3887 -1 3879 3888 3887 -1 3853 3854 3889 -1 3854 3869 3889 -1 3834 3870 3890 -1 3884 3875 3891 -1 3877 3892 3849 -1 3858 3873 3893 -1 3873 3885 3893 -1 3881 3882 3894 -1 3874 3895 3868 -1 3853 3883 3852 -1 3834 3890 3869 -1 3891 3875 3896 -1 3875 3880 3896 -1 3880 3872 3896 -1 3876 3878 3897 -1 3878 3845 3898 -1 3845 3866 3898 -1 3866 3858 3893 -1 3886 3867 3881 -1 3894 3882 3899 -1 3882 3868 3899 -1 3899 3868 3895 -1 3874 3887 3895 -1 3883 3853 3900 -1 3869 3890 3901 -1 3884 3902 3870 -1 3892 3877 3903 -1 3872 3876 3897 -1 3897 3878 3904 -1 3878 3898 3904 -1 3893 3905 3866 -1 3895 3887 3906 -1 3853 3889 3907 -1 3869 3908 3889 -1 3908 3869 3901 -1 3870 3902 3890 -1 3902 3884 3909 -1 3884 3891 3909 -1 3896 3872 3897 -1 3898 3866 3905 -1 3893 3885 3910 -1 3900 3853 3907 -1 3881 3894 3886 -1 3907 3889 3911 -1 3911 3889 3908 -1 3912 3891 3896 -1 3896 3897 3913 -1 3897 3904 3913 -1 3914 3885 3886 -1 3894 3899 3915 -1 3899 3895 3916 -1 3895 3906 3916 -1 3861 3883 3917 -1 3883 3900 3917 -1 3908 3901 3918 -1 3909 3891 3912 -1 3896 3913 3919 -1 3920 3892 3903 -1 3903 3877 3921 -1 3905 3893 3910 -1 3914 3910 3885 -1 3877 3861 3921 -1 3914 3894 3915 -1 3886 3894 3914 -1 3907 3922 3900 -1 3911 3908 3918 -1 3890 3923 3901 -1 3902 3923 3890 -1 3923 3902 3924 -1 3909 3924 3902 -1 3896 3919 3912 -1 3921 3925 3903 -1 3904 3898 3926 -1 3926 3898 3905 -1 3914 3927 3910 -1 3907 3911 3922 -1 3901 3928 3918 -1 3920 3903 3925 -1 3929 3913 3904 -1 3926 3905 3930 -1 3921 3861 3917 -1 3924 3909 3912 -1 3912 3919 3931 -1 3919 3913 3929 -1 3929 3904 3932 -1 3930 3905 3910 -1 3915 3927 3914 -1 3922 3911 3933 -1 3901 3923 3928 -1 3923 3924 3934 -1 3932 3904 3926 -1 3911 3918 3933 -1 3918 3928 3935 -1 3928 3923 3936 -1 3923 3934 3936 -1 3934 3924 3937 -1 3924 3912 3937 -1 3919 3929 3931 -1 3930 3910 3927 -1 3933 3918 3935 -1 3928 3938 3935 -1 3928 3936 3938 -1 3933 3939 3922 -1 3936 3940 3938 -1 3937 3931 3941 -1 3912 3931 3937 -1 3931 3929 3942 -1 3917 3900 3943 -1 3900 3922 3943 -1 3936 3934 3944 -1 3932 3926 3945 -1 3945 3926 3930 -1 3921 3917 3943 -1 3922 3939 3946 -1 3947 3935 3938 -1 3936 3944 3940 -1 3948 3944 3934 -1 3937 3948 3934 -1 3948 3937 3941 -1 3929 3932 3942 -1 3921 3943 3949 -1 3922 3946 3943 -1 3935 3950 3933 -1 3935 3947 3950 -1 3951 3931 3942 -1 3932 3952 3942 -1 3921 3949 3925 -1 3939 3933 3950 -1 3938 3940 3947 -1 3948 3941 3953 -1 3941 3931 3951 -1 3952 3932 3945 -1 3946 3939 3954 -1 3949 3943 3946 -1 3939 3950 3954 -1 3951 3942 3952 -1 3955 3940 3944 -1 3955 3947 3940 -1 3955 3944 3948 -1 3955 3948 3953 -1 3946 3956 3949 -1 3956 3957 3949 -1 3956 3946 3954 -1 3950 3947 3958 -1 3954 3950 3958 -1 3954 3959 3956 -1 3960 3961 3962 -1 3963 3962 3964 -1 3965 3966 3967 -1 3963 3964 3968 -1 3969 3970 3971 -1 3970 3972 3971 -1 3973 3971 3972 -1 3961 3960 3974 -1 3967 3966 3975 -1 3972 3976 3973 -1 3976 3968 3973 -1 3974 3960 3977 -1 3977 3978 3974 -1 3974 3978 3965 -1 3963 3968 3979 -1 3980 3962 3963 -1 3960 3962 3980 -1 3980 3977 3960 -1 3981 3982 3983 -1 3981 3983 3969 -1 3965 3978 3984 -1 3985 3986 3987 -1 3968 3976 3988 -1 3966 3965 3984 -1 3985 3989 3986 -1 3990 3987 3991 -1 3982 3990 3991 -1 3992 3970 3969 -1 3979 3980 3963 -1 3988 3976 3993 -1 3968 3988 3979 -1 3980 3979 3994 -1 3980 3995 3977 -1 3978 3977 3995 -1 3996 3982 3997 -1 3983 3982 3996 -1 3992 3969 3983 -1 3976 3972 3993 -1 3995 3980 3998 -1 3999 4000 3984 -1 3966 3984 4000 -1 3975 3966 4001 -1 3986 3989 4002 -1 3991 3997 3982 -1 3972 3970 4003 -1 3994 3998 3980 -1 3978 3995 4004 -1 3978 4004 3984 -1 4001 3966 4000 -1 3987 3986 4005 -1 3987 4005 3991 -1 4003 3993 3972 -1 4000 3999 4006 -1 3986 4002 4007 -1 3997 3991 4008 -1 3996 3997 4009 -1 3992 3983 3996 -1 3979 4010 3994 -1 3999 3984 4004 -1 4001 4000 4011 -1 4012 4001 4011 -1 4013 4007 4002 -1 4008 3991 4005 -1 4003 3970 3992 -1 3979 3988 4014 -1 4015 4010 3979 -1 3998 3994 4016 -1 4002 4017 4013 -1 4018 3986 4007 -1 4005 3986 4018 -1 3997 4008 4009 -1 3993 4014 3988 -1 4014 4015 3979 -1 3994 4010 4016 -1 3995 4019 4004 -1 4006 3999 4020 -1 4012 4011 4021 -1 4022 3992 3996 -1 4003 4014 3993 -1 3995 3998 4016 -1 4004 4020 3999 -1 4006 4011 4000 -1 4009 4008 4023 -1 4003 3992 4022 -1 4011 4006 4024 -1 4007 4013 4025 -1 4018 4007 4025 -1 4016 4019 3995 -1 4021 4011 4026 -1 4027 4005 4018 -1 4008 4005 4027 -1 3996 4009 4028 -1 4028 4022 3996 -1 4015 4029 4010 -1 4019 4016 4030 -1 4006 4020 4031 -1 4006 4031 4024 -1 4024 4026 4011 -1 4032 4026 4033 -1 4016 4010 4030 -1 4020 4004 4034 -1 4027 4035 4008 -1 4008 4035 4023 -1 4015 4014 4036 -1 4036 4014 4003 -1 4029 4030 4010 -1 4004 4019 4034 -1 4034 4019 4037 -1 4024 4031 4038 -1 4039 4026 4024 -1 4033 4040 4032 -1 4025 4041 4018 -1 4027 4018 4041 -1 4042 4030 4029 -1 4020 4034 4043 -1 4043 4031 4020 -1 4038 4031 4044 -1 4026 4039 4033 -1 4038 4039 4024 -1 4025 4013 4045 -1 4041 4025 4045 -1 4022 4046 4003 -1 4036 4029 4015 -1 4030 4037 4019 -1 4039 4047 4033 -1 4013 4048 4045 -1 4049 4041 4045 -1 4027 4041 4050 -1 4023 4051 4009 -1 4028 4009 4051 -1 4046 4036 4003 -1 4042 4029 4052 -1 4030 4042 4037 -1 4053 4054 4055 -1 4037 4056 4034 -1 4043 4044 4031 -1 4039 4038 4047 -1 4028 4046 4022 -1 4036 4052 4029 -1 4057 4053 4055 -1 4058 4053 4057 -1 4054 4040 4059 -1 4049 4050 4041 -1 4047 4038 4060 -1 4060 4038 4044 -1 4040 4047 4061 -1 4033 4047 4040 -1 4057 4062 4058 -1 4057 4055 4063 -1 4062 4057 4064 -1 4059 4055 4054 -1 4056 4043 4034 -1 4044 4043 4065 -1 4062 4064 4066 -1 4063 4067 4057 -1 4057 4067 4064 -1 4059 4063 4055 -1 4068 4059 4040 -1 4061 4068 4040 -1 4069 4047 4060 -1 4060 4044 4065 -1 4069 4061 4047 -1 4051 4070 4028 -1 4046 4028 4070 -1 4066 4064 4071 -1 4042 4052 4072 -1 4056 4037 4073 -1 4067 4074 4064 -1 4063 4059 4068 -1 4068 4061 4075 -1 4049 4045 4048 -1 4056 4076 4043 -1 4076 4065 4043 -1 4027 4077 4035 -1 4035 4051 4023 -1 4036 4046 4078 -1 4066 4071 4079 -1 4052 4036 4078 -1 4037 4042 4072 -1 4073 4037 4072 -1 4080 4067 4081 -1 4063 4081 4067 -1 4074 4067 4080 -1 4050 4082 4027 -1 4065 4076 4083 -1 4084 4060 4065 -1 4061 4069 4075 -1 4070 4085 4046 -1 4078 4046 4085 -1 4064 4074 4071 -1 4063 4068 4081 -1 4048 4086 4049 -1 4049 4087 4050 -1 4060 4084 4069 -1 4051 4035 4077 -1 4070 4051 4088 -1 4071 4074 4089 -1 4078 4090 4052 -1 4090 4072 4052 -1 4091 4080 4092 -1 4074 4080 4091 -1 4080 4081 4092 -1 4092 4081 4093 -1 4089 4074 4091 -1 4068 4093 4081 -1 4084 4065 4083 -1 4087 4082 4050 -1 4077 4027 4082 -1 4075 4069 4094 -1 4095 4096 4079 -1 4071 4089 4079 -1 4093 4068 4097 -1 4075 4097 4068 -1 4097 4075 4094 -1 4091 4092 4098 -1 4098 4092 4099 -1 4092 4093 4099 -1 4049 4086 4100 -1 4069 4084 4094 -1 4077 4101 4051 -1 4096 4095 4102 -1 4079 4089 4103 -1 4104 4056 4073 -1 4105 4093 4097 -1 4099 4093 4106 -1 4089 4091 4107 -1 4106 4093 4105 -1 4083 4076 4108 -1 4101 4077 4109 -1 4088 4051 4101 -1 4070 4088 4085 -1 4079 4103 4095 -1 4085 4110 4078 -1 4111 4072 4090 -1 4056 4104 4076 -1 4098 4107 4091 -1 4106 4112 4099 -1 4098 4099 4112 -1 4086 4113 4114 -1 4100 4086 4114 -1 4087 4049 4100 -1 4082 4109 4077 -1 4107 4103 4089 -1 4104 4108 4076 -1 4094 4084 4115 -1 4097 4115 4105 -1 4094 4115 4097 -1 4098 4112 4116 -1 4106 4105 4117 -1 4102 4095 4118 -1 4119 4102 4118 -1 4111 4120 4072 -1 4072 4120 4073 -1 4098 4116 4107 -1 4112 4106 4121 -1 4122 4103 4107 -1 4106 4117 4123 -1 4121 4106 4123 -1 4082 4087 4124 -1 4083 4115 4084 -1 4118 4095 4103 -1 4111 4090 4078 -1 4073 4125 4104 -1 4105 4115 4126 -1 4107 4116 4122 -1 4087 4100 4124 -1 4083 4108 4115 -1 4110 4085 4127 -1 4128 4119 4118 -1 4078 4110 4111 -1 4117 4105 4126 -1 4115 4108 4129 -1 4082 4124 4130 -1 4109 4082 4130 -1 4131 4101 4109 -1 4088 4101 4131 -1 4132 4119 4128 -1 4127 4085 4088 -1 4108 4133 4129 -1 4125 4108 4104 -1 4126 4115 4129 -1 4112 4121 4134 -1 4116 4112 4134 -1 4135 4100 4114 -1 4103 4122 4136 -1 4132 4128 4137 -1 4118 4138 4128 -1 4120 4125 4073 -1 4117 4126 4139 -1 4139 4140 4117 -1 4122 4116 4141 -1 4136 4122 4141 -1 4136 4142 4103 -1 4116 4134 4141 -1 4100 4135 4124 -1 4123 4117 4140 -1 4124 4143 4130 -1 4118 4103 4138 -1 4137 4128 4144 -1 4111 4110 4145 -1 4108 4125 4146 -1 4108 4146 4133 -1 4141 4147 4148 -1 4141 4134 4147 -1 4147 4121 4123 -1 4134 4121 4147 -1 4135 4114 4149 -1 4123 4140 4150 -1 4088 4131 4127 -1 4111 4145 4120 -1 4142 4138 4103 -1 4126 4129 4151 -1 4126 4151 4139 -1 4152 4140 4139 -1 4150 4140 4152 -1 4147 4123 4150 -1 4130 4131 4109 -1 4110 4127 4153 -1 4154 4137 4144 -1 4152 4139 4151 -1 4147 4150 4148 -1 4141 4148 4155 -1 4136 4141 4155 -1 4124 4135 4156 -1 4157 4131 4130 -1 4138 4158 4128 -1 4144 4128 4158 -1 4125 4120 4159 -1 4151 4160 4152 -1 4161 4152 4160 -1 4148 4150 4162 -1 4156 4135 4149 -1 4155 4163 4136 -1 4143 4124 4156 -1 4142 4136 4163 -1 4130 4143 4164 -1 4127 4165 4153 -1 4145 4110 4153 -1 4120 4145 4166 -1 4125 4159 4146 -1 4133 4146 4167 -1 4129 4133 4168 -1 4161 4150 4152 -1 4151 4129 4169 -1 4148 4170 4155 -1 4148 4162 4170 -1 4165 4127 4131 -1 4159 4120 4166 -1 4133 4167 4168 -1 4150 4161 4162 -1 4151 4169 4160 -1 4169 4129 4171 -1 4138 4142 4172 -1 4158 4138 4172 -1 4157 4130 4164 -1 4173 4145 4153 -1 4161 4160 4174 -1 4175 4160 4169 -1 4143 4156 4176 -1 4143 4176 4164 -1 4165 4131 4157 -1 4142 4163 4172 -1 4172 4177 4158 -1 4129 4168 4171 -1 4161 4174 4178 -1 4160 4175 4174 -1 4170 4162 4178 -1 4161 4178 4162 -1 4179 4149 4180 -1 4181 4171 4168 -1 4166 4145 4173 -1 4167 4146 4182 -1 4159 4182 4146 -1 4174 4175 4183 -1 4179 4180 4184 -1 4155 4170 4185 -1 4149 4179 4156 -1 4163 4155 4185 -1 4186 4164 4176 -1 4153 4165 4187 -1 4159 4166 4182 -1 4181 4168 4167 -1 4188 4170 4178 -1 4175 4169 4171 -1 4178 4174 4183 -1 4185 4170 4189 -1 4156 4179 4190 -1 4186 4176 4191 -1 4157 4164 4186 -1 4192 4187 4165 -1 4173 4153 4187 -1 4181 4167 4193 -1 4183 4194 4178 -1 4188 4178 4194 -1 4189 4170 4188 -1 4195 4179 4184 -1 4176 4156 4196 -1 4175 4171 4181 -1 4173 4197 4166 -1 4182 4166 4197 -1 4190 4196 4156 -1 4191 4176 4196 -1 4157 4186 4198 -1 4157 4192 4165 -1 4163 4199 4172 -1 4200 4173 4187 -1 4175 4181 4201 -1 4197 4173 4200 -1 4167 4182 4202 -1 4194 4203 4188 -1 4183 4175 4204 -1 4190 4179 4195 -1 4192 4157 4198 -1 4199 4163 4185 -1 4205 4172 4199 -1 4181 4193 4206 -1 4194 4183 4204 -1 4189 4188 4203 -1 4175 4201 4204 -1 4190 4195 4207 -1 4192 4198 4208 -1 4202 4182 4197 -1 4167 4202 4193 -1 4203 4209 4189 -1 4185 4189 4210 -1 4196 4211 4191 -1 4198 4186 4212 -1 4208 4198 4213 -1 4200 4187 4192 -1 4199 4185 4210 -1 4194 4204 4203 -1 4196 4190 4211 -1 4212 4191 4211 -1 4186 4191 4212 -1 4213 4198 4212 -1 4209 4203 4214 -1 4203 4204 4214 -1 4190 4207 4215 -1 4189 4209 4210 -1 4200 4192 4208 -1 4193 4202 4216 -1 4181 4206 4201 -1 4217 4197 4200 -1 4214 4204 4218 -1 4207 4219 4215 -1 4220 4190 4215 -1 4190 4220 4211 -1 4206 4193 4216 -1 4206 4221 4201 -1 4217 4222 4197 -1 4204 4201 4218 -1 4209 4214 4223 -1 4210 4209 4223 -1 4208 4224 4200 -1 4221 4206 4225 -1 4224 4217 4200 -1 4202 4197 4222 -1 4218 4201 4221 -1 4220 4215 4219 -1 4222 4216 4202 -1 4213 4212 4226 -1 4224 4208 4213 -1 4216 4222 4227 -1 4217 4224 4228 -1 4218 4221 4229 -1 4214 4230 4223 -1 4212 4211 4226 -1 4222 4217 4228 -1 4206 4216 4225 -1 4225 4216 4227 -1 4221 4225 4231 -1 4229 4221 4231 -1 4224 4213 4232 -1 4227 4222 4233 -1 4220 4219 4234 -1 4235 4226 4236 -1 4213 4226 4235 -1 4214 4218 4230 -1 4226 4211 4237 -1 4232 4213 4235 -1 4224 4232 4228 -1 4233 4222 4238 -1 4228 4238 4222 -1 4239 4230 4218 -1 4220 4237 4211 -1 4232 4240 4228 -1 4220 4234 4241 -1 4225 4227 4242 -1 4231 4225 4242 -1 4237 4220 4241 -1 4237 4236 4226 -1 4240 4232 4243 -1 4239 4218 4244 -1 4238 4228 4240 -1 4242 4227 4233 -1 4229 4231 4245 -1 4232 4235 4243 -1 4246 4233 4238 -1 4218 4229 4244 -1 4247 4243 4235 -1 4235 4236 4247 -1 4238 4240 4246 -1 4236 4237 4248 -1 4233 4246 4249 -1 4245 4242 4250 -1 4231 4242 4245 -1 4229 4245 4244 -1 4242 4233 4249 -1 4237 4241 4248 -1 4242 4249 4250 -1 4251 4243 4247 -1 4240 4243 4251 -1 4248 4241 4252 -1 4246 4240 4253 -1 4254 4236 4248 -1 4236 4254 4247 -1 4244 4245 4255 -1 4239 4244 4255 -1 4241 4256 4252 -1 4251 4257 4240 -1 4253 4240 4257 -1 4254 4248 4252 -1 4249 4246 4253 -1 4258 4251 4247 -1 4245 4250 4259 -1 4256 4260 4252 -1 4254 4258 4247 -1 4252 4260 4261 -1 4254 4252 4261 -1 4257 4251 4258 -1 4249 4253 4262 -1 4259 4255 4245 -1 4261 4260 4263 -1 4264 4254 4261 -1 4264 4258 4254 -1 4250 4249 4262 -1 4262 4259 4250 -1 4265 4257 4258 -1 4265 4258 4264 -1 4257 4266 4253 -1 4266 4262 4253 -1 4259 4262 4267 -1 4268 4261 4263 -1 4269 4261 4268 -1 4264 4261 4269 -1 4266 4257 4270 -1 4265 4270 4257 -1 4262 4266 4271 -1 4271 4267 4262 -1 4272 4264 4269 -1 4265 4264 4272 -1 4269 4268 4273 -1 4272 4270 4265 -1 4274 4275 4276 -1 4274 4277 4275 -1 4274 4276 4278 -1 4279 4278 4276 -1 4280 4277 4274 -1 4280 4274 4281 -1 4279 4282 4278 -1 4281 4283 4280 -1 4284 4280 4283 -1 4285 4274 4278 -1 4283 4281 4286 -1 4281 4274 4286 -1 4286 4274 4285 -1 4278 4282 4287 -1 4288 4289 4282 -1 4285 4278 4287 -1 4290 4289 4288 -1 4291 4284 4292 -1 4285 4287 4293 -1 4286 4285 4294 -1 4289 4290 4295 -1 4295 4290 4296 -1 4282 4289 4297 -1 4286 4298 4283 -1 4282 4297 4287 -1 4284 4283 4292 -1 4294 4285 4293 -1 4289 4299 4297 -1 4294 4298 4286 -1 4300 4301 4302 -1 4300 4303 4304 -1 4305 4304 4303 -1 4296 4306 4295 -1 4292 4283 4298 -1 4292 4307 4291 -1 4307 4302 4291 -1 4291 4302 4301 -1 4294 4293 4308 -1 4294 4309 4298 -1 4310 4307 4292 -1 4310 4292 4309 -1 4298 4309 4292 -1 4287 4297 4311 -1 4293 4287 4311 -1 4312 4295 4306 -1 4299 4295 4312 -1 4289 4295 4299 -1 4313 4297 4299 -1 4294 4308 4314 -1 4309 4294 4314 -1 4302 4307 4315 -1 4310 4309 4316 -1 4293 4311 4317 -1 4317 4308 4293 -1 4312 4306 4318 -1 4316 4309 4314 -1 4319 4315 4307 -1 4315 4300 4302 -1 4311 4297 4313 -1 4299 4312 4320 -1 4320 4313 4299 -1 4310 4319 4307 -1 4303 4300 4321 -1 4312 4318 4322 -1 4315 4321 4300 -1 4323 4305 4303 -1 4324 4305 4323 -1 4317 4311 4325 -1 4310 4316 4326 -1 4310 4326 4319 -1 4323 4303 4321 -1 4311 4313 4325 -1 4322 4327 4312 -1 4320 4312 4327 -1 4328 4308 4317 -1 4324 4323 4329 -1 4313 4320 4330 -1 4325 4313 4330 -1 4317 4325 4328 -1 4327 4322 4331 -1 4322 4332 4331 -1 4314 4326 4316 -1 4321 4315 4333 -1 4329 4323 4321 -1 4334 4335 4336 -1 4337 4314 4308 -1 4337 4326 4314 -1 4338 4339 4326 -1 4319 4326 4339 -1 4315 4319 4339 -1 4333 4315 4339 -1 4329 4321 4340 -1 4325 4341 4328 -1 4324 4329 4336 -1 4324 4336 4335 -1 4320 4327 4330 -1 4342 4337 4308 -1 4308 4328 4342 -1 4326 4337 4338 -1 4325 4330 4343 -1 4321 4333 4344 -1 4340 4321 4344 -1 4336 4329 4340 -1 4342 4328 4345 -1 4345 4328 4341 -1 4336 4340 4346 -1 4331 4332 4347 -1 4337 4348 4338 -1 4349 4339 4338 -1 4333 4339 4349 -1 4350 4344 4333 -1 4330 4351 4343 -1 4341 4325 4352 -1 4343 4352 4325 -1 4353 4340 4344 -1 4354 4336 4346 -1 4331 4355 4327 -1 4338 4348 4349 -1 4333 4349 4356 -1 4350 4333 4356 -1 4345 4357 4342 -1 4355 4358 4327 -1 4351 4327 4358 -1 4330 4327 4351 -1 4359 4349 4348 -1 4357 4345 4360 -1 4361 4336 4354 -1 4334 4336 4361 -1 4347 4332 4362 -1 4361 4363 4334 -1 4337 4342 4357 -1 4337 4364 4348 -1 4352 4343 4365 -1 4345 4341 4366 -1 4346 4340 4353 -1 4347 4355 4331 -1 4337 4357 4364 -1 4344 4350 4353 -1 4366 4341 4352 -1 4346 4353 4367 -1 4348 4364 4359 -1 4356 4349 4368 -1 4365 4343 4351 -1 4360 4345 4366 -1 4359 4369 4349 -1 4370 4350 4356 -1 4353 4350 4370 -1 4362 4371 4347 -1 4361 4372 4363 -1 4368 4349 4369 -1 4353 4370 4367 -1 4352 4365 4366 -1 4355 4373 4358 -1 4355 4347 4371 -1 4373 4355 4371 -1 4364 4357 4374 -1 4370 4356 4368 -1 4351 4375 4365 -1 4360 4376 4357 -1 4367 4377 4346 -1 4354 4346 4377 -1 4378 4354 4377 -1 4361 4354 4378 -1 4371 4362 4379 -1 4364 4374 4380 -1 4359 4364 4380 -1 4374 4357 4376 -1 4365 4381 4366 -1 4369 4359 4382 -1 4360 4366 4383 -1 4383 4376 4360 -1 4358 4384 4351 -1 4378 4372 4361 -1 4375 4351 4384 -1 4367 4370 4385 -1 4375 4381 4365 -1 4358 4373 4386 -1 4366 4381 4383 -1 4384 4358 4386 -1 4372 4378 4387 -1 4388 4374 4376 -1 4368 4369 4389 -1 4389 4370 4368 -1 4384 4390 4375 -1 4377 4367 4391 -1 4392 4372 4387 -1 4393 4373 4371 -1 4380 4374 4394 -1 4380 4382 4359 -1 4382 4389 4369 -1 4389 4385 4370 -1 4395 4375 4390 -1 4381 4375 4395 -1 4378 4377 4391 -1 4385 4391 4367 -1 4383 4381 4396 -1 4376 4383 4388 -1 4378 4397 4387 -1 4386 4373 4398 -1 4392 4387 4399 -1 4394 4374 4400 -1 4374 4388 4400 -1 4385 4389 4401 -1 4395 4396 4381 -1 4383 4396 4388 -1 4373 4393 4398 -1 4390 4384 4386 -1 4371 4379 4402 -1 4403 4402 4379 -1 4389 4382 4404 -1 4391 4397 4378 -1 4402 4393 4371 -1 4404 4401 4389 -1 4401 4405 4385 -1 4391 4385 4405 -1 4405 4406 4391 -1 4388 4396 4407 -1 4397 4391 4406 -1 4386 4408 4390 -1 4380 4394 4409 -1 4404 4380 4409 -1 4382 4380 4404 -1 4400 4388 4407 -1 4387 4397 4410 -1 4410 4399 4387 -1 4400 4411 4394 -1 4409 4394 4411 -1 4412 4405 4401 -1 4386 4398 4408 -1 4409 4411 4413 -1 4395 4407 4396 -1 4406 4414 4397 -1 4399 4410 4415 -1 4416 4399 4415 -1 4402 4403 4417 -1 4409 4413 4418 -1 4400 4407 4419 -1 4404 4409 4418 -1 4401 4404 4420 -1 4420 4412 4401 -1 4412 4421 4405 -1 4421 4406 4405 -1 4414 4410 4397 -1 4422 4416 4415 -1 4413 4411 4423 -1 4400 4419 4411 -1 4418 4420 4404 -1 4424 4390 4408 -1 4414 4406 4425 -1 4402 4417 4426 -1 4427 4421 4412 -1 4390 4424 4395 -1 4428 4407 4395 -1 4428 4419 4407 -1 4398 4429 4408 -1 4398 4430 4429 -1 4393 4402 4426 -1 4424 4408 4429 -1 4423 4411 4419 -1 4431 4421 4432 -1 4406 4421 4431 -1 4431 4425 4406 -1 4433 4415 4410 -1 4393 4426 4434 -1 4423 4419 4435 -1 4418 4436 4420 -1 4412 4420 4437 -1 4419 4428 4438 -1 4428 4395 4439 -1 4398 4393 4434 -1 4410 4414 4433 -1 4440 4422 4415 -1 4437 4420 4436 -1 4427 4412 4437 -1 4427 4432 4421 -1 4395 4424 4439 -1 4430 4441 4429 -1 4398 4434 4430 -1 4424 4429 4441 -1 4435 4442 4423 -1 4425 4433 4414 -1 4440 4415 4433 -1 4413 4423 4442 -1 4413 4443 4418 -1 4417 4444 4426 -1 4445 4424 4441 -1 4443 4413 4442 -1 4419 4438 4435 -1 4439 4424 4445 -1 4446 4435 4438 -1 4435 4447 4442 -1 4435 4446 4447 -1 4448 4442 4447 -1 4443 4442 4448 -1 4436 4418 4443 -1 4427 4437 4449 -1 4450 4432 4427 -1 4431 4432 4450 -1 4441 4430 4451 -1 4452 4425 4453 -1 4433 4425 4452 -1 4445 4441 4454 -1 4455 4439 4445 -1 4428 4439 4455 -1 4438 4428 4455 -1 4453 4425 4431 -1 4430 4434 4451 -1 4444 4456 4426 -1 4457 4456 4444 -1 4437 4436 4458 -1 4458 4449 4437 -1 4427 4459 4450 -1 4456 4434 4426 -1 4440 4433 4460 -1 4440 4460 4461 -1 4451 4454 4441 -1 4427 4449 4459 -1 4455 4445 4462 -1 4453 4431 4450 -1 4463 4451 4434 -1 4446 4438 4464 -1 4465 4446 4466 -1 4447 4446 4465 -1 4465 4448 4447 -1 4467 4448 4465 -1 4443 4448 4467 -1 4436 4443 4458 -1 4445 4454 4462 -1 4433 4452 4460 -1 4464 4438 4455 -1 4443 4467 4458 -1 4450 4468 4453 -1 4460 4452 4469 -1 4461 4460 4470 -1 4454 4451 4471 -1 4472 4462 4454 -1 4434 4456 4463 -1 4456 4457 4473 -1 4470 4460 4469 -1 4474 4461 4470 -1 4471 4472 4454 -1 4446 4464 4466 -1 4466 4475 4465 -1 4476 4459 4449 -1 4462 4477 4455 -1 4450 4459 4478 -1 4468 4450 4478 -1 4468 4469 4453 -1 4452 4453 4469 -1 4463 4456 4473 -1 4466 4464 4479 -1 4467 4465 4475 -1 4476 4480 4459 -1 4478 4459 4480 -1 4455 4477 4464 -1 4475 4458 4467 -1 4476 4449 4458 -1 4473 4457 4481 -1 4470 4469 4482 -1 4483 4474 4470 -1 4472 4477 4462 -1 4475 4466 4479 -1 4468 4478 4484 -1 4485 4481 4457 -1 4463 4486 4451 -1 4487 4464 4488 -1 4488 4464 4477 -1 4479 4464 4487 -1 4480 4476 4489 -1 4478 4480 4489 -1 4463 4473 4490 -1 4471 4451 4486 -1 4491 4470 4482 -1 4483 4470 4491 -1 4475 4479 4492 -1 4475 4493 4458 -1 4476 4458 4493 -1 4489 4476 4493 -1 4494 4484 4478 -1 4468 4484 4469 -1 4484 4482 4469 -1 4472 4471 4495 -1 4488 4477 4472 -1 4487 4496 4479 -1 4493 4497 4489 -1 4485 4498 4481 -1 4473 4481 4490 -1 4490 4481 4499 -1 4482 4484 4500 -1 4495 4471 4486 -1 4486 4463 4490 -1 4493 4475 4492 -1 4489 4494 4478 -1 4486 4490 4501 -1 4492 4502 4493 -1 4497 4493 4503 -1 4481 4498 4504 -1 4490 4499 4501 -1 4488 4472 4505 -1 4505 4487 4488 -1 4506 4487 4505 -1 4503 4493 4502 -1 4497 4494 4489 -1 4484 4494 4500 -1 4496 4492 4479 -1 4482 4507 4491 -1 4508 4483 4491 -1 4481 4504 4509 -1 4499 4509 4510 -1 4499 4481 4509 -1 4500 4494 4511 -1 4482 4500 4507 -1 4505 4495 4512 -1 4472 4495 4505 -1 4501 4499 4510 -1 4496 4487 4506 -1 4513 4497 4503 -1 4501 4514 4486 -1 4486 4514 4495 -1 4515 4508 4491 -1 4502 4516 4503 -1 4511 4497 4513 -1 4497 4511 4494 -1 4511 4517 4500 -1 4507 4500 4517 -1 4495 4514 4512 -1 4492 4496 4518 -1 4492 4518 4519 -1 4502 4492 4519 -1 4513 4503 4516 -1 4509 4504 4520 -1 4505 4512 4521 -1 4522 4510 4509 -1 4518 4496 4506 -1 4523 4516 4502 -1 4506 4505 4521 -1 4524 4511 4513 -1 4491 4507 4525 -1 4519 4523 4502 -1 4514 4501 4526 -1 4526 4501 4510 -1 4515 4491 4525 -1 4509 4520 4522 -1 4526 4512 4514 -1 4527 4513 4516 -1 4517 4511 4524 -1 4526 4510 4528 -1 4525 4507 4517 -1 4519 4518 4529 -1 4530 4512 4526 -1 4527 4524 4513 -1 4510 4522 4528 -1 4525 4531 4515 -1 4519 4532 4523 -1 4533 4516 4523 -1 4533 4527 4516 -1 4534 4506 4521 -1 4518 4506 4534 -1 4518 4534 4529 -1 4529 4532 4519 -1 4533 4523 4532 -1 4530 4526 4535 -1 4535 4526 4528 -1 4521 4512 4536 -1 4525 4517 4537 -1 4538 4525 4537 -1 4525 4538 4531 -1 4536 4512 4530 -1 4534 4521 4539 -1 4529 4540 4532 -1 4541 4534 4539 -1 4529 4534 4541 -1 4542 4517 4524 -1 4535 4528 4543 -1 4521 4536 4539 -1 4537 4544 4538 -1 4545 4527 4533 -1 4533 4532 4545 -1 4530 4535 4546 -1 4542 4524 4547 -1 4542 4537 4517 -1 4529 4541 4540 -1 4548 4547 4524 -1 4536 4549 4539 -1 4544 4537 4550 -1 4551 4539 4549 -1 4532 4540 4545 -1 4548 4524 4527 -1 4552 4542 4547 -1 4542 4550 4537 -1 4543 4546 4535 -1 4541 4539 4551 -1 4553 4545 4540 -1 4541 4553 4540 -1 4548 4527 4545 -1 4550 4542 4554 -1 4530 4546 4536 -1 4544 4550 4555 -1 4547 4548 4556 -1 4552 4554 4542 -1 4551 4557 4541 -1 4546 4549 4536 -1 4555 4550 4558 -1 4557 4553 4541 -1 4549 4546 4559 -1 4549 4560 4551 -1 4554 4558 4550 -1 4549 4559 4560 -1 4557 4551 4560 -1 4545 4553 4561 -1 4560 4559 4562 -1 4558 4563 4555 -1 4561 4553 4557 -1 4545 4561 4548 -1 4556 4548 4561 -1 4547 4556 4552 -1 4556 4561 4564 -1 4557 4560 4562 -1 4556 4565 4552 -1 4564 4565 4556 -1 4566 4567 4568 -1 4569 4567 4566 -1 4570 4571 4572 -1 4573 4574 4575 -1 4568 4576 4566 -1 4572 4577 4570 -1 4578 4575 4579 -1 4579 4580 4578 -1 4574 4579 4575 -1 4581 4582 4578 -1 4583 4569 4566 -1 4582 4569 4583 -1 4571 4576 4568 -1 4584 4585 4586 -1 4570 4577 4587 -1 4573 4585 4574 -1 4580 4581 4578 -1 4575 4578 4588 -1 4589 4578 4582 -1 4571 4570 4590 -1 4571 4590 4576 -1 4575 4588 4573 -1 4588 4578 4591 -1 4591 4578 4589 -1 4582 4583 4589 -1 4587 4592 4593 -1 4584 4586 4594 -1 4587 4590 4570 -1 4586 4585 4573 -1 4583 4566 4595 -1 4566 4576 4595 -1 4596 4593 4592 -1 4590 4597 4576 -1 4573 4588 4598 -1 4598 4588 4599 -1 4591 4599 4588 -1 4591 4589 4600 -1 4583 4601 4589 -1 4593 4596 4602 -1 4598 4586 4573 -1 4599 4591 4603 -1 4603 4591 4600 -1 4589 4601 4600 -1 4595 4576 4597 -1 4601 4583 4595 -1 4590 4587 4604 -1 4605 4606 4607 -1 4586 4598 4608 -1 4599 4609 4598 -1 4605 4610 4606 -1 4610 4594 4611 -1 4594 4586 4608 -1 4608 4598 4609 -1 4610 4612 4606 -1 4612 4610 4611 -1 4609 4599 4613 -1 4603 4600 4614 -1 4614 4600 4601 -1 4595 4597 4615 -1 4595 4615 4601 -1 4607 4606 4616 -1 4602 4617 4618 -1 4593 4619 4587 -1 4594 4620 4611 -1 4604 4587 4619 -1 4608 4620 4594 -1 4597 4590 4604 -1 4608 4609 4620 -1 4620 4609 4613 -1 4613 4599 4621 -1 4599 4603 4621 -1 4614 4621 4603 -1 4615 4622 4601 -1 4619 4593 4602 -1 4620 4623 4611 -1 4621 4614 4624 -1 4614 4601 4625 -1 4601 4622 4625 -1 4615 4597 4626 -1 4606 4627 4616 -1 4628 4611 4623 -1 4623 4620 4629 -1 4629 4620 4613 -1 4597 4604 4626 -1 4621 4629 4613 -1 4630 4631 4632 -1 4631 4607 4632 -1 4615 4633 4622 -1 4634 4607 4616 -1 4626 4633 4615 -1 4606 4612 4627 -1 4628 4612 4611 -1 4635 4623 4629 -1 4635 4629 4636 -1 4637 4619 4602 -1 4636 4629 4621 -1 4626 4604 4638 -1 4631 4630 4639 -1 4607 4634 4632 -1 4634 4616 4627 -1 4627 4612 4640 -1 4640 4628 4641 -1 4612 4628 4640 -1 4623 4641 4628 -1 4625 4622 4633 -1 4624 4636 4621 -1 4642 4636 4624 -1 4624 4614 4642 -1 4614 4625 4642 -1 4619 4638 4604 -1 4638 4619 4637 -1 4643 4644 4645 -1 4617 4644 4618 -1 4637 4602 4618 -1 4633 4646 4625 -1 4642 4647 4636 -1 4626 4646 4633 -1 4648 4646 4626 -1 4649 4626 4638 -1 4650 4638 4637 -1 4641 4623 4635 -1 4636 4651 4635 -1 4652 4637 4618 -1 4653 4639 4654 -1 4639 4630 4654 -1 4647 4642 4655 -1 4642 4625 4655 -1 4646 4655 4625 -1 4656 4630 4632 -1 4634 4656 4632 -1 4656 4634 4657 -1 4634 4627 4657 -1 4657 4627 4658 -1 4658 4627 4640 -1 4652 4618 4659 -1 4641 4635 4651 -1 4651 4636 4660 -1 4630 4661 4654 -1 4655 4646 4662 -1 4626 4649 4648 -1 4649 4638 4650 -1 4637 4652 4650 -1 4618 4644 4659 -1 4643 4645 4663 -1 4664 4641 4665 -1 4640 4641 4664 -1 4665 4641 4651 -1 4647 4660 4636 -1 4660 4647 4666 -1 4667 4653 4668 -1 4653 4654 4668 -1 4669 4648 4670 -1 4649 4670 4648 -1 4670 4649 4671 -1 4661 4630 4656 -1 4666 4647 4655 -1 4646 4648 4662 -1 4657 4658 4672 -1 4650 4671 4649 -1 4640 4673 4658 -1 4673 4640 4664 -1 4645 4674 4663 -1 4644 4675 4659 -1 4644 4643 4675 -1 4651 4660 4676 -1 4666 4676 4660 -1 4666 4655 4662 -1 4656 4657 4677 -1 4672 4678 4657 -1 4650 4652 4679 -1 4658 4673 4672 -1 4663 4674 4680 -1 4675 4643 4663 -1 4651 4681 4665 -1 4682 4653 4667 -1 4654 4683 4668 -1 4661 4683 4654 -1 4666 4662 4684 -1 4685 4648 4669 -1 4678 4677 4657 -1 4686 4677 4678 -1 4687 4648 4685 -1 4662 4648 4687 -1 4672 4686 4678 -1 4672 4688 4686 -1 4673 4688 4672 -1 4679 4671 4650 -1 4664 4665 4689 -1 4652 4659 4690 -1 4681 4651 4676 -1 4676 4666 4691 -1 4692 4669 4670 -1 4661 4656 4693 -1 4656 4677 4693 -1 4686 4688 4694 -1 4659 4675 4690 -1 4695 4673 4696 -1 4652 4690 4679 -1 4673 4664 4696 -1 4664 4689 4696 -1 4675 4663 4680 -1 4681 4689 4665 -1 4691 4666 4684 -1 4697 4698 4699 -1 4698 4700 4699 -1 4683 4661 4701 -1 4670 4702 4692 -1 4669 4692 4703 -1 4670 4704 4702 -1 4671 4704 4670 -1 4686 4693 4677 -1 4694 4693 4686 -1 4662 4687 4684 -1 4695 4688 4673 -1 4671 4679 4704 -1 4679 4690 4705 -1 4706 4675 4680 -1 4689 4681 4707 -1 4708 4669 4703 -1 4685 4669 4708 -1 4693 4709 4701 -1 4661 4693 4701 -1 4704 4710 4702 -1 4703 4692 4702 -1 4685 4711 4687 -1 4694 4688 4712 -1 4713 4684 4711 -1 4684 4687 4711 -1 4688 4695 4714 -1 4714 4695 4715 -1 4696 4715 4695 -1 4716 4696 4689 -1 4705 4690 4717 -1 4681 4676 4707 -1 4676 4691 4707 -1 4707 4691 4684 -1 4680 4674 4718 -1 4706 4680 4719 -1 4707 4684 4713 -1 4718 4720 4721 -1 4708 4703 4722 -1 4703 4702 4723 -1 4709 4693 4724 -1 4693 4694 4724 -1 4710 4704 4725 -1 4685 4708 4726 -1 4688 4714 4727 -1 4725 4679 4705 -1 4680 4718 4719 -1 4679 4725 4704 -1 4696 4716 4715 -1 4717 4675 4706 -1 4690 4675 4717 -1 4707 4713 4728 -1 4700 4729 4699 -1 4701 4709 4730 -1 4683 4701 4730 -1 4731 4723 4702 -1 4724 4694 4732 -1 4710 4731 4702 -1 4694 4733 4732 -1 4712 4733 4694 -1 4713 4711 4726 -1 4688 4727 4712 -1 4711 4685 4726 -1 4728 4716 4689 -1 4689 4707 4728 -1 4706 4719 4734 -1 4735 4736 4737 -1 4738 4739 4697 -1 4682 4667 4740 -1 4667 4668 4740 -1 4668 4683 4741 -1 4741 4683 4742 -1 4723 4722 4703 -1 4710 4743 4731 -1 4712 4727 4744 -1 4714 4715 4745 -1 4746 4705 4717 -1 4713 4726 4747 -1 4715 4716 4748 -1 4725 4705 4746 -1 4719 4718 4721 -1 4749 4735 4737 -1 4716 4728 4750 -1 4713 4750 4728 -1 4751 4706 4734 -1 4738 4697 4699 -1 4729 4700 4682 -1 4740 4668 4741 -1 4752 4731 4743 -1 4683 4730 4742 -1 4709 4724 4753 -1 4730 4709 4753 -1 4731 4752 4723 -1 4708 4754 4747 -1 4726 4708 4747 -1 4708 4722 4755 -1 4744 4756 4733 -1 4733 4712 4744 -1 4755 4754 4708 -1 4743 4710 4757 -1 4757 4725 4758 -1 4710 4725 4757 -1 4745 4727 4714 -1 4750 4713 4747 -1 4748 4745 4715 -1 4717 4706 4751 -1 4759 4734 4719 -1 4716 4760 4748 -1 4760 4716 4750 -1 4760 4750 4761 -1 4762 4699 4729 -1 4763 4722 4752 -1 4756 4732 4733 -1 4723 4752 4722 -1 4755 4722 4763 -1 4764 4765 4761 -1 4755 4764 4754 -1 4766 4721 4720 -1 4761 4750 4747 -1 4747 4764 4761 -1 4745 4767 4727 -1 4764 4747 4754 -1 4768 4760 4761 -1 4745 4760 4768 -1 4765 4768 4761 -1 4745 4748 4760 -1 4746 4758 4725 -1 4769 4770 4749 -1 4771 4746 4717 -1 4772 4749 4737 -1 4773 4737 4736 -1 4774 4775 4736 -1 4682 4776 4729 -1 4682 4740 4776 -1 4753 4724 4777 -1 4755 4763 4778 -1 4724 4732 4777 -1 4779 4746 4771 -1 4770 4769 4780 -1 4765 4755 4778 -1 4755 4765 4764 -1 4727 4781 4744 -1 4781 4727 4782 -1 4758 4746 4779 -1 4727 4767 4782 -1 4745 4768 4767 -1 4767 4768 4783 -1 4768 4765 4783 -1 4783 4784 4767 -1 4769 4749 4772 -1 4717 4751 4771 -1 4773 4736 4775 -1 4774 4739 4775 -1 4719 4721 4759 -1 4785 4741 4742 -1 4742 4730 4753 -1 4753 4777 4786 -1 4732 4756 4777 -1 4787 4778 4763 -1 4756 4744 4788 -1 4769 4789 4780 -1 4788 4744 4781 -1 4752 4743 4790 -1 4782 4767 4784 -1 4778 4783 4765 -1 4757 4758 4791 -1 4758 4779 4791 -1 4751 4734 4792 -1 4775 4739 4738 -1 4793 4734 4759 -1 4699 4762 4738 -1 4762 4729 4794 -1 4794 4729 4776 -1 4795 4742 4753 -1 4777 4756 4796 -1 4756 4788 4796 -1 4788 4781 4797 -1 4798 4789 4769 -1 4782 4797 4781 -1 4720 4799 4766 -1 4797 4782 4784 -1 4784 4783 4787 -1 4778 4787 4783 -1 4800 4784 4787 -1 4772 4737 4773 -1 4792 4734 4793 -1 4771 4751 4792 -1 4801 4802 4789 -1 4776 4740 4803 -1 4740 4741 4803 -1 4785 4742 4795 -1 4786 4777 4804 -1 4777 4796 4804 -1 4796 4788 4805 -1 4800 4787 4763 -1 4763 4752 4806 -1 4752 4790 4806 -1 4757 4790 4743 -1 4791 4790 4757 -1 4798 4769 4807 -1 4797 4784 4800 -1 4772 4807 4769 -1 4808 4721 4766 -1 4738 4809 4775 -1 4779 4771 4792 -1 4759 4721 4808 -1 4793 4759 4808 -1 4803 4741 4785 -1 4753 4786 4795 -1 4804 4810 4786 -1 4804 4796 4811 -1 4812 4805 4788 -1 4801 4789 4798 -1 4812 4788 4797 -1 4806 4800 4763 -1 4797 4813 4812 -1 4800 4813 4797 -1 4772 4773 4814 -1 4815 4808 4766 -1 4794 4776 4816 -1 4816 4776 4817 -1 4776 4803 4817 -1 4810 4795 4786 -1 4806 4790 4818 -1 4819 4818 4790 -1 4790 4791 4819 -1 4806 4813 4800 -1 4807 4772 4814 -1 4779 4792 4820 -1 4809 4738 4762 -1 4820 4792 4793 -1 4808 4821 4793 -1 4822 4795 4810 -1 4813 4818 4823 -1 4806 4818 4813 -1 4811 4796 4805 -1 4812 4813 4823 -1 4801 4824 4802 -1 4825 4802 4824 -1 4791 4779 4826 -1 4766 4799 4827 -1 4773 4775 4828 -1 4829 4762 4794 -1 4803 4785 4830 -1 4822 4785 4795 -1 4810 4804 4831 -1 4831 4804 4811 -1 4805 4823 4832 -1 4823 4805 4812 -1 4826 4819 4791 -1 4814 4773 4833 -1 4775 4809 4828 -1 4824 4834 4825 -1 4835 4815 4766 -1 4779 4820 4826 -1 4808 4815 4821 -1 4817 4803 4830 -1 4830 4785 4836 -1 4785 4822 4836 -1 4810 4831 4822 -1 4801 4798 4837 -1 4823 4818 4838 -1 4819 4838 4818 -1 4773 4828 4833 -1 4835 4766 4827 -1 4815 4835 4839 -1 4821 4815 4839 -1 4809 4762 4829 -1 4829 4794 4840 -1 4816 4840 4794 -1 4821 4841 4820 -1 4793 4821 4820 -1 4820 4841 4826 -1 4842 4830 4836 -1 4837 4824 4801 -1 4798 4807 4837 -1 4832 4811 4805 -1 4814 4843 4807 -1 4826 4844 4819 -1 4814 4833 4845 -1 4841 4844 4826 -1 4833 4828 4846 -1 4816 4817 4847 -1 4838 4848 4823 -1 4837 4807 4843 -1 4849 4822 4831 -1 4811 4849 4831 -1 4844 4848 4838 -1 4819 4844 4838 -1 4827 4850 4851 -1 4832 4852 4811 -1 4832 4823 4848 -1 4853 4834 4854 -1 4841 4855 4844 -1 4828 4809 4856 -1 4829 4856 4809 -1 4816 4847 4840 -1 4857 4839 4835 -1 4858 4821 4859 -1 4821 4858 4841 -1 4817 4830 4860 -1 4839 4859 4821 -1 4861 4842 4836 -1 4822 4861 4836 -1 4849 4861 4822 -1 4849 4811 4852 -1 4843 4814 4845 -1 4855 4862 4863 -1 4863 4844 4855 -1 4845 4833 4846 -1 4834 4824 4864 -1 4855 4841 4862 -1 4846 4828 4856 -1 4835 4827 4851 -1 4856 4829 4840 -1 4840 4865 4856 -1 4830 4842 4866 -1 4824 4837 4867 -1 4861 4849 4852 -1 4868 4848 4844 -1 4868 4844 4863 -1 4852 4832 4848 -1 4848 4868 4852 -1 4845 4846 4869 -1 4864 4854 4834 -1 4870 4868 4863 -1 4871 4863 4862 -1 4858 4862 4841 -1 4840 4847 4865 -1 4847 4817 4860 -1 4835 4851 4857 -1 4860 4830 4866 -1 4872 4842 4861 -1 4858 4859 4873 -1 4837 4843 4867 -1 4861 4852 4870 -1 4851 4850 4874 -1 4870 4852 4868 -1 4875 4870 4863 -1 4863 4871 4876 -1 4846 4877 4869 -1 4846 4856 4877 -1 4853 4854 4878 -1 4862 4858 4879 -1 4879 4858 4873 -1 4865 4847 4880 -1 4857 4851 4881 -1 4882 4860 4866 -1 4866 4842 4872 -1 4824 4867 4864 -1 4861 4870 4883 -1 4845 4884 4843 -1 4875 4883 4870 -1 4867 4885 4864 -1 4877 4856 4886 -1 4865 4886 4856 -1 4881 4851 4874 -1 4878 4854 4887 -1 4847 4860 4880 -1 4875 4863 4876 -1 4888 4889 4890 -1 4871 4862 4879 -1 4866 4891 4882 -1 4873 4859 4892 -1 4891 4866 4872 -1 4893 4859 4839 -1 4839 4857 4893 -1 4883 4872 4861 -1 4884 4885 4867 -1 4843 4884 4867 -1 4884 4845 4869 -1 4887 4894 4878 -1 4854 4864 4895 -1 4895 4864 4885 -1 4890 4896 4888 -1 4871 4879 4897 -1 4865 4880 4886 -1 4892 4879 4873 -1 4898 4889 4888 -1 4860 4882 4880 -1 4889 4899 4900 -1 4901 4893 4857 -1 4902 4903 4904 -1 4893 4892 4859 -1 4901 4857 4881 -1 4895 4887 4854 -1 4905 4884 4869 -1 4905 4869 4877 -1 4906 4907 4874 -1 4881 4874 4908 -1 4896 4909 4888 -1 4910 4894 4887 -1 4888 4911 4898 -1 4886 4880 4912 -1 4882 4913 4880 -1 4898 4899 4889 -1 4914 4894 4915 -1 4897 4879 4892 -1 4899 4916 4900 -1 4916 4904 4903 -1 4882 4891 4917 -1 4891 4872 4918 -1 4883 4919 4872 -1 4885 4884 4920 -1 4921 4919 4883 -1 4875 4921 4883 -1 4908 4922 4881 -1 4909 4923 4888 -1 4874 4907 4908 -1 4886 4905 4877 -1 4905 4886 4912 -1 4915 4894 4910 -1 4875 4876 4924 -1 4912 4880 4913 -1 4924 4876 4897 -1 4914 4915 4925 -1 4897 4876 4871 -1 4926 4916 4899 -1 4904 4916 4926 -1 4913 4882 4917 -1 4897 4892 4927 -1 4872 4919 4918 -1 4895 4885 4928 -1 4922 4927 4893 -1 4927 4892 4893 -1 4929 4930 4902 -1 4922 4901 4881 -1 4929 4931 4930 -1 4893 4901 4922 -1 4906 4931 4929 -1 4887 4932 4910 -1 4909 4933 4923 -1 4934 4922 4908 -1 4923 4911 4888 -1 4907 4906 4929 -1 4935 4912 4913 -1 4898 4911 4899 -1 4924 4921 4875 -1 4936 4924 4897 -1 4926 4937 4904 -1 4918 4917 4891 -1 4928 4887 4895 -1 4932 4887 4928 -1 4920 4928 4885 -1 4902 4904 4937 -1 4927 4936 4897 -1 4938 4902 4937 -1 4884 4905 4920 -1 4929 4902 4938 -1 4921 4939 4919 -1 4940 4920 4905 -1 4929 4941 4907 -1 4923 4933 4942 -1 4908 4907 4934 -1 4915 4910 4943 -1 4925 4915 4942 -1 4933 4925 4942 -1 4944 4921 4924 -1 4913 4917 4945 -1 4926 4911 4946 -1 4911 4926 4899 -1 4947 4917 4918 -1 4918 4939 4947 -1 4939 4918 4919 -1 4932 4928 4948 -1 4921 4944 4939 -1 4949 4929 4938 -1 4938 4937 4950 -1 4951 4905 4912 -1 4948 4910 4932 -1 4946 4911 4923 -1 4935 4913 4945 -1 4947 4945 4917 -1 4934 4952 4922 -1 4920 4940 4953 -1 4941 4934 4907 -1 4939 4954 4947 -1 4920 4953 4928 -1 4948 4928 4955 -1 4928 4953 4955 -1 4936 4944 4924 -1 4926 4956 4937 -1 4940 4905 4951 -1 4922 4952 4927 -1 4939 4957 4958 -1 4957 4939 4944 -1 4943 4948 4959 -1 4951 4912 4935 -1 4943 4942 4915 -1 4935 4960 4951 -1 4942 4943 4961 -1 4945 4962 4935 -1 4910 4948 4943 -1 4946 4923 4963 -1 4942 4961 4923 -1 4956 4926 4946 -1 4948 4955 4959 -1 4947 4954 4945 -1 4937 4956 4950 -1 4950 4964 4938 -1 4958 4954 4939 -1 4953 4940 4951 -1 4953 4951 4965 -1 4949 4938 4964 -1 4949 4966 4929 -1 4941 4929 4966 -1 4944 4936 4957 -1 4967 4936 4927 -1 4967 4927 4952 -1 4959 4961 4943 -1 4963 4923 4961 -1 4968 4967 4952 -1 4969 4967 4968 -1 4945 4970 4962 -1 4968 4952 4934 -1 4945 4954 4970 -1 4963 4956 4946 -1 4954 4958 4970 -1 4956 4971 4950 -1 4965 4951 4960 -1 4949 4972 4966 -1 4964 4950 4973 -1 4935 4962 4960 -1 4949 4964 4973 -1 4966 4968 4941 -1 4934 4941 4968 -1 4967 4957 4936 -1 4969 4957 4967 -1 4974 4957 4969 -1 4959 4975 4961 -1 4975 4963 4961 -1 4975 4959 4976 -1 4971 4963 4975 -1 4972 4977 4968 -1 4972 4968 4966 -1 4965 4960 4978 -1 4971 4956 4963 -1 4955 4953 4965 -1 4960 4962 4970 -1 4955 4979 4959 -1 4960 4970 4978 -1 4955 4965 4979 -1 4977 4969 4968 -1 4971 4973 4950 -1 4973 4972 4949 -1 4957 4974 4958 -1 4959 4979 4976 -1 4980 4971 4976 -1 4965 4978 4979 -1 4978 4970 4981 -1 4971 4980 4973 -1 4977 4974 4969 -1 4973 4982 4972 -1 4977 4972 4982 -1 4971 4975 4976 -1 4981 4970 4958 -1 4974 4981 4958 -1 4979 4983 4976 -1 4976 4983 4980 -1 4982 4973 4980 -1 4979 4978 4983 -1 4983 4978 4981 -1 4982 4974 4977 -1 4982 4980 4983 -1 4983 4981 4982 -1 4974 4982 4981 -1" solid="false">
    <Coordinate point="3.27299 -0.765791 -14.0011 3.29099 -0.863271 -13.998 3.23884 -0.916863 -13.9976 3.24522 -1.08836 -14.0015 3.24336 -1.25743 -13.9764 3.17968 -1.21106 -13.9689 3.20301 -1.08018 -13.9895 3.2795 -1.07158 -13.9905 3.32122 -0.758196 -13.9924 3.2347 -0.999319 -13.9925 3.28724 -0.697854 -13.9818 3.32692 -0.622987 -13.9539 3.15596 -1.3063 -13.9212 3.19154 -1.32255 -13.9499 3.21859 -0.74673 -13.9384 3.32019 -0.87881 -13.9525 3.28497 -1.35639 -13.9167 3.29313 -1.21993 -13.9511 3.34528 -0.709003 -13.931 3.31955 -0.281437 -13.944 3.35155 -0.421952 -13.9647 3.28521 -0.46954 -13.9557 3.26979 -0.580488 -13.9561 3.33776 -0.523633 -13.9604 3.30649 -1.27741 -13.908 3.30272 -1.12433 -13.9144 3.34574 -0.618967 -13.9119 3.31866 -0.873534 -13.9139 3.12595 -0.510484 -13.7957 3.36338 -0.482058 -13.9152 3.10086 -1.09495 -13.8633 3.25653 -1.40915 -13.8962 3.28804 -0.304763 -13.9322 3.22303 -0.252801 -13.8457 3.36127 -0.288098 -13.8732 3.35857 -0.290788 -13.9186 3.31483 -0.104003 -13.9266 3.3721 -0.131027 -13.9274 3.29906 -1.19731 -13.8858 3.26245 -1.09508 -13.8414 3.38392 -0.155689 -13.8667 3.31942 -0.761551 -13.8724 3.17255 -1.38661 -13.8672 3.38226 -0.0421974 -13.8723 3.31636 0.0588082 -13.8719 3.28103 0.000178285 -13.858 3.31073 -0.535139 -13.8478 3.35959 0.0812096 -13.876 3.08236 -0.865103 -13.8278 3.0401 -0.66492 -13.7475 3.26832 -0.813545 -13.8191 3.29359 -1.38965 -13.8485 3.31054 -1.30007 -13.8594 3.0928 -1.29849 -13.8176 3.37521 -0.0978911 -13.8379 3.39304 0.00436897 -13.8364 3.18579 -1.41213 -13.7655 3.31746 0.223854 -13.844 3.2424 -1.22756 -13.7784 3.37927 0.186445 -13.848 3.36592 0.33239 -13.8508 3.31005 0.403494 -13.8387 3.40159 0.298105 -13.8205 3.10963 -0.27947 -13.728 3.29526 -0.342207 -13.793 3.28419 -0.23049 -13.7385 3.3614 0.497139 -13.824 3.40722 0.421695 -13.8074 3.41016 0.492998 -13.8113 3.31969 0.514074 -13.7975 3.34175 0.741 -13.8091 2.97482 -1.06266 -13.7044 3.25214 0.133332 -13.7721 3.38369 -0.00372605 -13.7955 3.38957 0.138588 -13.8002 3.23291 -1.34709 -13.7356 3.2153 -1.07332 -13.7314 3.17567 0.373797 -13.6897 3.08564 -1.3976 -13.6721 3.31656 0.0354179 -13.6958 3.1149 0.0113664 -13.677 3.11472 0.24986 -13.6456 3.18333 -0.705196 -13.6217 3.38419 0.212007 -13.7561 3.2194 -0.469277 -13.6857 3.40247 0.368665 -13.7641 3.27306 0.484768 -13.7456 3.42972 0.45412 -13.7493 3.44627 0.60796 -13.7653 3.14539 -1.43076 -13.6775 3.18634 -1.40495 -13.6738 3.22723 -0.157307 -13.6331 2.96706 -1.23899 -13.6582 3.376 0.334057 -13.7213 3.43658 0.529212 -13.6874 2.94284 -0.765586 -13.653 3.43822 0.757788 -13.7143 3.30918 0.127557 -13.6478 2.98125 -0.381005 -13.6386 3.12786 -1.20724 -13.6035 3.1124 -0.35106 -13.5501 3.3498 0.436723 -13.5955 3.19268 0.72295 -13.6547 3.1749 -1.32896 -13.6367 2.97786 -1.3545 -13.5684 3.03696 -0.430435 -13.4594 3.02092 -0.167599 -13.6178 3.14705 0.53071 -13.6365 2.87808 -1.06087 -13.5699 2.90288 -0.686219 -13.5866 3.0659 0.348316 -13.6049 3.08819 -1.43531 -13.5715 3.0571 0.541874 -13.5342 3.04322 -0.570077 -13.4365 2.92398 -0.268986 -13.5453 2.92644 -0.0917101 -13.4888 3.07681 -0.909295 -13.4844 3.03917 0.178463 -13.5838 2.82312 -0.541999 -13.4737 3.00616 -1.44145 -13.4903 2.96459 0.396432 -13.5585 3.10333 -1.39194 -13.5219 3.0535 -1.25226 -13.4562 2.80916 -0.758513 -13.4555 2.86345 -1.19604 -13.5077 2.97787 0.129587 -13.5163 3.15815 0.0567853 -13.4806 3.07957 -0.7657 -13.4599 3.26575 0.194192 -13.5417 2.95249 0.596167 -13.443 3.0637 -1.44391 -13.4812 3.04535 -1.36327 -13.4134 3.3305 0.585321 -13.5472 3.08072 -0.236857 -13.4594 2.75181 -1.03991 -13.3533 3.21994 0.514338 -13.398 3.25818 0.658887 -13.4523 2.89799 0.298399 -13.4405 3.08653 0.272412 -13.3028 2.83381 0.458764 -13.386 2.83187 -1.29084 -13.3868 2.87912 -1.44208 -13.3143 2.78902 -0.284785 -13.3522 3.01926 -1.43746 -13.3751 2.95093 -0.372557 -13.3315 2.8766 0.223916 -13.3972 3.08275 0.0944774 -13.3758 2.99366 -1.46462 -13.4065 2.76455 0.0310137 -13.3132 2.98019 -0.987319 -13.3523 3.00082 -0.840167 -13.3665 3.02613 -0.115135 -13.3731 2.69667 -0.682509 -13.3059 2.7514 -1.23623 -13.2965 2.82051 0.28155 -13.3377 2.97281 -0.649561 -13.3208 2.93505 -0.508617 -13.2923 3.08217 0.418465 -13.2705 2.94171 -0.278476 -13.2804 2.96052 -1.45367 -13.295 2.96249 -1.22547 -13.2882 2.94341 -0.0901419 -13.2408 2.65035 0.182284 -13.1542 2.62407 0.387163 -13.1695 2.89211 -0.782293 -13.2185 2.72676 -1.37917 -13.1636 2.96301 -1.39036 -13.2437 2.55935 -1.06439 -13.0494 2.6627 -0.823142 -13.2447 2.68401 -0.485682 -13.2531 2.94712 0.0540192 -13.24 2.63412 -0.332619 -13.189 2.79906 -1.47297 -13.165 2.80181 -0.503614 -13.1189 2.81374 -0.344558 -13.1357 2.88982 -1.46954 -13.2143 2.89351 -1.29583 -13.1804 2.61589 0.0992552 -13.1228 2.8739 -0.993355 -13.1606 2.62188 0.288972 -13.1359 2.59161 -0.681936 -13.179 2.88329 -0.663405 -13.2245 3.01246 0.523076 -13.1623 2.89604 -1.43344 -13.1603 2.59542 -1.20986 -13.0593 2.94957 0.255139 -13.164 2.9796 0.455033 -13.1524 2.83422 -1.38309 -13.055 2.88452 -1.17768 -13.1347 2.81911 -0.110613 -13.0958 2.54996 -0.708333 -13.1172 2.76649 -0.656726 -13.0692 2.81397 0.138702 -13.0355 2.8305 -0.580039 -13.1422 2.82916 -1.48841 -13.1116 2.75816 -1.49005 -13.0948 2.5848 -0.845099 -13.0981 2.79698 -0.829224 -13.0716 2.87297 0.529881 -13.0113 2.81709 0.394216 -12.966 2.8145 -1.49007 -13.049 2.577 -0.269722 -13.11 2.84508 -1.2321 -13.0726 2.79675 -1.05033 -13.0594 2.49159 -0.539767 -13.054 2.44215 -0.441402 -12.9878 2.4989 -0.0324756 -12.9774 2.52724 0.230317 -12.9861 2.47855 -0.748579 -13.0263 2.42508 0.378348 -12.9186 2.65804 -1.47287 -12.9481 2.80281 -1.46174 -12.9793 2.71598 -0.318395 -13.01 2.43189 -0.954628 -12.9435 2.70801 -1.51565 -12.9652 2.73187 -1.27851 -12.8751 2.71335 -0.958817 -12.9397 2.7477 -1.14692 -12.9338 2.44041 -0.223929 -12.9097 2.73606 -0.136454 -13.0115 2.53901 -1.1997 -12.95 2.7501 -1.51604 -12.9405 2.67294 -0.790192 -12.9209 2.57315 -0.575239 -12.8262 2.73151 0.130524 -12.9524 2.69757 -1.46302 -12.7936 2.58175 -0.192976 -12.8228 2.23537 -0.763875 -12.7651 2.33089 -0.519451 -12.8667 2.41575 -0.308834 -12.9104 2.56744 -1.46913 -12.7623 2.37131 -1.15626 -12.7836 2.38241 -0.200664 -12.8221 2.41811 0.191868 -12.8204 2.69344 -1.52311 -12.8311 2.64398 -1.51713 -12.8713 2.60465 -1.01472 -12.7963 2.52607 -0.288288 -12.7422 2.71585 0.375195 -12.8541 2.65479 0.174449 -12.8078 2.36279 -0.0226981 -12.7866 2.73443 0.551762 -12.8347 2.67155 -1.3235 -12.7861 2.21748 -0.672614 -12.749 2.25211 -0.429009 -12.7385 2.62828 -1.52957 -12.7931 2.6603 -1.20254 -12.7562 2.55206 -0.801681 -12.7824 2.56622 -0.926751 -12.7539 2.55545 0.0424387 -12.7274 2.50876 -0.12609 -12.681 2.47045 -0.467199 -12.6718 2.3921 -1.25733 -12.7363 2.49101 -1.36218 -12.7092 2.29377 -0.199296 -12.7103 2.28233 -0.927926 -12.7485 2.32756 0.190075 -12.6927 2.32595 0.294232 -12.7367 2.31124 0.383466 -12.7281 2.34918 -1.18959 -12.718 2.1544 -0.833653 -12.6681 2.47228 -0.361154 -12.6504 2.42627 -0.85 -12.5902 2.57663 -1.51838 -12.7043 2.57444 -1.25958 -12.637 2.49202 -1.10503 -12.6265 2.56939 0.33133 -12.6969 2.43918 -0.695171 -12.6258 2.15483 -0.394123 -12.6458 2.38821 -1.29413 -12.6246 2.2817 -1.04358 -12.6526 2.36187 -0.254149 -12.5107 2.27688 0.0695803 -12.6414 2.61487 -1.51453 -12.6759 2.55484 0.174929 -12.6614 2.51624 -1.49034 -12.6183 2.30244 -1.11854 -12.6076 2.58073 -1.47337 -12.5903 2.05996 -0.55036 -12.5607 2.54508 -1.50716 -12.5808 2.40768 -0.514507 -12.5735 2.11927 -0.872992 -12.578 2.09734 -0.201843 -12.5637 2.38845 -0.114858 -12.5328 2.33907 -1.00605 -12.4498 2.58357 -1.40761 -12.6141 2.26501 0.260846 -12.5913 2.47487 0.173947 -12.5771 2.04784 -0.400952 -12.542 2.34857 -0.649802 -12.5153 2.33589 -1.25236 -12.5762 2.43287 -1.42279 -12.5696 2.37703 -0.405839 -12.5251 2.51406 -1.30446 -12.5295 2.48641 -1.5097 -12.514 2.32891 -1.34009 -12.4934 2.40895 -1.10676 -12.5114 2.07867 0.067394 -12.4712 2.2046 -1.06677 -12.4727 2.37802 0.120929 -12.4578 2.10842 0.209262 -12.4419 2.12471 0.329193 -12.442 2.05608 -0.798156 -12.521 2.28996 -0.445422 -12.4358 2.24296 -1.22633 -12.4606 2.01268 -0.848173 -12.4214 1.974 -0.449801 -12.4395 2.29598 -0.843335 -12.4511 2.51888 -1.48277 -12.4562 2.3794 -1.46936 -12.4132 1.96344 -0.211451 -12.4249 2.47966 -1.42488 -12.3761 1.98694 0.0800415 -12.3571 2.32673 -0.00788502 -12.4383 2.45099 -1.51274 -12.427 2.26407 -0.270154 -12.4186 2.39328 -1.27962 -12.305 2.07865 -1.03433 -12.3163 1.89022 -0.516742 -12.2838 2.24615 -0.689121 -12.3695 2.23795 -0.533013 -12.365 2.42387 -1.51355 -12.3755 2.46164 -1.51071 -12.3878 2.20884 -0.462966 -12.3366 2.21431 -1.36058 -12.3017 2.17891 -1.29611 -12.3098 1.86459 -0.273909 -12.2903 2.15335 -1.21989 -12.3239 2.1031 -1.0896 -12.3086 2.21193 0.00539267 -12.3 2.22052 -0.970369 -12.324 1.89889 -0.698201 -12.2688 2.34116 -1.49508 -12.3073 2.38761 -1.52804 -12.2927 2.4578 -1.47415 -12.3013 2.43112 -1.52184 -12.2595 2.29859 0.22695 -12.3641 2.16893 -0.840082 -12.2629 2.13228 -0.271533 -12.2372 1.96913 0.220331 -12.2532 1.89619 -0.942122 -12.1345 1.83987 -0.798829 -12.1294 2.08641 -0.658235 -12.1958 2.15317 -0.460338 -12.2118 2.38378 -1.38549 -12.1647 2.24708 -1.1855 -12.1822 2.21343 -1.09068 -12.2181 2.1444 -0.732401 -12.2371 2.36953 -1.55114 -12.2033 2.08661 -1.3488 -12.0999 2.39373 -1.47527 -12.1122 2.24811 -1.28911 -12.0473 1.93206 -1.06111 -12.0613 2.18722 -0.981991 -12.2037 1.70119 -0.287405 -12.0577 1.75189 -0.112651 -12.085 2.09291 -0.104342 -12.1336 2.06954 -0.311484 -12.1629 2.13082 -0.918008 -12.1647 2.0963 -0.781037 -12.139 2.41338 -1.51571 -12.1573 2.37827 -1.55675 -12.1277 2.08468 -0.489544 -12.1445 2.1594 -1.45064 -12.0895 1.96052 -1.14255 -12.0454 1.99361 -0.656043 -12.0959 2.29965 -1.56636 -12.0826 2.01699 -0.421851 -12.0885 2.00136 -1.29892 -12.0071 1.98658 -0.522027 -12.0275 2.01546 -0.316482 -12.0881 2.17045 -1.21893 -11.953 2.1434 -1.11314 -12.0626 1.99825 -0.842167 -12.0356 1.99546 -0.748389 -12.0542 2.02528 -0.117773 -12.028 2.14887 0.129783 -12.1997 1.99227 -0.00419858 -12.0015 1.71016 -0.654912 -11.9898 2.20959 -1.56274 -11.9765 2.32536 -1.55347 -11.9648 1.89905 -0.690391 -11.9405 1.94266 -0.59884 -11.9996 1.8575 -1.01514 -11.9732 2.03767 -1.08802 -11.9413 1.92583 -0.145599 -11.9442 1.84761 -0.419459 -11.8955 2.2537 -1.58797 -11.9456 2.05524 -1.52518 -11.8473 1.88071 -0.211783 -11.8956 2.30143 -1.50128 -11.9003 1.84143 -1.10755 -11.8839 1.94407 -0.942892 -11.9371 1.58491 -0.576351 -11.8501 1.79876 -0.337728 -11.8338 1.75733 -0.854011 -11.8913 1.46719 -0.430299 -11.7339 1.85279 -0.572914 -11.8487 1.88645 -0.0182994 -11.8907 2.17668 -1.33088 -11.8671 2.02069 -1.25903 -11.7556 1.94786 0.0877094 -11.9268 2.09222 -1.59202 -11.7897 2.25174 -1.60188 -11.8405 1.93154 -1.40354 -11.788 1.85994 -0.805547 -11.8122 2.17406 -1.62784 -11.8023 2.28142 -1.55451 -11.8223 2.24523 -1.47686 -11.7821 1.74709 -0.502869 -11.7413 1.87309 -1.03149 -11.7404 1.84293 -0.113919 -11.8097 1.81982 0.118525 -11.7722 1.63255 -0.80083 -11.7397 1.79452 -0.714105 -11.7778 2.26022 -1.5936 -11.7209 1.77843 -1.24181 -11.6735 1.79787 -0.213548 -11.7793 1.97659 -1.54733 -11.6703 1.71196 -0.61879 -11.6334 2.25177 -1.53815 -11.7017 1.74582 -0.328231 -11.7102 1.75211 -0.105485 -11.7384 2.15081 -1.42254 -11.7378 2.09801 -1.34032 -11.7492 1.93255 -1.14788 -11.6959 2.23468 -1.63278 -11.7025 2.1801 -1.65984 -11.6814 1.71622 -0.734307 -11.6748 2.06612 -1.63671 -11.6271 1.63717 -1.0789 -11.5856 1.72524 -0.198911 -11.6875 1.72307 -0.870662 -11.6221 1.78855 -0.9966 -11.6333 1.80212 -1.34767 -11.6024 1.73721 -0.429302 -11.6689 1.71239 -0.523865 -11.6401 1.74156 -0.0789663 -11.6734 1.74544 0.0243206 -11.6573 1.99358 -1.29005 -11.6545 2.11272 -1.43045 -11.6253 2.10791 -1.67054 -11.5642 2.2289 -1.54452 -11.6262 1.71427 -0.324732 -11.644 1.73548 -0.251146 -11.6188 1.94278 -1.24827 -11.6215 1.81115 -1.14806 -11.5579 1.69698 -0.750481 -11.5624 1.74063 -0.436144 -11.61 1.72151 -0.326742 -11.6108 1.77122 -0.0956491 -11.6084 1.7606 -1.05239 -11.4908 1.74081 -0.92794 -11.5058 2.09335 -1.44877 -11.5291 1.71678 -0.664826 -11.5688 1.73346 -0.511754 -11.5609 2.2325 -1.6414 -11.5025 2.23148 -1.59715 -11.4519 1.78461 -0.40774 -11.5505 1.63558 -1.24335 -11.459 1.82047 -1.20549 -11.4858 1.91779 -0.254007 -11.4916 1.94053 -1.30712 -11.542 1.69479 -0.730858 -11.5127 1.73409 -0.685603 -11.4929 1.77086 -0.616212 -11.5288 2.1727 -1.69644 -11.4132 1.81539 -1.46216 -11.4505 1.7227 -0.934518 -11.4222 1.69119 -0.826578 -11.4484 1.85438 -0.637419 -11.4559 1.85395 -1.58013 -11.2719 1.95948 -1.38954 -11.4569 1.84774 -1.29434 -11.4588 1.67457 -1.34923 -11.3915 1.93105 -0.479057 -11.4332 1.63742 -0.715506 -11.4404 1.86176 -0.733139 -11.3157 2.23616 -1.66942 -11.354 2.18646 -1.55401 -11.4067 1.77314 -1.13015 -11.3643 1.8208 -1.24241 -11.3039 1.72942 -1.00815 -11.4411 1.67102 -1.0096 -11.395 1.70802 -0.871701 -11.3697 2.08283 -1.48555 -11.3728 1.90322 -1.62319 -11.2547 2.24576 -1.6326 -11.2897 1.62764 -0.781102 -11.35 1.83642 -1.29699 -11.3624 2.18594 -0.0605479 -11.3531 1.71583 -1.07889 -11.3508 1.70077 -0.921167 -11.3462 2.01815 -1.43564 -11.2793 1.68495 -0.738968 -11.3091 1.92625 -0.711236 -11.2808 1.98229 -0.603314 -11.3269 2.16098 -1.72288 -11.2739 1.68018 -1.44597 -11.2432 1.89466 -1.35133 -11.2908 1.64494 -0.98789 -11.3346 1.69056 -1.07387 -11.305 1.67728 -0.870733 -11.3234 1.62453 -0.742421 -11.2857 2.05274 -0.405792 -11.3538 1.70341 -1.12285 -11.3135 1.7994 -1.22755 -11.234 1.60548 -0.950066 -11.2986 1.51204 -0.875903 -11.2996 1.69165 -1.04249 -11.2405 1.52682 -0.810522 -11.2969 1.83974 -0.789034 -11.2412 2.13015 -0.535676 -11.2347 2.33607 -0.29008 -11.1771 1.7004 -1.20659 -11.2153 1.59209 -1.12331 -11.2615 1.64057 -1.08616 -11.2632 1.58673 -1.08768 -11.259 1.60346 -0.968729 -11.2269 1.53875 -0.932229 -11.2566 1.49956 -0.887008 -11.2437 1.50845 -0.843063 -11.2454 1.62032 -0.780874 -11.2097 1.70532 -0.780459 -11.2485 1.9928 -0.735855 -11.2097 1.63073 -1.19135 -11.1778 1.82711 -1.29207 -11.1877 1.62821 -1.02383 -11.2062 1.60425 -0.932522 -11.1871 1.67246 -0.851402 -11.1854 1.99297 -1.476 -11.171 1.85099 -1.33694 -11.142 1.69745 -1.31882 -11.1533 1.59039 -1.25029 -11.0989 1.5811 -1.09898 -11.1801 1.58576 -1.01275 -11.1674 1.75367 -0.869145 -11.1768 1.89093 -0.869206 -11.1578 1.57345 -1.18457 -11.0707 1.55738 -1.08196 -11.1171 1.65532 -0.990107 -11.1037 1.61394 -1.07783 -11.0637 3.40554 0.803741 -13.8006 3.35505 0.908596 -13.7955 3.40525 0.944905 -13.7995 3.44521 0.859168 -13.7411 3.4528 1.01653 -13.7643 3.35405 1.00096 -13.7524 3.41161 1.1603 -13.7543 3.48151 1.18043 -13.7641 3.47552 1.31013 -13.7399 3.52842 1.26867 -13.7432 3.28638 0.84399 -13.72 3.47985 1.10232 -13.7075 3.52895 1.19765 -13.6924 3.35968 1.24327 -13.6532 3.53376 1.41234 -13.7334 3.49348 1.54976 -13.7262 3.56524 1.49545 -13.7429 3.56527 1.59605 -13.7234 3.51636 1.7567 -13.7132 3.55463 1.75545 -13.7178 3.26038 1.00218 -13.6407 3.54328 1.2583 -13.6599 3.40631 1.45663 -13.6636 3.58533 1.51855 -13.6726 3.39994 0.702806 -13.6566 3.59525 1.61396 -13.6875 3.60467 1.78573 -13.6713 3.49966 1.8316 -13.6694 3.46034 0.954428 -13.6769 3.4341 1.1405 -13.5881 3.28255 1.27977 -13.5902 3.56108 1.46574 -13.605 3.35549 0.857648 -13.5125 3.60675 1.71384 -13.5919 3.55151 1.95846 -13.6255 3.47888 1.96599 -13.606 3.60961 1.92591 -13.6131 3.45525 1.2874 -13.5221 3.3156 1.44608 -13.6072 3.37357 1.76414 -13.589 3.38942 0.988676 -13.5531 3.62938 1.82438 -13.5746 3.21878 1.15184 -13.5488 3.61848 2.07697 -13.6087 3.55677 2.10226 -13.6084 3.60072 2.17311 -13.5653 3.38198 1.17427 -13.4805 3.23478 1.53812 -13.505 3.08571 0.691974 -13.5514 3.00614 0.66269 -13.4586 3.06158 0.889946 -13.4854 3.31107 1.67024 -13.5559 3.51072 1.53815 -13.5189 3.65356 2.13847 -13.5559 3.47423 2.08559 -13.5664 3.53016 2.17318 -13.553 3.18378 1.44498 -13.4762 3.29367 1.78509 -13.4793 3.31821 0.976194 -13.4522 3.10461 1.13622 -13.4289 3.62734 1.86896 -13.5119 3.66345 2.05171 -13.5011 3.65293 2.15146 -13.491 3.53621 2.20872 -13.4922 3.1576 1.63721 -13.3746 3.36448 2.04668 -13.4434 3.3574 1.07797 -13.4575 3.53012 1.81108 -13.4386 3.56961 1.94673 -13.3846 3.37647 2.11384 -13.3874 3.60571 2.19931 -13.4751 3.28254 1.27647 -13.3589 3.22913 1.36222 -13.2645 3.59678 2.12912 -13.3711 3.23375 0.781139 -13.3996 3.21904 0.965561 -13.3752 2.96008 0.888841 -13.3687 3.23479 1.51647 -13.2231 3.4801 1.75543 -13.3755 3.36378 1.65996 -13.2838 2.95353 0.956047 -13.3367 3.07315 1.43403 -13.3482 3.5494 2.19672 -13.3779 3.25562 1.14936 -13.3498 2.81125 0.61425 -13.273 3.21899 1.79988 -13.3573 3.44947 2.18375 -13.3466 3.55513 2.16798 -13.3184 3.09894 1.24357 -13.172 2.86117 0.883984 -13.2944 3.09195 1.75514 -13.2364 3.10776 0.956213 -13.245 3.10379 1.0887 -13.1849 3.38485 1.78177 -13.2425 3.24834 2.01055 -13.2677 3.48501 1.84109 -13.3069 3.52951 2.07196 -13.255 2.92344 1.47732 -13.1701 3.04562 0.751692 -13.1821 2.84969 1.01432 -13.2648 3.109 1.91204 -13.1415 2.93887 1.28025 -13.2373 3.28683 2.13579 -13.2139 3.43477 2.19884 -13.2654 3.44183 1.90713 -13.1929 3.32614 2.21962 -13.1559 3.45195 2.20581 -13.2001 3.48927 2.14764 -13.1875 2.64655 0.471402 -13.1854 2.66036 0.917547 -13.0679 2.83838 1.27729 -13.1843 3.39581 2.23514 -13.1618 2.64472 0.637803 -13.0786 2.81548 1.40447 -13.1116 3.17775 1.58964 -13.1108 2.89971 1.665 -13.0314 3.27891 1.68653 -13.1589 2.94828 0.998234 -13.059 2.71663 1.24746 -13.0472 3.26009 1.84404 -13.0661 3.12003 2.02991 -13.0656 3.3847 1.9593 -13.0983 3.00574 1.35743 -13.0156 3.42712 2.2008 -13.1133 3.04903 1.44744 -13.0072 2.92093 0.655762 -13.0413 3.19349 1.72904 -13.0685 3.22564 2.22694 -13.0557 2.96029 1.22341 -12.9922 3.40223 2.12222 -13.057 3.38947 2.24314 -13.0979 3.28645 2.26601 -13.0344 2.45387 0.475857 -12.9542 2.76929 1.54306 -12.9668 3.08134 1.58624 -13.0119 2.54005 0.681488 -12.9401 2.87999 0.733732 -12.9977 3.28477 2.23067 -12.9522 2.52004 0.630888 -12.9267 2.86581 0.98224 -12.9467 2.89363 1.90686 -12.8977 2.97879 1.9776 -12.936 3.21299 1.96032 -12.8971 2.59258 1.39847 -12.8243 3.26644 2.06092 -12.9001 3.24767 2.25539 -12.9777 3.18915 2.22463 -12.9728 2.51049 0.875169 -12.8899 3.03313 1.53883 -12.9538 2.79631 1.69373 -12.8844 3.14083 1.8676 -12.8594 3.07776 2.13257 -12.8883 3.29274 2.13865 -12.9333 2.93346 1.39696 -12.9092 3.07847 1.72821 -12.9126 2.7551 0.760083 -12.8478 2.8138 1.79552 -12.8708 2.82641 1.19074 -12.8802 2.60534 1.57226 -12.7554 2.75672 0.66259 -12.8429 2.99038 2.11348 -12.7953 2.48634 1.15022 -12.788 3.21755 2.2198 -12.8676 2.40206 0.438758 -12.8938 2.37778 0.571979 -12.7745 2.45812 0.682395 -12.8069 2.99323 1.67613 -12.8123 3.04703 1.81907 -12.7924 2.7636 1.08889 -12.8297 2.8229 2.00436 -12.7601 3.14026 2.2235 -12.7917 2.43687 0.853043 -12.7733 2.6696 1.71519 -12.7376 2.59616 0.429546 -12.703 2.69916 1.87537 -12.7653 2.7137 0.979435 -12.7771 2.80364 1.40187 -12.7546 3.04784 2.18072 -12.7432 3.20134 2.19742 -12.7737 2.99985 1.81643 -12.7251 2.77466 1.2482 -12.741 3.08129 1.98141 -12.7203 2.29403 0.67806 -12.6082 2.45572 1.26625 -12.6923 2.26255 0.381315 -12.6535 2.64669 1.99398 -12.5849 2.72229 1.11605 -12.7322 3.14669 2.14082 -12.7145 3.12103 2.20645 -12.7028 2.21957 0.497627 -12.602 2.77114 1.4572 -12.6715 2.84629 1.59495 -12.6801 2.91836 1.71422 -12.7153 2.25706 0.818143 -12.5623 2.29588 1.04341 -12.5702 2.51708 1.54599 -12.6407 2.88783 1.80066 -12.6089 2.95554 1.97029 -12.5676 2.55025 0.495683 -12.6118 2.652 0.603939 -12.7011 2.8405 2.12703 -12.564 2.58976 0.898804 -12.6149 2.68126 1.31654 -12.6126 2.58056 1.7015 -12.619 2.59008 1.87681 -12.6067 3.05453 2.04746 -12.6318 3.06968 2.16241 -12.5714 2.9614 2.19144 -12.6004 2.62133 1.14301 -12.5985 3.04619 2.20847 -12.5735 2.68817 1.44631 -12.5474 2.17693 0.763003 -12.4721 2.39544 1.40991 -12.5569 2.6693 2.10557 -12.4246 2.45274 0.602974 -12.4738 2.45464 0.318175 -12.5101 2.67057 1.59269 -12.4724 2.50724 0.740825 -12.4968 2.48404 1.78613 -12.5055 2.40556 1.57437 -12.525 2.55939 1.01241 -12.5293 2.55451 1.26408 -12.4329 2.47677 0.940259 -12.4561 2.22504 1.24595 -12.4336 2.163 0.473581 -12.5149 2.87721 2.11075 -12.4238 2.95217 2.14998 -12.4754 2.95267 2.19818 -12.5253 2.14155 0.609767 -12.4156 2.54105 1.38542 -12.3993 2.39243 0.457216 -12.4352 2.70388 1.79491 -12.3728 2.82706 1.93049 -12.4533 2.48042 1.13088 -12.4131 2.83526 2.17973 -12.432 2.87474 2.16313 -12.4955 2.41006 0.709255 -12.4134 2.0388 0.914165 -12.3219 2.49398 2.03518 -12.3201 2.62816 1.69096 -12.3806 2.44038 0.999864 -12.4127 2.35009 0.323556 -12.4009 2.27189 1.54897 -12.3653 2.30271 1.69005 -12.3467 2.44999 1.88819 -12.3691 2.78798 1.9793 -12.3868 2.7501 2.19814 -12.3468 2.87526 2.15732 -12.4345 2.33222 0.564746 -12.3165 1.98166 0.833556 -12.2562 2.51952 1.53734 -12.3282 2.08405 1.06792 -12.3499 2.35176 0.801375 -12.311 2.71286 1.88618 -12.3354 2.07208 0.381728 -12.3572 2.10905 1.38106 -12.2638 2.68918 2.19851 -12.3145 2.78627 2.1985 -12.3251 2.06396 0.516584 -12.2908 2.46787 1.6449 -12.1998 2.37521 0.989767 -12.3107 2.64803 1.81433 -12.3004 2.22691 0.254645 -12.2546 2.27034 0.348039 -12.2988 2.83483 2.15246 -12.3263 2.44487 1.29271 -12.3215 2.4186 1.36575 -12.2577 2.25974 0.703313 -12.2217 2.18026 1.6104 -12.2338 1.93465 1.08024 -12.1878 2.72918 2.08945 -12.2203 2.38282 1.11594 -12.277 2.37024 1.23934 -12.2666 2.16855 1.51447 -12.2689 2.20507 0.469688 -12.22 2.40022 1.45558 -12.2223 2.31222 1.97971 -12.1362 2.52336 1.77609 -12.2099 2.31384 0.928156 -12.258 1.98408 1.21134 -12.1928 2.67353 2.01432 -12.1884 2.54516 2.23358 -12.1305 2.6192 2.24131 -12.173 2.70009 2.22404 -12.2553 2.74267 2.18672 -12.2433 2.26908 1.08065 -12.1696 1.79716 0.999084 -12.0258 2.30858 1.40661 -12.1616 2.31019 1.61924 -12.0548 2.23891 0.801163 -12.1532 2.26157 1.25688 -12.1356 2.11467 0.301514 -12.1409 2.03648 1.46489 -12.0921 2.63657 2.24962 -12.1122 2.27925 1.45964 -12.0903 2.47527 1.78984 -12.1163 2.19545 0.861991 -12.0838 2.2332 0.971112 -12.1495 2.55036 1.98894 -12.0361 2.68465 2.15294 -12.1167 2.06427 1.55941 -12.0619 2.34557 1.71734 -12.0546 2.11289 0.529457 -12.0491 2.1135 0.634945 -12.0612 2.18964 0.962029 -12.047 2.38603 2.2059 -12.0243 2.22321 1.16645 -12.0652 2.21035 1.04794 -12.0866 2.65125 2.12439 -12.0174 2.24211 1.35348 -12.0595 2.23948 1.50879 -12.0403 2.18032 1.90206 -12.012 2.15536 0.750052 -12.0476 1.7602 1.12644 -11.9356 2.17496 1.26872 -12.008 2.596 2.25919 -12.0309 1.99777 0.212125 -12.0082 1.98598 0.415243 -11.9819 2.12826 0.876691 -12.0295 2.36303 1.80159 -11.9526 2.47237 1.90304 -11.9592 2.124 1.03846 -11.9911 2.14119 1.12834 -11.9763 2.47038 2.28602 -11.9849 2.19481 1.43307 -11.9645 2.65791 2.16111 -12.0127 2.07157 1.80762 -11.9077 1.97116 0.555223 -11.917 2.27338 1.69501 -11.9154 2.08792 0.799436 -11.9727 2.12521 0.953838 -11.998 2.25236 2.10445 -11.9113 2.52546 2.29077 -11.9558 1.95712 1.53745 -11.8968 2.22234 1.56284 -11.9101 2.01098 0.678259 -11.9365 2.08237 0.901221 -11.9147 2.47971 1.98862 -11.9055 2.34617 2.22186 -11.8888 2.13987 1.39592 -11.8982 2.60102 2.1647 -11.9559 1.89623 0.314836 -11.8456 1.91999 0.526421 -11.8357 1.98524 0.775531 -11.8861 2.27438 1.76364 -11.8636 1.87713 0.166727 -11.8613 2.54234 2.12169 -11.9083 2.08955 1.06948 -11.8558 2.06971 1.2297 -11.8499 2.54631 2.22984 -11.9072 2.12031 1.31478 -11.8842 2.15918 1.49943 -11.8405 1.9295 0.660462 -11.8763 2.29105 1.87385 -11.8145 2.45596 2.29205 -11.8837 2.49948 2.26571 -11.7734 2.01848 1.30418 -11.8101 2.14381 1.5831 -11.7954 2.19948 1.7059 -11.7843 1.99392 0.844569 -11.8375 2.02295 0.944075 -11.7854 1.84315 0.225612 -11.802 2.47051 2.0797 -11.7877 2.21233 2.18632 -11.7261 1.90852 0.638096 -11.7829 1.91944 0.694039 -11.7653 1.97064 0.78822 -11.7366 2.02282 1.02315 -11.7795 2.19667 1.83287 -11.7832 1.79573 0.407334 -11.7236 2.42047 2.29871 -11.7864 2.46215 2.19549 -11.6727 1.94282 1.16349 -11.7433 1.81266 0.53095 -11.6484 2.03546 1.51499 -11.7008 2.01014 0.910766 -11.7117 2.26652 1.91503 -11.7392 1.76787 0.13142 -11.6709 2.37428 2.02946 -11.7132 2.30355 2.30151 -11.6098 2.46832 2.29081 -11.7213 1.94872 1.22928 -11.6626 1.95427 1.35746 -11.664 2.05233 1.60748 -11.6854 1.83001 0.670983 -11.6704 2.14455 1.756 -11.7223 2.16334 1.84689 -11.7375 2.18556 1.93242 -11.6619 1.9115 1.02367 -11.6654 1.79789 0.267597 -11.6984 2.40029 2.31879 -11.6806 1.88354 0.717833 -11.6879 2.10761 1.8415 -11.611 1.98064 0.774215 -11.6347 2.20843 1.95206 -11.6724 2.28474 2.08429 -11.592 1.86012 1.06363 -11.6201 2.42129 2.14422 -11.6515 1.78358 0.407262 -11.6539 1.93558 1.52584 -11.6186 1.84316 0.691913 -11.6169 2.06918 1.71938 -11.5955 2.04488 0.862117 -11.6096 1.98553 0.971994 -11.6215 1.82605 0.285156 -11.6393 1.92704 1.25853 -11.5764 2.43059 2.29645 -11.6113 1.95809 1.60897 -11.5508 1.81557 0.50306 -11.5956 1.8002 0.0791394 -11.6012 1.86899 0.250621 -11.606 1.85631 1.12068 -11.6025 1.93416 1.20339 -11.5872 1.85912 0.306607 -11.6211 2.42564 2.19298 -11.5605 1.96734 0.492263 -11.5412 1.8659 1.37108 -11.5249 1.88818 1.46294 -11.5595 1.94049 1.58595 -11.4939 1.90185 0.685694 -11.5694 2.05519 0.754611 -11.5636 2.05611 1.84684 -11.5398 2.08495 1.89882 -11.5204 2.13675 1.98007 -11.5603 2.07816 0.912268 -11.5565 1.85599 1.09235 -11.5604 2.00566 1.03098 -11.5493 2.44297 2.23675 -11.5563 2.04066 0.397512 -11.5185 1.90339 0.613647 -11.544 2.04075 0.615543 -11.5171 2.03269 1.12267 -11.4935 1.95328 1.1235 -11.5366 1.96822 1.18524 -11.5244 1.97067 1.72443 -11.5415 1.91199 1.66727 -11.5214 2.07465 0.129836 -11.4691 2.17907 0.776433 -11.4653 2.1848 2.046 -11.5076 2.32824 2.1464 -11.5025 2.08526 0.295082 -11.4834 1.8437 1.42737 -11.4872 1.86735 1.5011 -11.4699 1.93175 1.5868 -11.4308 1.84171 1.66824 -11.4641 2.00151 1.27101 -11.4268 1.92382 1.30867 -11.4721 2.11339 0.611374 -11.4854 1.92589 1.73567 -11.4776 1.94244 1.8128 -11.4598 2.2362 0.847568 -11.4064 1.99583 1.87625 -11.4604 2.13903 2.00948 -11.4229 2.20501 2.04627 -11.4156 1.85719 1.36046 -11.449 2.4255 2.19558 -11.4437 2.43098 2.2747 -11.4309 1.74659 1.41369 -11.4242 1.80375 1.49415 -11.4425 2.0952 1.1476 -11.4338 2.18921 0.592181 -11.4363 2.33633 2.15288 -11.4004 1.82875 1.73638 -11.402 1.9044 1.85752 -11.3587 1.97941 1.96671 -11.3848 1.76413 1.37374 -11.3994 2.32079 1.07354 -11.2545 2.25452 1.19665 -11.2633 1.99384 1.36103 -11.3359 2.06407 2.03941 -11.3268 1.76409 1.46109 -11.3561 1.89732 1.39693 -11.3308 1.76642 1.51333 -11.3376 1.82943 1.59323 -11.3832 2.26443 0.244654 -11.352 2.31946 0.444821 -11.3314 2.28137 0.650966 -11.3687 1.79699 1.445 -11.2958 1.73302 1.54273 -11.2979 1.75618 1.69062 -11.3101 1.87261 1.87415 -11.2783 2.44002 0.0810426 -11.1916 2.44561 0.252625 -11.2106 2.36568 0.67938 -11.2943 2.42695 0.853148 -11.2161 2.34785 0.94763 -11.2705 1.71191 1.47565 -11.2228 1.80309 1.48093 -11.2334 1.93003 1.54307 -11.2071 1.74622 1.77572 -11.2051 1.67017 1.55119 -11.1819 1.81326 1.85713 -11.1908 2.5341 -0.0773831 -11.0858 1.71372 1.67293 -11.1238 1.71861 1.49085 -11.1741 1.82466 1.65452 -11.1067 1.68002 1.74634 -11.1262 1.71992 1.57306 -11.1439 1.76612 1.62436 -11.1198 2.54668 0.225288 -11.1279 2.70157 0.710772 -10.9805 2.57001 0.560359 -11.1174 2.5943 1.04338 -11.0023 2.5861 0.399346 -11.1046 2.68723 0.0860714 -10.9911 2.71954 0.244886 -10.9812 2.72792 0.399769 -10.9794 2.72418 0.556611 -10.9772 2.0085 0.430758 -12.1685 1.69646 0.0415361 -11.9406 1.88495 0.580607 -12.0516 1.96266 0.434437 -12.1107 1.90527 0.276614 -12.0692 1.55841 -0.210742 -11.8497 1.74845 0.526602 -11.8411 1.99344 1.6829 -11.8705 1.72937 0.83105 -11.8907 1.67432 0.177311 -11.8001 1.72495 0.288379 -11.8275 1.66356 1.07739 -11.8275 1.76462 1.24812 -11.8523 1.90931 1.60042 -11.746 1.95413 1.83038 -11.7204 1.43394 -0.311624 -11.6851 1.59444 0.843153 -11.7177 2.00416 1.98588 -11.6817 1.38043 -0.59995 -11.5704 1.49194 0.0220897 -11.5545 1.50134 0.644922 -11.557 1.54277 1.04931 -11.67 1.58504 0.471019 -11.6005 1.8138 1.67813 -11.5908 1.55576 0.233681 -11.5902 1.68438 1.4561 -11.5267 1.39903 -0.215544 -11.5875 2.00236 2.07617 -11.5745 1.47806 0.405428 -11.4473 1.78955 1.91582 -11.448 1.47707 1.20359 -11.4835 1.501 -1.00309 -11.4707 2.34272 2.33869 -11.4862 2.3853 2.33178 -11.4451 1.26617 -0.469858 -11.4507 1.65691 1.57213 -11.4369 1.40322 1.0015 -11.4803 1.74174 1.75525 -11.4536 1.40496 1.08305 -11.4665 1.90506 2.11947 -11.3637 2.15388 2.25875 -11.4791 1.33835 0.830101 -11.3829 1.26992 -0.2726 -11.4077 1.72398 1.98506 -11.2883 1.30492 -0.0984051 -11.3659 2.44741 2.23666 -11.4606 2.27505 2.36534 -11.3103 1.19954 -0.583217 -11.3347 1.31791 -0.787425 -11.3809 1.67436 1.89639 -11.2964 1.34058 0.00915045 -11.3489 1.34157 0.200565 -11.3217 1.43191 1.42473 -11.2628 2.42751 2.23799 -11.3823 2.11891 2.30855 -11.2678 1.25282 0.393255 -11.1768 1.29236 0.549218 -11.2704 2.27059 2.09727 -11.3302 2.39564 2.22512 -11.3524 2.29995 2.19801 -11.2507 2.4304 2.2698 -11.3016 2.42855 2.33328 -11.2787 2.38702 2.36729 -11.2861 2.13915 1.39467 -11.224 1.40545 -1.20412 -11.179 1.12871 -0.332241 -11.2187 1.19247 1.01279 -11.1623 1.56178 1.68705 -11.2362 2.12447 2.08298 -11.2679 2.01265 2.24823 -11.2586 1.20005 0.814282 -11.1941 1.13643 0.626857 -11.096 1.17377 1.1928 -11.0832 1.07576 -0.219968 -11.1045 1.22591 -0.0145174 -11.2217 1.23586 1.37974 -11.0646 1.42355 -1.30837 -11.0963 2.33453 2.38977 -11.2315 1.13504 -0.871667 -11.0852 1.12393 -0.687116 -11.1932 1.39344 1.61852 -11.0628 2.24781 1.32757 -11.1996 1.97939 2.00851 -11.2422 2.08899 2.1049 -11.2183 2.20116 2.15434 -11.212 2.33426 2.23998 -11.1775 2.42065 2.2952 -11.186 1.21356 0.454521 -11.1425 1.99618 1.57891 -11.1654 1.05299 -0.485244 -11.1328 1.88829 1.97228 -11.1911 2.39712 2.37043 -11.1845 1.65065 2.05141 -11.0741 1.96947 1.98295 -11.1674 2.02293 2.0491 -11.1746 2.13702 2.13918 -11.1739 2.26741 2.16388 -11.1704 2.24077 2.39666 -11.0483 1.53598 1.91533 -11.0752 1.17264 -1.13914 -10.9281 1.69556 1.84719 -11.1231 1.82385 1.91538 -11.1375 1.85263 1.97238 -11.1292 1.00654 -0.377911 -11.061 2.00514 1.96807 -11.1435 2.13843 2.11067 -11.1529 2.117 1.97473 -11.1383 1.08697 0.0786763 -11.0321 2.25915 2.10709 -11.1324 1.91134 1.63086 -11.1429 2.41584 2.22793 -11.0666 1.91035 2.25039 -11.0296 2.07462 1.63233 -11.1224 2.35798 2.407 -10.989 2.44801 2.27999 -11.0184 2.26291 1.4739 -11.1177 2.41113 1.24385 -11.1057 2.35045 1.36447 -11.1087 2.01036 1.71686 -11.1048 1.86829 1.74592 -11.0704 1.09626 0.327198 -11.0077 1.91233 1.79771 -11.0754 1.74544 1.91545 -11.0898 1.7932 1.98172 -11.106 1.97008 1.90136 -11.1103 1.86152 1.98003 -11.1031 1.09268 0.973506 -11.0213 2.16461 1.73309 -11.0913 1.08446 -0.00506718 -11.0439 2.07818 1.84832 -11.1079 2.25416 1.56803 -11.0914 2.20203 1.85081 -11.0872 2.34399 1.86876 -11.0259 2.34639 2.07881 -11.0736 2.04674 2.32864 -11.0047 2.43812 2.33954 -10.989 1.07144 0.439839 -10.9968 1.84742 1.98353 -11.054 1.77729 2.00695 -11.0089 1.21014 1.58915 -10.8882 2.31485 1.7543 -11.0324 1.68937 1.72389 -11.0367 1.63766 1.72897 -11.0202 1.71555 1.74949 -11.005 1.62247 1.7716 -11.0202 2.42324 1.40305 -11.0377 2.34845 1.5231 -11.0532 1.66632 1.85892 -10.9832 1.71531 1.97049 -10.9665 1.84821 1.90924 -11.0165 1.03082 -0.733253 -11.0247 0.917126 -0.484852 -10.9566 1.81522 1.98902 -10.9914 1.57202 2.06778 -10.9133 0.898441 -0.229899 -10.8849 1.44855 1.89442 -10.9752 2.45043 2.00534 -10.9483 2.29438 2.43306 -10.8363 1.1989 -1.29078 -10.8201 1.70942 1.83813 -10.9411 0.992214 -1.00662 -10.7837 0.982487 0.790138 -10.8883 0.908466 0.0410424 -10.8261 1.54992 1.7229 -10.95 1.58404 1.83534 -10.9438 2.43966 1.56317 -10.9807 2.42368 1.743 -10.9686 2.66981 0.869748 -10.9795 1.5741 1.71885 -10.9249 1.61911 1.92516 -10.903 1.44273 1.97772 -10.8811 0.920296 -0.788649 -10.8327 1.73866 1.91552 -10.9077 1.65269 1.93763 -10.9384 1.76781 1.97051 -10.9441 1.79165 2.23654 -10.8229 0.939045 0.346464 -10.8116 2.48448 2.1398 -10.8983 2.12936 2.37963 -10.8651 2.48286 2.35233 -10.8946 0.966366 1.11035 -10.8191 1.10187 1.35273 -10.908 1.2373 1.7984 -10.801 1.58683 1.80909 -10.9067 1.61689 1.83425 -10.881 1.18973 1.86669 -10.6949 1.65052 1.87465 -10.8395 1.69413 1.96205 -10.9008 2.50723 1.76133 -10.8966 2.66984 1.26302 -10.8668 2.56559 1.49775 -10.8933 2.78702 1.01727 -10.8407 1.5881 1.90606 -10.8268 1.66076 1.93387 -10.8516 0.75378 -0.63843 -10.6701 0.890209 0.909659 -10.7543 0.787605 -0.419021 -10.7744 2.5343 1.92756 -10.8463 2.54539 2.13255 -10.7664 2.49044 2.23325 -10.8157 1.0537 1.62549 -10.6897 2.40854 2.39867 -10.8516 1.21937 1.96281 -10.6331 1.93025 2.33969 -10.6211 0.917263 1.22112 -10.7185 0.760586 0.096406 -10.6336 2.44661 2.35085 -10.7977 2.36042 2.44187 -10.7722 2.60822 1.70314 -10.8128 2.7126 1.38702 -10.7983 2.88793 0.403227 -10.8473 2.88418 0.580698 -10.8413 2.84973 0.854964 -10.8282 2.88316 0.232053 -10.8487 2.64837 1.84374 -10.7333 2.26036 2.43376 -10.7258 2.45453 2.30564 -10.7816 0.793144 -0.148278 -10.7264 1.46483 2.10262 -10.6985 1.63846 2.20511 -10.687 0.749912 0.62464 -10.575 2.5079 2.32465 -10.6652 0.836983 1.38905 -10.5308 2.43159 2.39686 -10.7408 2.48884 2.35913 -10.7317 2.68898 1.92588 -10.6419 2.55231 2.27662 -10.5954 2.12035 2.41725 -10.5465 2.36013 2.43797 -10.6118 2.4384 2.40072 -10.5854 0.718945 -0.873095 -10.4763 0.658546 -0.406895 -10.598 2.7528 1.71447 -10.6652 3.04853 0.55637 -10.7145 3.05286 0.403529 -10.7217 3.19154 0.532932 -10.6123 3.04853 0.712674 -10.6956 3.11533 0.707723 -10.6469 2.94326 1.0187 -10.7157 3.04808 0.86546 -10.6696 3.04682 0.245606 -10.7262 2.89241 1.302 -10.6762 2.85873 1.50878 -10.6379 2.63824 2.11446 -10.5754 0.714603 0.924587 -10.5082 0.835365 -1.09658 -10.4913 0.576641 -0.260552 -10.4708 0.68779 0.415114 -10.4968 1.53369 2.23421 -10.503 1.7634 2.30363 -10.5221 2.85011 1.84585 -10.4958 2.82607 1.68937 -10.6025 0.687988 1.17787 -10.4126 0.8293 1.78905 -10.3071 1.16254 2.11234 -10.3351 2.5311 2.35635 -10.4653 2.29511 2.46088 -10.4279 2.71127 2.07697 -10.4767 2.83187 1.96053 -10.428 0.523827 -0.508719 -10.3869 2.59502 2.22747 -10.4503 2.92974 1.64353 -10.5222 3.35228 0.821698 -10.4466 3.20321 1.02442 -10.5143 3.04395 1.25248 -10.5727 3.14572 1.1878 -10.5158 3.06131 1.46335 -10.4903 0.525787 -0.669028 -10.3115 0.705254 1.59165 -10.2577 0.452908 0.0500422 -10.2587 1.03269 1.94723 -10.4281 1.97262 2.38358 -10.3914 2.45182 2.44094 -10.3419 0.541359 0.843404 -10.2808 2.578 2.2977 -10.3854 2.78727 2.10159 -10.3444 3.49766 0.443843 -10.3965 3.45126 0.638162 -10.4053 3.0028 1.78088 -10.3836 0.492672 0.476561 -10.254 1.28302 2.25038 -10.1829 1.54479 2.30073 -10.3265 2.43587 2.46345 -10.2915 0.862572 1.92512 -10.2397 0.382675 -0.281838 -10.205 2.06222 2.43065 -10.1372 2.76149 2.2281 -10.2215 3.6396 0.661406 -10.2606 3.61771 0.386285 -10.325 3.49799 1.04065 -10.2922 3.20161 1.64167 -10.2937 3.01718 1.87548 -10.3081 3.22865 1.34241 -10.403 3.15526 1.50311 -10.3978 3.36102 1.18157 -10.3571 0.56041 -1.05674 -10.1292 1.7359 2.38449 -10.1702 2.31183 2.48103 -10.1659 2.52609 2.42056 -10.2779 2.43935 2.48466 -10.207 0.545746 1.30851 -10.1635 0.32225 -0.48098 -10.0926 0.912704 2.08433 -10.0902 2.59612 2.34645 -10.2493 3.06791 1.96739 -10.1915 2.94685 2.10024 -10.1852 0.367619 0.91267 -10.0221 0.275101 -0.344251 -10.0451 2.65225 2.31274 -10.2196 0.364944 0.613347 -10.0695 0.984123 2.20424 -9.95781 0.301506 0.0421175 -10.0673 1.46828 2.32909 -10.1267 2.56352 2.47351 -10.1969 2.64301 2.42768 -10.1793 3.24025 1.79823 -10.1704 3.51855 1.18159 -10.241 3.36114 1.33789 -10.3078 3.6519 1.3437 -10.095 3.46486 1.36042 -10.2222 3.36114 1.49419 -10.2414 3.33484 1.61311 -10.206 0.414799 -1.06001 -9.9194 0.404041 -0.857476 -10.0218 0.626385 1.82198 -10.0164 0.527973 1.69779 -9.9722 1.27227 2.3064 -10.0082 0.680336 1.92979 -9.99112 2.64234 2.51387 -10.0358 2.75392 2.35046 -10.1038 3.14293 2.06532 -10.0481 2.7284 2.45157 -10.0441 3.23906 1.94615 -10.0662 1.5212 2.38501 -9.9348 1.78725 2.42291 -9.98614 0.263161 0.501653 -9.94883 0.427925 1.40516 -9.96503 0.251297 -0.641048 -9.89263 1.08495 2.27295 -9.91154 2.58277 2.53537 -9.96075 3.42039 1.80187 -10.029 3.52337 1.48901 -10.1284 3.49494 1.64275 -10.0715 3.78449 1.62811 -9.88363 1.33913 2.34492 -9.94832 3.07399 2.23633 -9.9462 2.83696 2.52886 -9.88317 0.261162 0.971276 -9.85362 3.50149 1.92495 -9.88808 3.41966 2.07914 -9.82833 0.165089 0.552565 -9.7993 0.298645 1.48209 -9.75253 0.431602 1.71294 -9.83916 0.126156 0.108713 -9.80746 1.92002 2.44669 -9.88169 2.30175 2.50369 -9.81319 2.87283 2.44229 -9.91831 0.618923 2.00986 -9.81439 1.2533 2.36733 -9.77268 2.12193 2.48814 -9.71681 2.49369 2.53702 -9.8254 3.03503 2.42181 -9.78992 2.95595 2.54277 -9.78002 3.70065 1.79632 -9.84306 3.34474 2.24815 -9.739 0.353703 1.81513 -9.6658 0.412243 1.90162 -9.66571 0.161438 -0.505153 -9.80093 0.751904 2.20895 -9.66848 0.0603638 -0.197519 -9.69394 1.67106 2.44761 -9.72069 2.84858 2.56916 -9.80032 0.818645 2.28841 -9.56269 2.40203 2.52192 -9.60688 0.546532 2.16011 -9.48341 1.0244 2.34993 -9.61107 1.45233 2.43824 -9.62497 2.72912 2.56219 -9.56511 3.1948 2.42972 -9.66065 0.0927315 0.812804 -9.63172 0.260155 1.6691 -9.62977 0.000747681 -0.396911 -9.56395 -0.0174675 0.153428 -9.58367 3.09009 2.54951 -9.6776 3.66402 2.08726 -9.65527 -0.0201912 0.490248 -9.53529 0.125343 1.10908 -9.61709 2.95576 2.58103 -9.65976 3.12486 2.58942 -9.57801 1.21283 2.42797 -9.50515 1.76277 2.49276 -9.4327 3.19873 2.45035 -9.63775 0.170467 1.52904 -9.55533 0.713684 2.30328 -9.38857 3.20057 2.55362 -9.58807 3.36802 2.41533 -9.5982 0.0172195 1.22648 -9.42568 0.316608 2.00206 -9.38982 3.12599 2.59415 -9.50888 -0.137081 -0.0991626 -9.39075 0.513485 2.21685 -9.32911 1.93493 2.5083 -9.4809 2.22629 2.52768 -9.37695 2.59682 2.536 -9.37477 3.41335 2.543 -9.48519 3.28854 2.59452 -9.48782 -0.0868149 0.761954 -9.38122 0.132767 1.75191 -9.39114 1.28077 2.48327 -9.25649 -0.159092 0.129704 -9.36315 -0.278683 0.477655 -9.1392 3.35511 2.61781 -9.33741 3.08344 2.57445 -9.20707 -0.0235252 1.5709 -9.2523 0.196827 1.90419 -9.3344 1.67048 2.51218 -9.28469 -0.16246 1.12157 -9.1935 0.876163 2.42096 -9.16845 0.943508 2.46111 -9.0718 1.86405 2.54882 -9.06357 2.75444 2.54324 -9.22259 -0.161007 1.36581 -9.12659 0.0794106 1.8505 -9.20569 2.33689 2.54407 -9.16169 0.630104 2.37997 -8.99867 0.424919 2.26429 -9.03636 -0.0843811 1.69261 -9.07618 0.132782 2.03318 -9.05362 -0.178612 1.48311 -9.04719 -0.0292206 1.9325 -8.92317 0.222351 2.17033 -8.92874 -0.351814 1.21416 -8.87959 -0.160133 1.75301 -8.88401 -0.293072 1.54269 -8.80705 -0.123032 1.90263 -8.7768 -0.317581 1.68819 -8.60352 8.07331 -1.29262 -10.8832 8.14634 -1.2563 -10.8767 8.11635 -1.30939 -10.849 8.04708 -1.21437 -10.8938 8.15108 -1.16397 -10.8781 8.12576 -1.07181 -10.8575 8.15131 -1.28622 -10.8138 8.20038 -1.18491 -10.8105 8.03819 -1.08905 -10.7906 8.18765 -1.03504 -10.8449 8.20656 -0.951069 -10.8148 7.92585 -1.28173 -10.8253 7.90647 -1.23665 -10.8133 7.85521 -1.29672 -10.7958 7.92924 -1.31395 -10.7772 8.17205 -0.855691 -10.7593 8.21449 -0.845049 -10.7746 8.231 -1.04041 -10.779 8.24984 -0.935337 -10.7743 8.26206 -0.740892 -10.7392 8.22918 -0.663746 -10.7259 7.74443 -1.27101 -10.7331 7.85238 -1.02003 -10.6399 8.06839 -1.28886 -10.7361 8.19466 2.17388 -10.7843 8.18478 2.03295 -10.7511 8.11485 2.13938 -10.7689 7.99678 2.29346 -10.7578 8.08336 2.29056 -10.7833 8.07111 2.23433 -10.7567 8.13645 -1.18843 -10.6729 8.10587 2.34806 -10.7865 8.28072 2.00916 -10.7499 8.2519 1.99895 -10.7502 8.24361 2.20989 -10.7525 8.0881 -0.915164 -10.7135 7.93139 2.38971 -10.7413 8.07663 2.40014 -10.7539 8.15082 2.36842 -10.7363 7.78064 -1.32107 -10.7056 7.66994 -1.32106 -10.6886 7.93828 -1.27763 -10.6899 8.17399 1.98132 -10.7188 8.03123 2.11827 -10.659 8.18914 1.8948 -10.6893 8.28725 1.88797 -10.6954 8.31895 1.98568 -10.6993 8.20313 -1.06089 -10.7058 8.27442 2.1781 -10.6914 8.25571 -0.907429 -10.7057 8.27586 -0.799922 -10.6972 7.80505 2.33938 -10.6878 7.91349 2.23562 -10.6853 8.13256 -0.688837 -10.6428 8.07246 2.40231 -10.7073 7.94283 2.41797 -10.7058 8.22963 -0.589673 -10.6877 8.28323 -0.46913 -10.6622 8.29475 -0.560065 -10.6777 7.51248 -1.2775 -10.6133 7.6433 -1.17504 -10.6047 7.71337 -1.32092 -10.6463 8.11391 1.97851 -10.6391 8.03513 -1.18701 -10.632 7.93978 2.12544 -10.6115 8.28262 1.73625 -10.6584 8.24416 1.7934 -10.6686 8.14858 -1.12306 -10.6519 8.21545 -0.922048 -10.6496 8.29917 2.02343 -10.6281 7.95472 -0.877497 -10.6127 8.15674 2.25657 -10.6388 7.75423 2.39477 -10.6479 7.82475 2.42452 -10.6463 7.88257 2.4221 -10.6462 8.04612 2.36902 -10.6523 8.30527 -0.60831 -10.6424 8.19176 1.80154 -10.632 8.06979 1.93313 -10.59 7.79036 -1.23834 -10.5878 8.28202 1.60183 -10.6245 8.24535 1.6701 -10.6326 8.33481 1.5934 -10.6101 8.33373 1.74804 -10.6201 8.32806 1.84329 -10.5939 7.71399 2.29202 -10.5933 7.65583 2.35457 -10.5926 8.06544 -0.702376 -10.5938 8.24342 -0.46478 -10.6497 8.21127 -0.765689 -10.5787 8.29065 -0.61733 -10.5956 8.31842 -0.485796 -10.6311 8.28997 -0.318978 -10.6403 8.24746 -0.259923 -10.6155 8.32603 -0.350286 -10.631 8.28812 -0.193683 -10.6248 8.2504 -0.139003 -10.6024 8.28531 -0.0373302 -10.6002 8.32595 -0.182302 -10.6027 8.22696 -0.0112972 -10.6061 8.24016 0.157436 -10.5731 8.33369 1.43638 -10.6017 8.28843 1.3749 -10.5702 8.24409 1.60234 -10.5911 8.19247 1.69841 -10.5531 8.02391 1.80662 -10.4836 7.68944 -0.998278 -10.5226 7.78085 2.17533 -10.5108 7.87889 -0.762866 -10.5142 7.58107 2.38998 -10.5522 8.17464 -0.472136 -10.5865 7.75275 2.41343 -10.5515 7.86538 2.39323 -10.5881 7.91948 2.17861 -10.4526 8.33383 -0.405349 -10.5893 8.14839 -0.338351 -10.5329 8.32244 -0.278203 -10.5917 8.29505 0.195238 -10.5616 8.3041 -0.0439607 -10.5486 8.28349 0.607012 -10.5464 8.29661 0.359097 -10.5622 8.24654 0.41978 -10.556 8.2397 0.32354 -10.5685 8.26391 0.948916 -10.5596 8.27733 1.14425 -10.5598 8.31868 0.981511 -10.5502 8.33324 1.27695 -10.5664 8.36318 1.40775 -10.5514 7.89417 -1.03348 -10.4888 7.55407 -1.15746 -10.5339 8.36516 1.50016 -10.5451 8.22082 1.46565 -10.5016 8.34224 1.66631 -10.5352 7.99212 1.91768 -10.5087 8.07243 -0.927892 -10.5417 8.2577 1.97814 -10.5613 7.98291 2.10329 -10.4424 7.96902 -0.623494 -10.5146 7.50846 2.3068 -10.512 8.22633 -0.501181 -10.4794 8.30137 -0.414714 -10.5304 8.32228 -0.365575 -10.5577 8.3238 -0.158944 -10.5562 8.11694 -0.183746 -10.5022 8.10212 -0.0418145 -10.5106 8.29372 0.229393 -10.4901 8.28951 -0.00645358 -10.5034 8.3146 0.373252 -10.5143 8.18806 0.446945 -10.4875 8.24557 0.670912 -10.5317 8.31408 0.575239 -10.5142 8.2852 0.746239 -10.5444 8.32458 0.758752 -10.522 8.28107 0.851069 -10.5369 8.17056 0.936683 -10.4544 8.20649 0.789446 -10.4728 8.32484 0.873706 -10.5052 8.33949 1.0256 -10.5134 8.16748 1.01706 -10.4665 8.2054 1.18783 -10.4771 8.34819 1.17215 -10.5162 8.3458 1.32339 -10.5069 7.91138 -0.553305 -10.4409 7.84969 2.0613 -10.4938 8.28693 -0.231022 -10.4871 8.13086 0.160021 -10.4882 8.26145 1.77561 -10.4824 7.74856 2.37655 -10.5024 8.31107 0.477517 -10.4714 8.17067 0.634752 -10.4555 8.32142 0.755771 -10.4504 8.32489 0.877048 -10.4464 8.34192 1.07772 -10.4718 8.00838 1.26557 -10.3674 8.10013 1.62726 -10.4766 8.32867 1.28363 -10.4549 7.69284 -0.89543 -10.4545 8.32661 1.43925 -10.4554 7.8911 -0.8425 -10.4126 7.81569 -0.700253 -10.4504 7.99356 1.72598 -10.4186 7.99327 -0.502533 -10.366 7.90557 -0.307328 -10.3849 7.56966 2.18318 -10.421 8.21998 -0.325732 -10.4451 7.99681 0.108279 -10.4288 8.06335 0.3087 -10.4309 8.08227 0.3881 -10.4331 8.23376 -0.0338762 -10.4495 8.20921 0.235798 -10.4061 8.28161 0.497467 -10.4223 8.31811 1.06099 -10.426 7.49957 -0.946217 -10.3843 8.03999 1.44172 -10.3847 7.7085 -0.705439 -10.3884 8.25774 1.57054 -10.4044 7.87579 1.81672 -10.3985 7.76062 1.99709 -10.4122 8.02222 1.96115 -10.3931 7.90635 -0.193408 -10.3769 8.10266 0.679594 -10.4062 8.2808 0.762619 -10.3925 8.0207 1.13259 -10.3879 7.5497 -1.1842 -10.4155 7.72182 -0.97825 -10.393 7.62373 -0.95534 -10.3281 7.95249 1.62797 -10.3648 8.26053 1.21622 -10.3804 8.25332 1.42193 -10.3659 7.77347 -0.480047 -10.357 8.03576 -0.347007 -10.3643 8.06715 1.774 -10.353 8.01835 0.568336 -10.3668 7.89594 -0.0465334 -10.4078 8.03511 -0.149838 -10.3678 7.91412 0.208788 -10.3545 8.10135 0.0748986 -10.3727 7.97244 0.394162 -10.3675 8.15822 0.657969 -10.3344 8.21127 1.00946 -10.3448 7.91294 0.995405 -10.3036 7.80088 -0.600761 -10.2955 7.77859 1.73802 -10.3011 8.01398 0.379063 -10.2974 7.7907 -0.0461428 -10.3438 7.9215 0.748463 -10.2961 7.98901 0.894025 -10.3566 7.64935 1.9789 -10.3234 7.80371 1.94734 -10.2742 7.57924 2.38694 -10.4167 7.72608 2.13677 -10.3151 7.83917 0.335877 -10.3 7.61619 -0.670403 -10.3073 7.66599 -0.452203 -10.2797 7.76748 -0.170306 -10.3211 7.85159 -0.336875 -10.2648 7.75768 0.100353 -10.3018 7.91544 -0.0859159 -10.3052 7.91096 0.47157 -10.3117 7.83461 0.90267 -10.2574 7.9123 1.1573 -10.3141 8.12224 1.0896 -10.292 7.87744 1.49485 -10.2837 7.83549 1.63493 -10.3142 8.0602 1.44783 -10.2619 7.67995 1.83992 -10.3008 7.99538 0.764857 -10.2523 7.90383 0.947766 -10.2009 7.81133 1.27559 -10.2485 7.68753 1.61932 -10.2062 7.80439 1.75815 -10.2132 7.8171 0.580326 -10.2644 7.74852 0.973252 -10.2182 7.50796 -0.746386 -10.2783 7.35744 -0.944411 -10.2656 7.57633 -0.566342 -10.2436 7.75395 -0.388964 -10.2243 7.53049 -0.0858983 -10.2176 7.57321 0.0467382 -10.2316 7.87162 0.00992805 -10.2785 7.68015 0.195259 -10.2397 7.79267 0.244276 -10.2053 7.36689 -0.799099 -10.2154 7.45196 -0.673777 -10.2174 7.41595 -0.874551 -10.1568 7.57044 -0.405972 -10.214 7.58137 -0.225846 -10.2293 7.52424 -0.159702 -10.2088 7.76553 -0.00191192 -10.2392 7.79085 0.769246 -10.2159 7.83765 0.50273 -10.1855 7.71022 0.410806 -10.2187 7.74032 1.17691 -10.228 7.88321 1.3252 -10.184 7.64509 1.45921 -10.1508 7.61803 1.75698 -10.2079 7.47998 1.98138 -10.2058 7.58968 1.97314 -10.1542 7.63013 1.28439 -10.1512 7.88674 1.10176 -10.189 7.83045 1.47599 -10.1708 7.5212 -0.599618 -10.1285 7.5782 -0.362861 -10.1277 7.69627 0.613925 -10.1696 7.66642 -0.293052 -10.183 7.67005 0.0663166 -10.1881 7.56746 -0.0996457 -10.1503 7.55324 0.216914 -10.1836 7.83247 0.79631 -10.1615 7.72489 0.707612 -10.1062 7.60186 0.862484 -10.1199 7.57334 1.07722 -10.1124 7.61882 1.17152 -10.0667 7.31825 -0.723742 -10.1283 7.70486 1.59413 -10.1207 7.39663 -0.566299 -10.1313 7.47013 -0.410168 -10.1589 7.44218 -0.278812 -10.1394 7.44078 0.0206592 -10.1609 7.44565 0.259696 -10.1017 7.55585 0.628125 -10.0869 7.65512 0.95796 -10.0842 7.65133 1.3269 -10.0715 7.52893 1.60274 -10.0948 7.4987 1.69064 -10.0956 7.35992 -0.0783119 -10.105 7.47668 0.383956 -10.076 7.64345 0.457323 -10.0937 7.4216 -0.39413 -10.04 7.42653 -0.013111 -10.0745 7.5798 0.248981 -10.1124 7.50285 1.44835 -10.0621 7.53918 0.663428 -10.0135 7.4707 0.543254 -9.98714 7.51535 1.23634 -10.0611 7.22008 -0.588279 -10.0446 7.30564 -0.460483 -10.0568 7.30246 -0.383554 -10.0494 7.49614 0.758896 -10.0397 7.31561 -0.197098 -10.0524 7.50393 0.981713 -10.0607 7.36813 -0.166013 -10.0303 7.3057 0.0968691 -10.0859 7.34184 0.257284 -10.0476 7.38879 0.134531 -10.029 7.43319 1.84198 -10.009 7.44001 1.15137 -10.0269 7.35038 1.66222 -10.0224 7.53085 0.764715 -10.0125 7.53974 0.886468 -10.0127 7.51025 1.35414 -9.9842 7.30869 1.80648 -10.0422 7.30213 -0.569265 -9.99086 7.47404 0.528728 -10.0586 7.23341 -0.0988044 -10.0453 7.4763 1.63172 -9.986 7.44061 0.355202 -10.0026 7.40707 0.853411 -10.0055 7.33512 0.94859 -9.96361 7.50699 1.10851 -9.99746 7.39374 1.45102 -9.99059 7.22742 1.24561 -9.89501 7.35148 1.5276 -9.98088 7.17217 -0.446072 -9.9686 7.18153 -0.344659 -9.96525 7.29561 -0.293793 -9.97793 7.15955 -0.160946 -9.98746 7.18732 0.0463968 -10.0206 7.27129 0.457462 -9.98126 7.31411 0.602746 -9.96127 7.36576 0.753671 -9.99269 7.40499 0.761131 -9.93291 7.18769 1.09963 -9.88492 7.23462 0.258475 -9.98384 7.09263 0.0567073 -9.96686 7.23016 -0.0704431 -9.96126 7.31052 0.316369 -9.94721 7.24384 0.821702 -9.9151 7.36691 0.606179 -9.92258 7.37344 1.06186 -9.91082 7.29794 1.20462 -9.86864 7.27183 1.41855 -9.92371 7.18763 1.60521 -9.89569 7.37687 1.38569 -9.90784 7.11498 -0.368672 -9.92558 7.03526 -0.340851 -9.88819 7.12463 0.378278 -9.92356 7.1687 0.536837 -9.91347 6.99934 -0.148764 -9.91317 6.9762 0.0047829 -9.90561 7.13317 -0.312967 -9.88973 7.03155 0.212849 -9.92135 7.13399 0.0827904 -9.90396 7.2379 0.656563 -9.85775 7.17608 0.446092 -9.86067 7.12325 0.927432 -9.86023 7.21545 0.891035 -9.82576 7.21505 1.0214 -9.81762 7.152 -0.415897 -9.8957 7.03972 -0.582847 -9.92202 7.03912 -0.409768 -9.88506 6.99779 -0.131436 -9.8453 6.91412 -0.0953266 -9.8904 6.94508 0.329263 -9.89335 7.0043 0.50182 -9.86151 7.04333 0.711694 -9.82559 7.09632 1.23313 -9.82965 7.14636 1.35802 -9.86515 6.89961 -0.415615 -9.81011 6.85695 -0.310007 -9.81136 7.10332 1.44017 -9.84651 7.16885 1.59963 -9.81299 6.79675 0.0317583 -9.83525 6.78588 0.163194 -9.82535 6.84331 0.269508 -9.82327 6.7734 0.3761 -9.78473 6.91219 0.103956 -9.79925 6.93454 0.837437 -9.78225 7.0242 1.12942 -9.81836 7.14881 1.17247 -9.78175 6.99168 1.28897 -9.77876 7.21738 1.34989 -9.81685 6.68371 -0.150146 -9.78097 6.79761 0.58398 -9.77845 6.95715 0.495856 -9.75754 6.78773 0.75803 -9.75109 6.94286 0.7191 -9.71327 6.8653 0.931554 -9.75017 6.73111 -0.358391 -9.7547 6.59404 0.00297449 -9.74736 6.69713 0.2568 -9.7898 6.65051 0.364834 -9.74635 6.71016 0.889194 -9.69957 6.99101 0.955545 -9.72677 6.93454 1.22461 -9.68 6.98129 1.41319 -9.69872 6.58345 0.484846 -9.70917 6.57307 0.118194 -9.73793 6.56432 0.288257 -9.70231 6.76418 0.195075 -9.72846 6.53037 0.545219 -9.68487 6.66605 0.670922 -9.69421 6.7534 0.644803 -9.65683 6.77412 0.418353 -9.70167 6.59642 0.814706 -9.68795 6.34869 0.103219 -9.65349 6.41288 0.260898 -9.66787 6.41554 0.395988 -9.66887 6.28133 0.431981 -9.61763 6.66625 0.497555 -9.65471 6.75725 0.835572 -9.6422 6.71884 1.09263 -9.61396 6.69451 0.872056 -9.61568 7.67743 2.42144 -10.5672 7.47491 2.35276 -10.5072 7.56092 2.42832 -10.5155 7.64565 2.42175 -10.5082 7.42337 2.42428 -10.4664 7.51557 2.43941 -10.4447 7.3965 2.30628 -10.4109 7.32692 2.43474 -10.3981 7.40889 2.44711 -10.4164 7.31368 2.33931 -10.3805 7.44645 2.43239 -10.3902 7.46441 2.12249 -10.2738 7.19181 2.3847 -10.3424 7.25405 2.43107 -10.3705 7.33487 2.45212 -10.3597 7.20861 2.46075 -10.3045 7.29993 2.2123 -10.2619 7.0941 2.42866 -10.2957 7.40602 2.36751 -10.2863 7.24911 2.44057 -10.2701 7.52517 2.20635 -10.2291 7.03049 2.38176 -10.2651 7.08489 2.46829 -10.26 3.66141 1.01048 -10.1817 7.29081 2.07662 -10.1601 6.88005 2.43472 -10.1959 6.87804 2.47427 -10.1845 7.14925 2.45914 -10.2284 7.13873 2.17798 -10.1335 6.90867 2.3555 -10.1744 7.0505 2.47397 -10.1918 7.25965 2.27196 -10.1102 6.98662 2.25092 -10.1158 7.42431 2.09515 -10.102 7.07895 2.32532 -10.045 6.84936 2.49088 -10.1322 7.2924 1.95298 -10.1107 7.18756 2.03692 -10.058 6.73947 2.34741 -10.0931 6.69762 2.47254 -10.0945 6.84358 2.46974 -10.0617 3.79177 0.886563 -10.1169 3.85513 0.596449 -10.1266 3.88529 1.14341 -10.0023 3.69051 1.18025 -10.1201 7.02504 2.13134 -10.0674 6.59302 2.42914 -10.0353 6.88166 2.22885 -10.0484 6.69479 2.50475 -10.0521 7.18509 1.91627 -9.9903 6.55233 2.46825 -10.0067 6.70097 2.26107 -9.94962 6.90514 2.34073 -9.94795 4.00368 0.80482 -10.0043 3.82439 1.33856 -9.98201 6.96196 2.09306 -9.96292 7.02596 2.02934 -9.96642 7.09103 2.12478 -9.91387 6.52305 2.34747 -9.96244 6.57574 2.49995 -9.974 6.76442 2.09859 -9.84674 7.12788 1.71657 -9.90792 6.90527 2.2177 -9.85901 6.45912 2.40696 -9.96276 6.47943 2.50286 -9.94724 6.65416 2.44936 -9.9174 4.09949 0.92106 -9.92374 4.22787 0.628762 -9.92017 6.86929 2.05479 -9.89064 7.02937 1.86349 -9.89128 7.17439 1.78386 -9.84269 6.34958 2.38333 -9.86185 6.414 2.49075 -9.9352 6.61577 2.26811 -9.89787 6.94538 1.8271 -9.81394 6.99842 1.99282 -9.80668 6.45847 2.28292 -9.815 6.33706 2.46612 -9.89073 6.32271 2.51131 -9.83847 6.43785 2.50935 -9.8818 6.48179 2.46143 -9.82395 3.80642 1.50982 -9.92625 3.98992 1.33688 -9.87107 4.13179 1.17086 -9.82875 7.03473 1.64236 -9.84369 6.62176 2.12652 -9.80707 6.21539 2.45887 -9.83177 6.23145 2.5061 -9.81324 6.99749 1.35699 -9.77726 6.9826 1.53722 -9.78161 7.07949 1.48594 -9.7527 6.78218 1.96815 -9.79313 6.54697 2.35412 -9.7559 6.29408 2.45898 -9.70843 4.35852 0.859803 -9.77844 4.44069 0.67021 -9.78679 3.73005 1.97063 -9.71296 4.60823 0.442349 -9.75006 6.03276 2.43603 -9.73621 6.25525 2.21823 -9.66066 6.08755 2.47211 -9.76976 6.17963 2.51401 -9.73682 6.80667 1.81332 -9.75074 6.54702 2.14162 -9.74553 6.58416 1.92595 -9.66571 6.70279 2.07922 -9.67161 6.9428 1.77841 -9.71974 6.79347 1.0828 -9.72164 6.82267 1.40144 -9.69736 6.85065 1.47455 -9.71927 6.76637 1.62649 -9.68165 6.6908 1.87101 -9.69305 6.04003 2.38824 -9.70614 6.05951 2.51911 -9.72094 5.98083 2.51243 -9.69874 6.5279 2.04522 -9.68412 6.39082 2.17309 -9.69249 6.65399 2.1833 -9.69335 4.33955 1.16184 -9.68905 4.48159 0.98727 -9.64987 3.92221 1.77667 -9.71826 3.87835 1.94507 -9.64977 4.04753 1.70752 -9.67851 4.18756 1.3204 -9.73918 3.98635 1.49419 -9.81348 4.13105 1.49061 -9.7181 6.61964 1.12652 -9.65964 6.77297 1.29408 -9.67895 6.85548 1.6669 -9.65613 6.6568 1.74587 -9.65521 6.74157 1.90775 -9.64434 6.43611 2.0584 -9.65993 3.58168 2.24287 -9.56344 5.95409 2.46902 -9.70229 5.85339 2.5173 -9.64538 6.03416 2.51747 -9.65064 6.269 0.633339 -9.6045 6.54992 0.746376 -9.66943 6.35791 0.768906 -9.60535 6.50614 0.975764 -9.63568 6.8264 1.25539 -9.62815 6.68534 1.51955 -9.62444 6.83291 1.40515 -9.62623 5.83484 2.42143 -9.62657 5.73267 2.47324 -9.58796 5.94067 2.52923 -9.64014 6.12464 2.2156 -9.57195 6.22997 2.11615 -9.56319 6.42933 2.22333 -9.58587 6.23899 2.28912 -9.52701 4.04651 1.9241 -9.56963 4.77457 0.632064 -9.5984 4.62968 0.843265 -9.60781 6.00776 2.23243 -9.52511 5.74397 2.39394 -9.55757 5.80748 2.53726 -9.58745 5.98658 2.48262 -9.57147 6.39043 0.900522 -9.59382 6.21201 0.314288 -9.60284 6.42474 1.18596 -9.57742 6.55705 1.26973 -9.59064 6.67346 1.34997 -9.55147 6.63943 1.45232 -9.5952 6.5904 1.64138 -9.59885 6.49636 1.80548 -9.58536 6.75441 1.6964 -9.60718 6.59758 1.90077 -9.5628 6.40893 1.98858 -9.62015 6.36051 2.07883 -9.61791 6.49258 2.06487 -9.55133 6.29767 1.97008 -9.54715 5.7248 2.31812 -9.46685 5.65168 2.51187 -9.55714 5.77709 2.50781 -9.49661 6.27013 0.910305 -9.55935 6.32505 1.06864 -9.58147 3.49213 2.4153 -9.52763 6.57994 1.16546 -9.55694 6.48899 1.48105 -9.54009 6.47712 1.61563 -9.52903 6.42321 1.81439 -9.54844 6.64627 1.73267 -9.55933 3.95524 2.05046 -9.54757 3.8287 2.22366 -9.49361 4.88813 0.459968 -9.58729 4.56632 1.13466 -9.52956 4.33121 1.57477 -9.53924 4.23178 1.73441 -9.54568 4.41157 1.31398 -9.58017 6.08764 0.72252 -9.52668 6.11918 0.862045 -9.53364 6.17617 1.11606 -9.5208 6.28687 1.28453 -9.48735 6.12497 2.17705 -9.54572 5.56144 2.45285 -9.52469 5.70894 2.5402 -9.52819 5.63651 2.54301 -9.51362 5.98095 2.3742 -9.46351 6.44712 1.31132 -9.53421 3.50661 2.51203 -9.46071 6.08863 0.607084 -9.54948 6.07876 0.342685 -9.54552 5.91303 0.405512 -9.5102 6.64825 1.56909 -9.5342 6.5803 1.65309 -9.51021 6.39827 1.70815 -9.527 5.87886 0.322497 -9.49943 6.00463 0.70041 -9.50604 6.00177 0.910133 -9.48236 6.11548 0.968544 -9.51571 5.90729 1.13746 -9.46544 6.05265 1.18006 -9.47423 4.01135 2.17122 -9.44775 6.20311 1.85092 -9.45566 5.8854 2.21623 -9.46341 6.17653 1.99906 -9.50088 6.08881 2.0753 -9.51236 5.47652 2.505 -9.49656 5.51285 2.41719 -9.48279 5.54636 2.54596 -9.46641 6.40807 0.717816 -9.54803 6.4456 1.16898 -9.51266 6.21095 0.724485 -9.48818 6.53642 0.770275 -9.57494 5.84714 0.598707 -9.47571 6.55067 1.42022 -9.49079 6.38659 1.48016 -9.50531 6.27304 1.60292 -9.45536 6.5043 1.55858 -9.46318 6.47383 1.76522 -9.46832 6.46668 1.97133 -9.50793 6.17268 2.16498 -9.42344 4.23503 1.92872 -9.45856 4.9827 0.56985 -9.49361 4.78258 0.842213 -9.5025 4.6972 1.06313 -9.45682 5.74709 0.620628 -9.44334 5.8974 0.798539 -9.49525 5.84614 0.918086 -9.45719 5.79248 0.787925 -9.4367 5.83921 1.0523 -9.44995 6.11756 0.957901 -9.44211 6.29232 1.216 -9.45212 6.08369 1.32046 -9.43908 6.21038 1.39762 -9.43942 6.29771 1.51414 -9.44756 3.85767 2.37407 -9.39203 6.21801 1.6992 -9.4249 6.14608 1.90896 -9.43954 6.01411 2.10983 -9.46624 3.66765 2.40842 -9.45097 5.42564 2.52639 -9.46126 5.56861 2.51622 -9.40759 6.39922 1.30455 -9.45064 6.3227 1.5699 -9.38641 6.31155 1.87885 -9.40857 6.17158 2.04526 -9.37511 5.59074 0.628519 -9.38492 5.71278 0.755991 -9.42484 5.68585 0.374326 -9.43281 5.76871 0.913272 -9.42002 5.97391 0.68167 -9.42064 5.91289 1.24725 -9.40551 3.50373 2.61593 -9.31799 6.08234 1.08504 -9.42594 6.08792 1.25346 -9.37626 3.69982 2.44939 -9.38521 6.09638 1.425 -9.38276 6.1449 1.52378 -9.4131 5.74023 0.509339 -9.44007 5.65729 0.461427 -9.42164 5.65356 0.570604 -9.43069 5.63374 2.27383 -9.39382 5.79597 2.12564 -9.38544 6.03428 1.93287 -9.38898 5.32552 2.47089 -9.41782 5.41652 2.39971 -9.42033 5.38955 2.5507 -9.39779 5.69644 2.3726 -9.32207 6.40332 1.47519 -9.42498 4.46752 1.74431 -9.38572 4.41938 1.89326 -9.36599 4.27747 2.11681 -9.33125 4.80797 0.975076 -9.41155 4.95873 0.784642 -9.41122 4.8976 0.861913 -9.40848 4.48779 1.49641 -9.44754 4.62688 1.36368 -9.36921 5.748 0.878012 -9.34966 5.93478 1.02766 -9.39038 5.70924 1.09358 -9.3888 5.7671 1.19485 -9.40254 5.70589 1.30746 -9.32306 6.17262 1.39058 -9.34292 6.0877 1.60138 -9.36014 4.02163 2.33659 -9.3283 3.58322 2.59158 -9.31815 3.66478 2.50948 -9.31648 6.09454 1.67996 -9.37305 5.17784 0.649547 -9.33893 6.22567 1.74079 -9.34802 5.22939 0.443528 -9.38733 5.9307 2.0132 -9.36381 5.58907 0.500429 -9.39257 5.575 0.814343 -9.37891 5.53831 0.96697 -9.3565 5.86641 2.28975 -9.34326 5.30226 2.42797 -9.37764 5.11577 2.46764 -9.32691 5.20798 2.51303 -9.36981 5.29671 2.54562 -9.36681 5.49408 2.33618 -9.38377 5.55344 2.44431 -9.31656 5.49405 0.335734 -9.33992 5.69817 1.01278 -9.3271 5.52779 1.07218 -9.35187 5.47691 0.903436 -9.31893 5.52285 1.23472 -9.32431 5.85057 1.21004 -9.32644 5.922 1.39891 -9.32309 6.0475 1.48321 -9.333 6.16685 1.59406 -9.31749 3.80918 2.56025 -9.27011 5.62073 2.2044 -9.3154 5.99824 1.73304 -9.33274 5.96746 1.89741 -9.32336 5.0091 0.899439 -9.29276 5.32473 0.440292 -9.33625 6.10216 1.83927 -9.30145 5.85453 1.98321 -9.32583 5.48591 0.446046 -9.34391 5.52052 0.588801 -9.34244 5.49314 0.715253 -9.33435 5.74432 2.19797 -9.23378 5.30101 0.329185 -9.35813 5.38541 0.385687 -9.33455 5.16875 2.42746 -9.3216 5.28876 2.26831 -9.24244 5.37865 2.33564 -9.32062 5.19798 2.55927 -9.29233 5.12813 2.55598 -9.32161 5.30199 2.51707 -9.27761 4.93105 1.03948 -9.25205 4.57669 1.65731 -9.33083 5.33594 1.08437 -9.24492 5.3711 1.21167 -9.26289 5.54648 1.16574 -9.2598 5.74747 1.44802 -9.2537 5.88204 1.50252 -9.27196 5.9418 1.59757 -9.28365 5.96585 1.44357 -9.25156 5.02351 2.42454 -9.28844 4.97254 2.5088 -9.29 4.8336 1.29541 -9.18889 5.44807 0.497046 -9.29584 5.37425 0.51359 -9.27117 5.31389 0.614468 -9.23625 5.90266 1.7074 -9.29053 5.89744 1.79567 -9.27981 5.24267 0.764072 -9.2273 5.74266 1.98791 -9.25573 5.97323 2.00884 -9.26884 5.57744 0.830703 -9.28794 5.53811 1.0779 -9.26844 5.59298 1.28518 -9.22997 5.60088 1.3981 -9.22767 5.85189 1.48598 -9.25841 5.83401 1.64135 -9.26791 6.05701 1.54575 -9.2709 5.95171 1.74213 -9.21908 3.64548 2.62272 -9.25896 3.87651 2.62332 -9.16907 4.73912 1.3841 -9.23805 4.76054 2.50613 -9.22246 4.87505 2.46904 -9.24729 4.85354 2.54964 -9.25018 5.02735 2.57183 -9.23955 5.62888 2.11496 -9.27292 5.40304 2.19318 -9.22604 5.36652 0.628484 -9.22615 5.53785 2.14677 -9.23959 5.32413 0.791962 -9.22483 5.74444 1.8882 -9.23821 5.13209 0.90325 -9.20277 5.33442 0.9157 -9.22065 5.48722 0.94538 -9.23565 5.49312 0.771384 -9.24113 5.42104 2.3783 -9.19506 4.48298 2.00572 -9.28618 4.49305 2.16947 -9.18395 4.59262 1.8496 -9.28227 4.73922 1.72578 -9.21128 4.59428 2.02456 -9.22956 4.66328 1.49466 -9.28988 4.77232 1.55542 -9.18106 5.72751 1.57545 -9.21046 4.24578 2.31354 -9.1941 4.76928 2.05681 -9.15242 3.55452 2.64276 -9.17927 4.07992 2.52228 -9.13728 5.01496 1.01135 -9.16582 4.81177 1.3404 -9.17009 4.7636 1.44132 -9.17206 4.82033 2.58116 -9.20906 5.58663 1.97204 -9.20646 5.45227 2.1029 -9.18408 5.77558 1.76028 -9.20897 5.38742 0.860518 -9.15209 5.41259 1.37254 -9.19047 5.30702 1.30977 -9.18487 5.42869 1.17037 -9.21446 5.6192 2.10441 -9.1334 5.09809 2.28484 -9.1953 5.00423 2.56593 -9.19269 5.83556 1.53879 -9.1886 5.66312 1.50538 -9.14236 4.38766 2.3445 -9.08057 4.22787 2.45056 -9.0666 5.08779 0.949924 -9.16084 5.0107 1.12179 -9.11878 4.53183 2.51139 -9.14445 4.65908 2.46428 -9.17616 4.69643 2.56114 -9.19232 4.87416 2.35701 -9.15417 5.01009 2.2986 -9.15011 5.61834 1.62714 -9.17546 5.57392 1.75027 -9.15329 5.24553 0.895165 -9.1617 5.17398 2.12576 -9.12711 5.36657 2.11998 -9.1421 5.31609 1.15478 -9.14206 5.46405 1.9572 -9.1277 5.28574 1.21075 -9.19365 5.19683 1.00165 -9.16014 5.7896 1.72963 -9.14919 5.74651 1.9566 -9.15474 5.37816 1.31591 -9.14424 5.53724 1.4366 -9.19544 5.42817 1.49982 -9.15068 5.47289 1.52289 -9.16707 5.06794 2.45815 -9.08116 4.82314 1.90462 -9.12969 4.87677 1.59162 -9.11112 4.86423 2.03386 -9.10336 4.69397 2.16349 -9.14529 4.08188 2.60515 -9.06317 3.73503 2.65625 -9.14829 4.74443 2.35101 -9.13047 4.52757 2.47395 -9.12506 4.52579 2.55235 -9.13263 4.79468 1.49759 -9.1182 4.68168 2.58645 -9.14087 4.8022 1.37227 -9.118 4.77767 2.58096 -9.13441 5.15566 0.958396 -9.15835 5.53568 1.57838 -9.15325 5.51275 1.6648 -9.1431 5.28958 2.06208 -9.09381 5.20221 1.11685 -9.12686 5.13335 1.20845 -9.1155 5.11985 1.33778 -9.09168 5.21553 1.37962 -9.10387 5.46704 1.50832 -9.07876 5.39554 1.61953 -9.13552 5.59706 1.68109 -9.07658 4.92065 1.68759 -9.07836 4.5449 2.26595 -9.07525 4.77967 2.23842 -9.13007 4.69886 2.26756 -9.09593 4.89675 2.29393 -9.11675 5.01439 2.23208 -9.0816 3.48235 2.63991 -8.98972 5.07411 0.988668 -9.0643 5.10573 0.950902 -9.07049 5.05963 1.03777 -9.09199 3.98039 2.63989 -9.05786 4.6385 2.35243 -9.06763 4.9555 1.23208 -9.07981 4.55832 2.58202 -9.10018 4.76394 1.43205 -9.0881 4.85506 1.50402 -9.05356 4.91296 1.52267 -9.07503 4.88444 2.51976 -9.06395 5.41561 1.73111 -9.06443 5.12629 0.987475 -9.07794 5.24041 1.03164 -9.06145 5.04305 1.13163 -9.10169 5.13396 1.16731 -8.99262 5.42638 2.19895 -9.07241 5.36751 1.52502 -9.09548 5.25985 2.35119 -9.09163 5.59256 1.80728 -9.06383 5.28407 1.59343 -9.0559 5.16098 1.56284 -9.09284 5.18426 1.65198 -9.06658 5.3134 1.66847 -9.09798 4.88935 1.85596 -9.0439 4.62091 2.26822 -9.02557 4.96923 2.18853 -9.06731 5.06257 2.16691 -9.03174 4.16302 2.55907 -9.0776 4.40389 2.39068 -9.05653 3.70755 2.66157 -9.01161 4.28455 2.49052 -9.06843 4.35516 2.55868 -9.07827 3.89083 2.65367 -8.99936 4.41634 2.43479 -9.0675 4.89528 1.32696 -9.02285 4.41142 2.58958 -9.05942 4.75347 1.38122 -9.05916 4.78945 1.48594 -9.04959 4.96954 1.57599 -9.09393 5.12634 1.41436 -9.09138 5.0466 1.44014 -9.07106 4.65399 2.28284 -9.00515 4.57775 2.58179 -9.04539 4.59302 2.54678 -8.96132 5.03401 1.61683 -9.07487 5.23729 1.73751 -9.06149 5.34169 1.75039 -9.04875 5.31725 1.83176 -9.05663 5.33963 1.95782 -9.06468 5.06677 1.20756 -9.05707 5.43613 1.75317 -8.9946 5.13775 1.3106 -9.01907 5.19063 2.04498 -9.04978 5.2381 1.47582 -9.05596 5.09952 1.65383 -9.00191 4.96294 1.70495 -9.02231 4.91373 1.99499 -9.0152 5.00729 2.04406 -8.95048 4.24644 2.59019 -9.03365 4.54301 2.3269 -9.05241 4.60809 2.32953 -9.03535 4.97153 1.25183 -9.02516 4.36246 2.59091 -8.97852 4.98675 1.37158 -8.9922 4.64836 1.38746 -8.97665 4.82525 1.35497 -9.00373 4.98177 1.41634 -9.00869 4.91659 1.48685 -9.01902 5.20561 1.82179 -9.02356 5.12661 1.70778 -8.95909 5.00095 1.66377 -8.97686 5.25578 1.88657 -9.04627 5.42698 1.83307 -8.99301 5.31376 2.05308 -8.98123 5.13355 2.06447 -9.01659 5.26609 0.826606 -9.01321 5.15806 2.18196 -8.93664 5.25852 1.43164 -9.03583 5.08526 2.39121 -9.02184 5.10649 1.44437 -8.97048 5.292 1.55853 -8.99135 4.95507 2.01782 -8.95424 4.15079 2.60062 -8.98225 4.70843 2.50159 -8.95336 4.73336 2.42559 -8.89585 4.93996 1.33007 -8.98632 4.6908 1.33251 -8.97451 4.74679 1.33099 -8.95809 5.15754 1.89556 -8.99114 5.13561 0.982055 -8.90755 4.98924 1.57878 -8.86919 5.05979 1.69123 -8.94345 4.99289 1.77958 -8.91925 4.89833 1.94633 -8.95078 4.17166 2.55786 -8.86606 3.89145 2.62099 -8.86438 4.94272 2.28887 -8.88726 3.72993 2.64855 -8.91789 4.90836 1.2533 -8.83209 5.06497 1.84764 -8.95485 4.66777 1.43028 -8.9301 4.79152 1.52783 -8.92105 4.88688 1.3698 -8.93837 5.10642 1.66518 -8.89217 5.01983 1.9331 -8.92886 4.89125 1.42951 -8.9181 4.88438 1.50786 -8.92931 4.6775 1.37329 -8.85193 4.78851 1.37697 -8.8898 4.82423 1.50123 -8.87813 4.93104 1.34747 -8.87565 5.06802 1.10039 -8.90513 5.04081 1.77059 -8.91559 4.96561 1.88702 -8.91979 4.91336 1.96462 -8.89941 5.00704 1.84608 -8.91551 4.33158 2.54709 -8.88094 3.51366 2.61998 -8.80338 5.07999 1.97257 -8.85554 5.05754 2.10236 -8.86684 4.67855 1.43491 -8.85727 4.78747 1.43414 -8.85847 4.31018 2.4386 -8.74088 5.05474 1.79523 -8.84839 4.87952 1.16302 -8.73857 4.69708 1.41238 -8.83422 4.76372 1.39569 -8.78373 4.82189 1.49202 -8.80331 5.17435 0.817249 -8.85233 5.02456 1.00539 -8.76663 4.69221 2.26493 -8.76781 3.86216 2.58004 -8.75261 4.13561 2.51352 -8.77845 3.70027 2.61288 -8.7857 4.7476 1.29538 -8.7294 4.87393 1.9028 -8.76689 4.43186 2.33688 -8.70177 4.65157 1.47557 -8.7291 4.70556 1.70291 -8.71126 4.72962 2.09047 -8.73657 4.55855 1.44235 -8.67932 4.56483 1.6612 -8.645 5.09072 0.813237 -8.69414 4.64996 1.91745 -8.67715 4.60136 2.22186 -8.71334 4.04705 2.4448 -8.64234 5.0074 0.883862 -8.59937 4.43094 1.43972 -8.58866 4.55323 1.37842 -8.63708 4.45175 1.49916 -8.61765 4.20182 2.37516 -8.64369 5.08862 0.74814 -8.60342 4.68202 1.21534 -8.54387 4.84038 1.10792 -8.6025 4.40703 2.07393 -8.58879 4.2841 2.24823 -8.59483 3.70496 2.52987 -8.58193 4.4727 1.85945 -8.58962 3.96548 2.27581 -8.45753 4.32917 1.50275 -8.54318 4.24842 1.60775 -8.49028 4.47948 1.37631 -8.50358 4.79698 1.0978 -8.44457 3.92685 2.36539 -8.50703 3.62497 2.46148 -8.45321 5.0036 0.830041 -8.42377 4.29274 1.4494 -8.44631 4.21539 1.85198 -8.45582 4.86829 0.996812 -8.40453 4.16759 1.53911 -8.43198 4.59892 1.26492 -8.40931 4.17565 2.1185 -8.48804 3.98002 2.08645 -8.37942 4.99304 0.843322 -8.3211 4.43301 1.35826 -8.35158 4.07024 1.6174 -8.38587 3.89392 1.87771 -8.29908 4.02084 1.56928 -8.32152 4.32512 1.41413 -8.36236 4.67288 1.23335 -8.24569 4.80952 1.10471 -8.29751 3.63836 2.23216 -8.26786 4.0525 1.53225 -8.3061 4.15674 1.47403 -8.27073 3.79343 2.08546 -8.28289 4.92925 0.95675 -8.21027 3.92647 1.626 -8.29382 4.52382 1.33001 -8.23927 5.02532 0.845166 -8.16883 3.99057 1.54023 -8.23975 3.90112 1.57629 -8.22586 4.3888 1.41188 -8.12402 4.89484 1.03697 -8.10385 3.79883 1.63106 -8.20933 4.70198 1.23504 -8.12623 4.58418 1.29119 -8.17621 5.00308 0.912037 -8.02364 3.86448 1.57639 -8.17088 4.07965 1.49769 -8.09579 4.21124 1.47412 -8.08476 4.45267 1.40616 -8.03688 4.78281 1.1656 -8.04676 5.04216 0.839008 -8.07599 4.05494 1.50002 -8.01806 3.87569 1.5751 -8.00908 4.63117 1.31694 -8.02662 4.57529 1.34971 -7.9423 4.37518 1.46295 -7.92023 4.89617 1.0385 -7.91682 4.79321 1.1562 -7.9164 5.04991 0.850317 -7.92441 5.00741 0.920922 -7.75938 4.15026 1.49686 -7.93304 4.73921 1.22809 -7.91451 4.06543 1.55665 -7.90212 4.46504 1.42649 -7.81965 4.68118 1.25969 -7.82496 4.27505 1.50132 -7.81354 4.55897 1.37044 -7.7844 4.77462 1.09064 -7.8047 4.69071 1.16433 -7.76176 4.85924 1.04484 -7.70086 4.64596 1.24013 -7.70396 4.60318 1.30123 -7.69317 4.91174 0.981672 -7.64354 4.74509 1.1484 -7.59999 4.50006 1.39819 -7.63493 4.59478 1.31267 -7.59528 4.68875 1.21368 -7.57663 7.548 -1.33099 -10.6219 7.54985 -1.33196 -10.5519 7.41238 -1.31961 -10.5478 7.44423 -1.34714 -10.5164 7.38549 -1.28205 -10.5216 7.28883 -1.30882 -10.4944 7.36243 -1.35648 -10.4777 7.43056 -1.31717 -10.4445 7.59982 -1.2034 -10.4595 7.35348 -1.08498 -10.3576 7.18052 -1.36698 -10.4253 7.16556 -1.3144 -10.4322 7.26337 -1.35829 -10.3919 7.15808 -1.19048 -10.3224 7.05102 -1.34804 -10.3677 7.05566 -1.38913 -10.3214 6.93646 -1.36737 -10.313 6.92238 -1.31409 -10.2946 7.17284 -1.27958 -10.245 7.22019 -1.04647 -10.2805 6.8307 -1.35145 -10.2676 6.89781 -1.39882 -10.2633 7.04091 -1.35836 -10.2374 7.12463 -1.07754 -10.2435 6.85306 -1.18088 -10.1907 6.97533 -1.10194 -10.2053 7.2364 -1.12684 -10.1768 6.80005 -1.3965 -10.2386 6.89257 -1.37941 -10.1729 6.70135 -1.35269 -10.2027 7.16259 -0.888573 -10.1483 7.23388 -0.876502 -10.1754 6.68193 -1.40258 -10.1904 6.74161 -1.41249 -10.1676 3.77455 0.307548 -10.2363 3.87237 0.130943 -10.1823 3.73049 0.0816824 -10.2704 3.58794 0.235637 -10.3543 3.90102 0.261508 -10.1569 3.91248 -0.0537504 -10.1535 6.58371 -1.38718 -10.1664 6.68203 -1.30729 -10.1567 6.9213 -1.17269 -10.0121 6.99749 -0.999877 -10.1151 7.07754 -0.951388 -10.1135 7.31855 -0.847089 -10.0829 6.66173 -1.39525 -10.0498 6.76128 -1.13345 -10.0549 6.86915 -1.05939 -10.0501 7.1838 -0.780635 -10.0832 7.13507 -1.01961 -10.0521 6.41721 -1.39293 -10.0519 6.53502 -1.38258 -10.1368 6.49575 -1.43501 -10.0892 6.59581 -1.42616 -10.1235 6.59623 -1.4282 -10.0839 4.20317 -0.0765537 -9.99761 3.91674 0.388798 -10.1304 6.57095 -1.31921 -10.0653 7.04887 -0.744106 -9.98125 6.52246 -1.42449 -9.99824 6.58015 -1.20352 -9.99425 6.89184 -0.996422 -10.0259 6.96871 -0.872877 -10.0232 6.39248 -1.43698 -10.0351 4.15509 -0.267778 -9.99875 3.85081 -0.21367 -10.165 4.12427 0.344417 -10.0232 4.19815 0.119744 -10.0038 4.19999 0.207424 -9.99838 6.45668 -1.44007 -9.98585 6.44605 -1.29614 -9.98155 6.75671 -1.01398 -9.96694 6.9882 -0.911294 -9.91063 7.08278 -0.667166 -9.88757 6.2828 -1.43667 -9.99532 6.34657 -1.45713 -9.97456 6.28807 -1.38354 -9.98948 6.62547 -1.22613 -9.87243 6.61469 -1.02942 -9.89949 6.90976 -1.03206 -9.91883 6.9567 -0.737959 -9.91716 6.14789 -1.42939 -9.92549 6.17915 -1.47391 -9.91632 4.32703 -0.339703 -9.9077 4.04359 -0.533703 -9.99544 3.99774 -0.433023 -10.0448 4.26128 -0.515594 -9.90151 4.50558 -0.0674627 -9.85322 4.34255 0.187441 -9.92937 4.37378 0.346344 -9.89544 6.19092 -1.47414 -9.85018 6.33749 -1.32271 -9.74906 6.39763 -1.24016 -9.89124 6.76519 -0.778012 -9.82865 6.14809 -1.36645 -9.83519 6.46768 -1.13321 -9.8481 6.84609 -0.588038 -9.82137 6.04351 -1.47745 -9.8916 6.06271 -1.44082 -9.88746 4.47169 -0.21827 -9.86022 4.44044 0.0874534 -9.88396 4.53149 0.131648 -9.83738 4.17955 -0.692555 -9.87788 6.29775 -1.40113 -9.80177 6.3545 -1.16172 -9.78619 6.64699 -1.04955 -9.77326 6.92051 -0.683584 -9.79764 7.06995 -0.464033 -9.85072 7.06584 -0.30525 -9.8526 5.9382 -1.47504 -9.83512 6.03229 -1.50164 -9.84381 6.47323 -1.02053 -9.78331 6.5564 -0.922746 -9.76877 6.69343 -0.834536 -9.70753 6.96442 -0.31581 -9.79902 5.83154 -1.47567 -9.83762 6.00324 -1.51087 -9.80151 6.84049 -0.124671 -9.78097 5.83042 -1.45254 -9.80998 5.94079 -1.42021 -9.7912 4.48247 -0.369886 -9.8391 4.42587 -0.551917 -9.82553 4.6645 -0.512303 -9.75147 4.64906 -0.0734316 -9.79132 4.67518 0.247411 -9.75097 6.0101 -1.4814 -9.70836 6.25218 -1.16493 -9.73903 6.16151 -1.26937 -9.75413 6.45056 -0.827145 -9.67491 6.62272 -0.789646 -9.75137 6.69353 -0.682209 -9.77629 6.76902 -0.552347 -9.76596 5.77867 -1.51941 -9.76149 5.72029 -1.47309 -9.73755 5.8424 -1.51832 -9.6775 5.97408 -1.35129 -9.72817 6.06083 -1.26905 -9.7193 6.31962 -1.11109 -9.7376 6.30408 -1.04372 -9.67973 6.55503 -0.656972 -9.6836 6.77501 -0.616607 -9.70066 5.63393 -1.52085 -9.70515 6.6797 -0.439583 -9.70881 6.76278 -0.395683 -9.68273 6.75483 -0.17993 -9.73396 6.48487 -0.118857 -9.7054 6.59704 -0.0171245 -9.67431 4.4846 -0.702503 -9.7584 4.10874 -0.795733 -9.86583 4.42125 -0.939358 -9.682 4.61193 -0.832216 -9.67325 4.70882 -0.332205 -9.76057 4.81981 -0.24527 -9.71573 4.8583 -0.0776942 -9.69054 4.7607 0.0797925 -9.72659 5.80527 -1.38403 -9.66969 6.04525 -1.4015 -9.63197 6.18342 -1.08093 -9.64039 6.23173 -1.19948 -9.6026 6.51374 -0.312742 -9.67969 6.57458 -0.474256 -9.6503 6.70806 -0.529978 -9.65417 5.69645 -1.55352 -9.68099 5.56249 -1.55432 -9.65868 5.70758 -1.42371 -9.64638 6.39423 -1.05286 -9.61715 6.32932 -0.918733 -9.64687 6.43922 -0.687053 -9.62115 6.44482 -0.581144 -9.61544 6.53503 -0.799799 -9.60629 6.36383 -0.155987 -9.65915 6.55595 -0.308021 -9.61627 5.42503 -1.51447 -9.65955 6.50726 -0.163898 -9.63268 5.57896 -1.47358 -9.64951 6.55783 0.246221 -9.64194 4.63884 -0.941179 -9.61938 4.7184 -0.732453 -9.67747 4.82544 -0.574625 -9.68941 4.98354 -0.656666 -9.6381 5.10973 -0.521493 -9.62273 4.88682 -0.462369 -9.68532 4.92119 -0.354539 -9.67721 5.09808 -0.408704 -9.62157 4.97155 -0.162272 -9.64501 4.23146 -1.21189 -9.5926 3.9544 -1.16045 -9.73478 4.25773 -1.06681 -9.67186 4.81667 0.240938 -9.67421 4.96486 0.003595 -9.62678 5.74296 -1.49249 -9.55571 5.81281 -1.27453 -9.5882 5.97448 -1.19837 -9.59187 6.06556 -1.13979 -9.63136 6.51485 0.564839 -9.59437 6.22408 -0.15798 -9.61844 6.28754 -0.301099 -9.59579 6.18093 0.0220157 -9.61279 6.22479 0.187291 -9.60141 6.2326 -0.849555 -9.59169 6.35997 -0.738538 -9.61217 5.28718 -1.50928 -9.57963 5.39504 -1.56593 -9.64043 5.26581 -1.55042 -9.57698 5.58376 -1.56479 -9.58854 6.42435 -0.448829 -9.61459 5.44529 -1.47556 -9.58112 6.59583 -0.477328 -9.59616 6.35723 0.151629 -9.5775 5.63771 -1.32864 -9.50487 5.82597 -1.17122 -9.51524 5.92167 -1.32769 -9.50265 5.95132 -1.08923 -9.50494 6.03362 -1.04512 -9.55664 6.09861 -0.974934 -9.54595 6.11613 -1.16624 -9.51949 6.39307 0.373036 -9.57479 5.34428 -0.485366 -9.5572 5.1936 -0.339598 -9.57628 6.25321 -0.714728 -9.5447 6.15757 -0.251962 -9.57217 6.06895 -0.00569392 -9.55681 6.03733 -0.189315 -9.5432 6.09566 0.220278 -9.56146 5.27844 -1.59194 -9.53535 5.50585 -1.35645 -9.47571 6.43517 -0.622515 -9.52532 6.2691 -0.49223 -9.53362 6.36786 -0.365555 -9.52171 6.3046 -0.049305 -9.56589 6.31617 -0.201935 -9.5597 4.94692 -0.83838 -9.59403 4.99134 -0.94861 -9.53926 5.06034 -0.763891 -9.59486 5.16303 -0.687356 -9.59103 5.24357 -0.628601 -9.58123 5.06034 -0.196981 -9.60747 4.45221 -1.12657 -9.56942 5.01967 0.254518 -9.55552 4.99389 0.348701 -9.55189 4.69599 -1.01406 -9.56662 6.37488 -0.492056 -9.49538 5.81702 -1.40451 -9.49947 5.89702 -1.10916 -9.48665 6.26823 0.340933 -9.53414 6.11953 -0.874264 -9.51706 6.14306 -0.716355 -9.51128 5.19656 -0.0309439 -9.48664 5.42206 -0.73433 -9.53062 5.6189 -0.545963 -9.50444 5.37899 -0.345569 -9.50982 5.5368 -0.459422 -9.51177 5.26079 -0.225046 -9.51075 6.15237 0.481122 -9.4925 6.18359 -0.603822 -9.52132 6.17303 -0.240178 -9.49409 5.14241 -1.55488 -9.52868 5.18155 -1.59476 -9.52902 5.40152 -1.58348 -9.50882 5.22096 -1.47786 -9.49998 5.96547 -0.124842 -9.52982 5.88638 0.0690415 -9.49021 5.93861 0.221016 -9.52675 5.36848 -0.907128 -9.49771 6.16707 0.129262 -9.51684 6.35342 -0.856689 -9.53353 5.73196 -1.23662 -9.48901 6.0144 -0.879938 -9.48358 6.10842 -0.994306 -9.44655 6.09164 -0.744204 -9.4803 5.55046 -0.771387 -9.48513 5.10675 -1.59181 -9.50986 5.03952 -1.55064 -9.48812 6.16325 -0.511114 -9.48904 5.10473 -1.62211 -9.46142 6.03865 -0.457318 -9.4641 5.3932 -1.3598 -9.39281 5.36023 -1.05544 -9.43451 5.87747 -0.271758 -9.48103 5.83495 -0.0566537 -9.49029 6.02269 -0.206854 -9.44785 5.95641 0.037832 -9.44373 6.04882 0.304415 -9.47135 4.58626 -1.19948 -9.47936 4.99777 -1.10573 -9.44751 4.3833 -1.40555 -9.39738 5.72814 0.142746 -9.44442 5.71466 0.210888 -9.44865 5.14262 -1.09154 -9.4251 5.86356 0.45461 -9.41636 5.56855 -1.03661 -9.41452 5.68642 -1.33909 -9.3832 5.76048 -1.09911 -9.45149 5.62953 -1.16693 -9.39711 5.88956 -0.895276 -9.43495 6.17211 -0.776568 -9.42428 5.79734 -0.551253 -9.46547 5.74259 -0.70309 -9.44576 5.38758 -0.249763 -9.44471 5.57432 -0.366057 -9.47262 5.77332 -0.433238 -9.47297 5.62754 -0.36265 -9.46624 5.64866 -0.317657 -9.4495 4.97894 -1.63513 -9.40329 5.91381 -0.783687 -9.39976 4.28143 -1.43624 -9.40808 6.06779 -0.617169 -9.44608 4.90833 -1.20318 -9.39336 5.87613 -0.513554 -9.45521 5.82766 -0.373264 -9.46866 5.26696 -1.60186 -9.44395 5.09235 -1.46429 -9.4153 5.02318 -1.51475 -9.46244 5.73205 -0.324845 -9.44518 5.68922 -0.250517 -9.45167 5.46234 -1.49572 -9.38579 6.15062 -0.456138 -9.41243 5.29113 -0.12292 -9.42903 5.71952 -0.00415709 -9.43263 5.21284 -1.40405 -9.35689 5.64624 0.179365 -9.41526 5.56694 -1.43396 -9.38002 5.53834 -1.21681 -9.37808 5.56244 -1.11445 -9.39567 5.60909 -0.99144 -9.39561 5.69059 -0.822123 -9.40303 5.80032 -1.13885 -9.3393 5.85467 -0.987913 -9.42132 5.57224 -0.235076 -9.38754 5.46374 -0.1895 -9.35983 4.8651 -1.59737 -9.40277 4.92889 -1.54126 -9.43643 5.09066 -1.63319 -9.38922 4.98188 -1.468 -9.38063 5.80997 -0.804567 -9.40112 4.48874 -1.44321 -9.35887 5.90517 -0.635999 -9.36927 5.93251 -0.571435 -9.41425 6.01572 -0.913361 -9.37152 6.18422 -0.586445 -9.40758 5.87752 -0.327139 -9.36252 5.37004 -0.149727 -9.32483 5.38956 -0.0540903 -9.34524 5.61152 -0.130184 -9.40207 5.35869 0.106518 -9.3615 5.52119 0.190501 -9.35577 5.78141 0.0752645 -9.3884 5.73035 0.650414 -9.36078 5.71167 0.413605 -9.3657 5.18801 -1.19948 -9.32106 5.26751 -1.53908 -9.32294 5.28029 -1.19163 -9.32298 5.44113 -1.1921 -9.34192 5.67038 -1.06428 -9.39142 5.73042 -0.968515 -9.37265 5.72138 -0.872025 -9.35893 5.7543 -0.883489 -9.3601 5.87919 -0.696805 -9.37499 4.81007 -1.63296 -9.35512 4.81936 -1.54815 -9.37025 4.89626 -1.49005 -9.34169 4.63602 -1.34877 -9.35449 5.70169 -0.175573 -9.34458 5.41403 0.100456 -9.34521 5.58277 0.0841074 -9.39529 5.35408 0.240421 -9.31305 5.07418 -1.24283 -9.28346 5.01792 -1.63436 -9.31783 5.32161 -1.33889 -9.34146 5.42093 -1.24101 -9.33605 5.96141 -0.749503 -9.31456 5.94256 -0.592665 -9.30496 5.4951 -0.0772225 -9.3487 5.48187 0.071772 -9.34917 4.91471 -1.65769 -9.3417 4.80221 -1.65783 -9.31487 5.58477 0.233615 -9.31318 4.68843 -1.55178 -9.32135 4.58759 -1.48427 -9.33525 5.38891 0.270429 -9.30811 4.97078 -1.42988 -9.29648 4.72984 -1.39867 -9.27305 4.89033 -1.34785 -9.28818 4.88123 -1.45237 -9.30823 5.1723 -1.35976 -9.30234 5.06245 -1.28541 -9.25999 5.06045 -1.56489 -9.23206 5.29039 -1.45952 -9.26298 5.20633 -1.28338 -9.29265 5.42068 -1.31462 -9.23555 5.74402 -0.88654 -9.23867 5.73954 -0.499805 -9.25484 4.33542 -1.5544 -9.28125 4.47835 -1.54507 -9.25582 4.68176 -1.65997 -9.27665 5.53837 -0.266611 -9.27713 4.5491 -1.66712 -9.26222 4.66817 -1.51955 -9.31907 5.4962 -0.177431 -9.281 4.65554 -1.43917 -9.27355 4.75006 -1.45702 -9.2695 5.57666 0.529582 -9.29183 4.83183 -1.66311 -9.27252 5.48621 -0.0386312 -9.27322 4.84711 -1.39643 -9.28909 5.06705 -1.33617 -9.25891 5.58358 -1.10622 -9.2247 5.71286 -0.646774 -9.20793 4.27627 -1.67177 -9.23773 4.44728 -1.63386 -9.26744 5.45955 0.139039 -9.24267 5.49006 0.284465 -9.24642 5.4697 0.588669 -9.20743 4.88191 -1.5996 -9.17544 5.45072 -1.12438 -9.15684 5.49562 -0.523495 -9.15531 5.37629 -0.27525 -9.2094 5.39655 -0.100721 -9.22168 5.36907 0.0119508 -9.17383 4.39675 -1.68135 -9.21326 4.59815 -1.68863 -9.20751 5.14544 -1.30747 -9.07783 5.53596 -0.927016 -9.14575 5.31529 -0.293444 -9.17056 5.38807 0.162429 -9.167 5.38215 0.35031 -9.1243 5.53233 -0.704166 -9.12976 5.29053 -0.59866 -9.04288 5.20398 -0.241431 -9.08916 5.22632 -0.110968 -9.0723 4.50751 -1.67951 -9.10165 4.33924 -1.70185 -9.11181 4.67326 -1.63286 -9.10907 4.85708 -1.41834 -8.99598 5.177 -1.18612 -9.04105 5.36662 -0.966359 -9.07426 5.20951 -0.0179255 -9.01053 5.32119 0.591809 -9.02289 5.29837 -0.77158 -9.0184 5.19839 -0.364971 -9.08435 5.25218 0.178657 -8.99399 4.34717 -1.69215 -9.04735 4.4873 -1.66069 -9.04663 4.6191 -1.56182 -8.99519 5.19678 -0.927209 -8.97966 5.15633 -0.64625 -8.9742 5.01394 -0.390286 -8.97466 5.02225 -0.455442 -8.96986 5.0289 -0.304949 -8.97027 4.36006 -1.63998 -8.95741 4.94422 -1.21594 -8.9289 5.07973 -1.04828 -8.9543 5.0618 -0.164626 -8.91328 5.28902 0.401467 -8.95904 5.13318 0.0662178 -8.86505 5.19772 0.185974 -8.89204 4.23359 -1.53068 -8.77986 4.43173 -1.44979 -8.80912 4.91925 -1.07484 -8.86945 5.05401 -0.881972 -8.89635 4.78965 -0.46653 -8.84535 4.89315 -0.663819 -8.85461 4.89962 -0.341136 -8.87312 5.24754 0.495919 -8.84785 5.21116 0.386566 -8.75401 5.21342 0.657483 -8.83215 4.68301 -1.23292 -8.79193 4.86691 -0.981204 -8.80565 4.87637 -0.872549 -8.81227 5.01043 -0.137105 -8.82016 4.87072 -0.261652 -8.76065 4.43087 -1.25809 -8.67634 4.65242 -1.0587 -8.71508 4.68608 -0.525852 -8.78707 4.68 -0.753645 -8.7438 4.65754 -0.472494 -8.76215 4.76498 -0.377205 -8.77113 5.14583 0.186763 -8.7136 5.19032 0.402847 -8.65979 5.16483 0.521633 -8.61442 4.6973 -0.40484 -8.73516 5.00119 -0.0198417 -8.63894 5.15419 0.313376 -8.5834 4.64352 -0.950624 -8.70034 4.44967 -0.834607 -8.62031 4.51665 -0.554066 -8.69476 4.55842 -0.482306 -8.69444 5.05426 0.0514445 -8.61934 4.4462 -1.06398 -8.60335 4.5413 -0.457868 -8.63686 4.64498 -0.399764 -8.62495 4.75693 -0.312949 -8.64118 4.30738 -0.663495 -8.57859 4.42962 -0.521391 -8.62324 4.84595 -0.190849 -8.55437 4.99075 0.0147143 -8.50829 5.11672 0.232841 -8.6007 4.25208 -1.18356 -8.53895 4.34604 -0.572462 -8.58923 4.51404 -0.431114 -8.47326 4.23908 -0.876992 -8.50328 5.14442 0.518587 -8.49033 4.30341 -0.536436 -8.49459 4.77467 -0.268405 -8.52628 5.09897 0.239122 -8.46209 5.15252 0.410707 -8.47775 5.10055 0.634727 -8.35579 4.66781 -0.335362 -8.44902 4.91119 -0.0891692 -8.44705 5.00288 0.0662962 -8.44667 4.72548 -0.291005 -8.35953 4.86545 -0.165339 -8.40095 4.55396 -0.42864 -8.31025 4.87601 -0.148417 -8.29875 5.03546 0.1009 -8.36909 5.12432 0.381988 -8.32426 5.11422 0.60103 -8.24416 4.69168 -0.336386 -8.25201 4.91089 -0.114012 -8.21911 5.10244 0.269546 -8.28499 5.0575 0.155507 -8.28619 5.06511 0.713409 -8.21236 4.99529 0.00822634 -8.23847 4.62121 -0.394261 -8.16312 5.12883 0.457769 -8.19834 5.10201 0.163903 -8.08961 4.87624 -0.193352 -8.13834 4.97438 -0.0816378 -8.06849 5.1239 0.273091 -8.14942 4.71187 -0.385217 -8.01403 5.12179 0.622643 -8.12029 5.19726 0.425495 -7.96766 5.10809 0.669985 -8.10003 5.17063 0.268682 -7.98949 4.80022 -0.308156 -7.98758 4.8845 -0.208654 -7.98219 5.19326 0.51696 -7.92948 5.16039 0.624654 -7.96561 5.13368 0.131039 -7.93321 5.02136 -0.0612476 -7.90979 5.08772 0.0600468 -7.87456 5.11488 0.742069 -7.90115 5.19481 0.315712 -7.8736 4.85346 -0.247909 -7.81185 5.13879 0.196387 -7.82392 5.21294 0.579515 -7.75471 4.98195 -0.0880976 -7.72603 5.23438 0.504301 -7.75855 5.20005 0.263775 -7.7058 5.23454 0.436396 -7.75036 5.02866 -0.0352833 -7.71351 5.08788 0.0675308 -7.71008 5.1307 0.157947 -7.6893 5.11724 0.708787 -7.65431 5.01363 0.00865305 -7.61468 5.1511 0.220665 -7.61849 5.19317 0.516892 -7.62529 5.17869 0.366643 -7.59541 4.97329 0.73714 -7.51241 4.9758 0.0726037 -7.512 2.21123 -1.71381 -11.2784 1.94957 -1.66367 -11.1634 2.24001 -1.6232 -11.1614 2.10793 -1.5164 -11.2091 1.75229 -1.59936 -11.006 2.25048 -1.67008 -11.1293 2.22644 -1.70808 -11.1172 2.15443 -1.72971 -11.1195 2.19543 -0.673596 -11.1183 1.75655 -1.37858 -11.1093 1.91913 -1.47145 -11.1027 1.78893 -0.98782 -11.1051 2.0766 -0.863752 -11.096 2.27674 -0.806907 -11.0172 2.30048 -0.592009 -11.0871 2.34122 -0.439986 -11.1196 2.59504 -0.308017 -10.9782 2.01298 -1.52643 -11.0529 2.22645 -1.61931 -11.1143 1.70432 -1.30206 -11.0769 1.95364 -1.00226 -11.0822 1.96053 -1.72143 -10.8219 2.20433 -1.74942 -10.986 2.3006 -1.6768 -10.9283 1.45589 -1.44447 -10.9433 1.61228 -1.23135 -11.0334 1.82018 -1.46302 -11.0392 1.77932 -1.4019 -11.0174 1.766 -1.30074 -11.0547 1.60716 -1.15875 -11.0211 1.79669 -1.17599 -11.0667 2.29428 -1.71471 -10.9376 2.0885 -1.57558 -10.9805 1.85135 -1.43427 -10.9723 2.01163 -1.3052 -10.9949 2.15632 -1.02507 -11.0045 1.99203 -1.51466 -10.984 2.1669 -1.59531 -10.942 2.26836 -1.63529 -10.9019 2.38023 -0.973387 -10.8994 2.46961 -0.595692 -10.9726 1.59634 -1.56185 -10.8578 1.75262 -1.64484 -10.8143 2.01379 -1.47871 -10.9504 2.288 -1.75137 -10.8558 2.05809 -1.5323 -10.9354 2.20425 -1.44041 -10.8954 2.2272 -1.76299 -10.8129 2.19 -1.57755 -10.8914 2.3364 -1.1046 -10.8892 2.55974 -0.746289 -10.857 2.71607 -0.441334 -10.8509 2.82114 -0.224122 -10.8326 2.73592 -0.0688457 -10.9303 1.75793 -1.69221 -10.5859 2.32985 -1.58874 -10.8321 2.31832 -1.36336 -10.8509 2.32557 -1.6474 -10.8548 2.34604 -1.70475 -10.8091 2.41293 -1.199 -10.8111 2.45037 -1.06272 -10.8211 2.86037 -0.557058 -10.7062 2.87292 -0.0688457 -10.8261 2.73592 0.0874581 -10.9538 2.89223 0.0315695 -10.8261 2.42678 -1.42466 -10.746 1.37793 -1.51505 -10.6951 2.37099 -1.72809 -10.6562 2.39326 -1.6027 -10.731 2.49704 -1.17156 -10.7436 2.57033 -1.02903 -10.7383 2.73968 -0.818228 -10.6956 2.17184 -1.76477 -10.6529 1.19001 -1.40774 -10.6445 2.34411 -1.75849 -10.333 1.5481 -1.6061 -10.664 0.925888 -1.25372 -10.4767 2.51149 -1.50549 -10.5806 2.56263 -1.22386 -10.6504 2.70346 -0.999475 -10.638 2.89223 -0.381454 -10.7394 2.89223 -0.22515 -10.782 3.01326 -0.377271 -10.6553 3.05618 -0.224783 -10.6642 2.89223 -0.0688457 -10.8124 3.04853 -0.0688457 -10.6965 3.10305 -0.0658287 -10.6603 3.04207 0.0927008 -10.7203 2.48006 -1.64287 -10.5221 2.56772 -1.30399 -10.5949 1.1585 -1.52213 -10.3931 1.82184 -1.72426 -10.446 2.04432 -1.76476 -10.5272 2.40357 -1.72928 -10.5856 2.69067 -1.13898 -10.5624 2.87907 -0.943145 -10.5254 3.03969 -0.70993 -10.521 0.980061 -1.35397 -10.429 1.3303 -1.61458 -10.3848 2.44588 -1.72767 -10.4375 2.66167 -1.27547 -10.4843 3.36566 0.0481845 -10.4913 3.34086 -0.0631886 -10.4945 3.24857 0.176628 -10.5806 3.29105 -0.19782 -10.5056 3.36233 0.328054 -10.5001 3.06665 -0.519298 -10.573 3.23314 -0.443528 -10.4825 1.53431 -1.70065 -10.2959 2.14302 -1.77188 -10.3964 2.5752 -1.67861 -10.3606 2.6217 -1.6281 -10.3164 2.65184 -1.45311 -10.3722 2.78364 -1.32663 -10.3188 3.46625 0.0879764 -10.4285 2.82781 -1.10544 -10.4612 0.961411 -1.4895 -10.186 0.516342 -1.21054 -9.93612 1.93526 -1.75081 -10.3152 2.50555 -1.74615 -10.2183 2.58903 -1.70444 -10.2652 3.04677 -1.11432 -10.2912 3.1104 -0.878914 -10.3892 3.28345 -0.726826 -10.3487 3.29483 -0.934085 -10.2328 3.36246 -0.563019 -10.3623 3.51476 -0.477864 -10.2956 3.58029 -0.233842 -10.3176 1.12915 -1.63274 -10.0919 2.10416 -1.76192 -10.1486 2.71994 -1.50035 -10.1871 2.80188 -1.43391 -10.1645 2.94832 -1.31356 -10.1932 3.66966 0.000459012 -10.2991 0.992073 -1.55567 -10.0983 0.596394 -1.33546 -9.91063 1.61813 -1.75094 -10.0889 2.36927 -1.76449 -10.1189 2.67158 -1.72591 -10.1237 2.72689 -1.64699 -10.1485 3.72604 -0.366496 -10.2004 3.13817 -1.16391 -10.1922 3.48753 -0.709298 -10.2289 3.64363 -0.529927 -10.2041 1.23168 -1.70732 -9.93056 1.89975 -1.76037 -10.0233 2.5986 -1.77764 -10.0104 2.85795 -1.6002 -10.056 2.88686 -1.48515 -10.0986 3.32412 -1.12588 -10.0951 3.62639 -0.906804 -10.0502 2.25902 -1.74106 -9.88549 2.99268 -1.51521 -10.0184 0.984859 -1.64058 -9.87291 2.76944 -1.75883 -9.99853 3.36415 -1.23903 -9.98943 3.53988 -1.10541 -9.97681 3.67335 -0.695164 -10.1278 3.85789 -0.53085 -10.0872 3.85325 -0.700714 -10.0297 0.791237 -1.52078 -9.88456 2.76807 -1.78376 -9.9261 1.48993 -1.76104 -9.83246 1.72664 -1.76987 -9.77577 2.55564 -1.78346 -9.82333 2.96845 -1.75679 -9.82934 3.00776 -1.59908 -9.93358 3.79594 -0.914419 -9.95899 2.9774 -1.6871 -9.85562 3.13097 -1.56583 -9.86476 3.44983 -1.34085 -9.85861 4.04186 -0.917793 -9.83664 3.64101 -1.18031 -9.87089 2.05268 -1.75396 -9.6951 2.99415 -1.7823 -9.74633 3.0468 -1.65509 -9.79129 3.4296 -1.53489 -9.70774 1.27727 -1.76984 -9.63822 2.20236 -1.73951 -9.78831 2.76443 -1.79368 -9.6567 3.17141 -1.64359 -9.76564 3.65581 -1.3163 -9.76002 3.76589 -1.16682 -9.81837 0.805515 -1.62409 -9.67103 1.04604 -1.71476 -9.69106 2.34763 -1.74542 -9.65334 3.05804 -1.75329 -9.77062 3.27826 -1.64457 -9.71432 0.434177 -1.36328 -9.63403 1.54927 -1.78294 -9.61503 3.0996 -1.77733 -9.72054 3.13294 -1.75133 -9.73606 3.32343 -1.6956 -9.64719 3.88012 -1.30357 -9.66637 4.05482 -1.01972 -9.77904 0.285019 -1.28697 -9.49173 2.57603 -1.76273 -9.58107 3.55432 -1.56387 -9.59821 3.72357 -1.57038 -9.49645 0.529102 -1.51422 -9.50538 1.85212 -1.76893 -9.51721 2.98501 -1.78474 -9.51023 3.49796 -1.69549 -9.53907 4.08488 -1.3245 -9.57268 3.30043 -1.7571 -9.55292 0.865944 -1.70187 -9.50148 2.41296 -1.74829 -9.45243 3.62223 -1.61226 -9.49951 3.98297 -1.47526 -9.49579 0.636513 -1.62 -9.42315 1.44733 -1.80378 -9.40407 3.48065 -1.73934 -9.44819 1.0458 -1.7813 -9.35702 2.75756 -1.74965 -9.40871 3.81208 -1.62491 -9.39882 0.930534 -1.76119 -9.3451 2.20123 -1.76242 -9.32321 3.27074 -1.74538 -9.32931 3.63178 -1.71411 -9.42279 3.92278 -1.66319 -9.38256 1.09643 -1.8081 -9.20471 1.81261 -1.78352 -9.25342 2.6041 -1.74766 -9.19623 4.09435 -1.57391 -9.39395 0.708782 -1.69999 -9.27733 3.00723 -1.72175 -9.25988 3.76093 -1.73602 -9.35734 4.16155 -1.65408 -9.3106 3.36604 -1.74653 -9.29748 3.60007 -1.76985 -9.27609 3.87881 -1.72477 -9.31804 4.03641 -1.65901 -9.33137 2.94998 -1.70665 -9.1333 3.27789 -1.71155 -9.1898 3.79402 -1.77963 -9.26132 0.52494 -1.63258 -9.19515 2.0901 -1.77572 -9.07029 4.13758 -1.728 -9.2444 3.67493 -1.7747 -9.11751 4.02041 -1.74018 -9.21356 0.628124 -1.71181 -9.08722 0.768105 -1.76608 -9.03516 3.1288 -1.68212 -9.11327 4.2561 -1.70461 -9.17548 1.15982 -1.84164 -8.78997 1.73983 -1.81457 -9.01845 2.2954 -1.77685 -8.86064 2.72329 -1.72756 -8.94617 3.56304 -1.71606 -8.94892 3.88321 -1.7746 -9.11228 4.09022 -1.74788 -9.08269 1.37064 -1.83815 -8.85874 0.752533 -1.78828 -8.81982 3.30776 -1.69126 -8.95425 1.68816 -1.82944 -8.85051 3.00662 -1.68735 -8.91431 3.72839 -1.71625 -8.88235 3.97965 -1.73587 -8.96857 4.21162 -1.70503 -8.98827 3.86749 -1.67097 -8.78311 4.09069 -1.61814 -8.80235 0.545448 -1.71922 -8.87282 0.90427 -1.82979 -8.59893 2.8079 -1.70305 -8.78718 3.54221 -1.69949 -8.77243 3.00163 -1.70336 -8.67544 3.30344 -1.70102 -8.68412 3.70084 -1.66536 -8.68799 0.592724 -1.76329 -8.66356 4.0547 -1.52582 -8.66763 2.13465 -1.79668 -8.56368 2.30204 -1.77107 -8.33423 4.26019 -1.31948 -8.61654 1.58965 -1.84422 -8.53201 2.65822 -1.71563 -8.52692 3.78043 -1.58638 -8.56275 0.667393 -1.79641 -8.46823 1.88083 -1.82407 -8.56641 3.35314 -1.65654 -8.46339 3.464 -1.61024 -8.40583 3.87502 -1.48627 -8.49189 3.02508 -1.69503 -8.4599 3.96225 -1.36594 -8.45305 1.34654 -1.8619 -8.35996 1.12003 -1.85695 -8.34775 4.25233 -1.04247 -8.50629 4.00055 -1.303 -8.43845 4.19065 -0.617169 -8.48476 1.80989 -1.82978 -8.27158 4.09238 -0.734792 -8.45928 2.78206 -1.71472 -8.36011 3.95229 -1.16973 -8.3698 3.94153 -0.976968 -8.35793 4.02083 -0.850133 -8.41028 4.01776 -0.683762 -8.37461 2.11973 -1.79959 -8.29918 3.20296 -1.61431 -8.23649 3.63286 -1.48845 -8.33378 0.887489 -1.83988 -8.19018 4.12927 -0.610761 -8.38813 4.37117 -0.511225 -8.39068 1.54512 -1.84904 -8.13071 3.74662 -1.36635 -8.32205 1.19916 -1.86003 -8.14874 2.47966 -1.74787 -8.14062 2.94956 -1.66603 -8.19016 3.41238 -1.50699 -8.22489 3.80677 -0.877078 -8.28861 3.90622 -0.750502 -8.32127 4.03804 -0.664923 -8.30237 4.1424 -0.607104 -8.30694 4.24506 -0.584939 -8.28546 0.63068 -1.79096 -8.10698 3.6543 -1.24782 -8.22594 3.79327 -1.09042 -8.27821 3.92294 -0.707197 -8.25906 4.48856 -0.493668 -8.18669 2.69085 -1.70909 -8.12615 3.1674 -1.53078 -8.07692 3.50488 -1.39297 -8.19652 3.70755 -1.08318 -8.23681 3.79771 -0.766963 -8.21428 3.66826 -0.934242 -8.2123 3.70771 -0.81102 -8.18185 4.12951 -0.643979 -8.14263 4.24453 -0.60703 -8.13089 4.3671 -0.557162 -8.17666 3.51995 -1.13157 -8.12962 3.42642 -1.01557 -8.06525 3.75134 -0.772289 -8.14626 3.9343 -0.734061 -8.06829 4.19545 -0.629305 -8.13352 1.91002 -1.81712 -8.01112 2.44894 -1.74419 -7.96798 2.97818 -1.6017 -8.02834 3.228 -1.38729 -8.01404 3.43057 -0.927183 -8.03071 3.5337 -0.855173 -8.06593 3.60759 -0.815611 -8.06943 3.78658 -0.778407 -8.07121 4.53259 -0.49395 -8.08412 4.0335 -0.737027 -7.96531 4.17755 -0.671656 -8.04214 4.33966 -0.605776 -8.03655 4.42857 -0.541649 -8.0154 2.60671 -1.69059 -7.92113 3.32841 -1.16257 -8.0102 1.02286 -1.83742 -7.79178 3.19932 -1.30581 -7.94997 1.33711 -1.83711 -7.72404 3.49709 -0.861757 -7.95567 3.64897 -0.834367 -7.94838 4.28131 -0.644978 -7.97081 2.95094 -1.45835 -7.82459 0.830986 -1.81957 -7.88189 3.31751 -1.08356 -7.95224 4.56908 -0.505941 -7.93973 3.24929 -1.19946 -7.91826 3.41258 -0.923968 -7.89355 3.9519 -0.799675 -7.78564 4.19457 -0.7054 -7.86813 4.37893 -0.589797 -7.87425 1.71296 -1.82331 -7.79606 2.65021 -1.61035 -7.77036 2.7979 -1.5118 -7.74238 3.28973 -1.13602 -7.88129 4.29227 -0.676555 -7.77619 4.4889 -0.565682 -7.83807 4.70131 -0.392715 -7.8819 4.75817 -0.339917 -7.76913 3.10062 -1.31418 -7.83017 3.22405 -1.21361 -7.8332 3.38378 -1.06783 -7.77831 3.64477 -0.901338 -7.69099 4.53219 -0.531518 -7.78864 3.08379 -1.3048 -7.77305 0.863228 -1.79932 -7.65097 4.3792 -0.622034 -7.7925 4.68145 -0.429451 -7.7438 1.97036 -1.78573 -7.70953 2.15986 -1.74719 -7.6398 2.35765 -1.6947 -7.65943 3.12346 -1.28427 -7.75007 3.27865 -1.19006 -7.72327 3.48667 -0.956504 -7.74341 4.11832 -0.760198 -7.61515 3.39249 -1.08164 -7.69888 4.5865 -0.486469 -7.6416 1.48193 -1.80244 -7.50627 2.97524 -1.32863 -7.61543 3.48824 -0.980544 -7.66788 3.57275 -0.933065 -7.64846 3.89857 -0.835179 -7.50279 4.45921 -0.592516 -7.6195 4.7683 -0.311737 -7.61819 2.36781 -1.63209 -7.52943 2.73475 -1.45522 -7.58139 3.22548 -1.2192 -7.64249 3.32438 -1.10867 -7.54349 4.32563 -0.662511 -7.61052 4.86725 -0.185206 -7.62558 3.03002 -1.27146 -7.56505 3.41305 -1.04413 -7.54816 1.26168 -1.80343 -7.49062 3.53827 -0.949919 -7.50793 3.22448 -1.17497 -7.54777 4.55296 -0.502705 -7.48432 4.65574 -0.398608 -7.53107 1.76923 -1.77897 -7.50412 2.81437 -1.28845 -7.45383 4.283 -0.671938 -7.45027 4.43322 -0.560065 -7.36691 4.8424 -0.115888 -7.52277 2.1936 -1.6804 -7.43808 2.4976 -1.48801 -7.40538 2.96603 -1.18537 -7.42606 0.898239 -1.75306 -7.37759 4.09482 -0.762591 -7.45015 4.54892 -0.494009 -7.43755 4.73376 -0.262394 -7.45783 3.09878 -1.08512 -7.39159 3.36582 -0.999348 -7.41132 3.6891 -0.894907 -7.4026 4.64965 -0.352438 -7.4006 1.80444 -1.73256 -7.27842 2.39897 -1.5005 -7.29769 2.61447 -1.35843 -7.35702 1.12558 -1.76814 -7.33742 3.52983 -0.928247 -7.32544 3.92886 -0.81708 -7.32047 4.77384 -0.0564202 -7.34287 2.11659 -1.6895 -7.38053 2.29374 -1.58263 -7.36011 2.84826 -1.19047 -7.34395 4.0807 -0.740749 -7.24478 2.1531 -1.60714 -7.23431 2.94417 -1.06739 -7.19391 3.21556 -0.993304 -7.29212 4.3951 -0.561658 -7.27864 4.4087 -0.501582 -7.18263 4.70724 -0.178704 -7.31922 1.65971 -1.73997 -7.22614 2.22935 -1.56236 -7.22634 3.02641 -1.03436 -7.21287 1.08737 -1.70794 -7.11335 1.43037 -1.72264 -7.09047 1.98216 -1.67302 -7.20065 2.54249 -1.32554 -7.20429 2.75065 -1.17876 -7.19931 1.23889 -1.69651 -7.01206 3.74979 -0.823794 -7.1177 4.16292 -0.662855 -7.1439 2.37947 -1.44275 -7.10701 3.3659 -0.92467 -7.08992 3.89818 -0.77635 -7.10594 3.01928 -1.0242 -7.11153 3.5498 -0.856818 -7.04891 2.0463 -1.5983 -7.05738 2.70007 -1.1739 -7.09513 2.16305 -1.51495 -7.02842 2.52729 -1.30448 -7.11995 2.8561 -1.08 -7.0817 2.37431 -1.41474 -7.02889 1.9758 -1.58706 -6.95014 2.47668 -1.29418 -6.91598 2.94196 -1.0132 -6.84329 3.27335 -0.928148 -6.9818 1.72638 -1.66606 -6.96226 2.62483 -1.17217 -6.84497 3.6024 -0.787883 -6.91776 1.8196 -1.58529 -6.79384 2.2962 -1.33638 -6.78534 2.75786 -1.08865 -6.80659 1.55121 -1.63204 -6.80142 2.0901 -1.43745 -6.76111 3.15163 -0.931848 -6.81563 3.27797 -0.835245 -6.70681 2.74406 -1.07259 -6.6973 1.89045 -1.52354 -6.72226 2.3828 -1.20225 -6.55749 1.65523 -1.51414 -6.5658 1.42434 -1.53451 -6.58265 2.06659 -1.35665 -6.56978 1.80117 -1.43707 -6.49217 2.56575 2.53733 -9.23005 2.13319 2.56266 -9.03473 3.30076 2.59628 -8.97293 1.13716 2.51207 -8.93846 1.30296 2.51916 -9.00703 1.44729 2.54167 -8.97756 2.51702 2.55149 -8.99012 2.74667 2.54249 -9.0574 1.96807 2.56694 -8.83295 2.35038 2.55192 -8.92984 0.787865 2.44165 -8.95073 3.02826 2.5518 -8.92059 0.047821 2.08886 -8.79642 1.61075 2.57839 -8.75618 0.416691 2.32064 -8.80114 0.935352 2.50754 -8.73843 1.41971 2.56509 -8.76923 2.18242 2.55904 -8.76169 2.46024 2.55314 -8.75021 0.826664 2.48826 -8.71313 0.606533 2.41343 -8.7674 2.33846 2.55671 -8.77947 3.03206 2.5587 -8.70166 3.31878 2.57641 -8.71079 1.18029 2.56618 -8.50697 2.72924 2.55073 -8.62379 0.147907 2.2173 -8.61635 3.21818 2.5516 -8.57611 -0.0801201 2.02055 -8.63136 0.351894 2.33662 -8.5624 0.633312 2.4614 -8.42375 2.04731 2.57435 -8.60144 3.51825 2.55397 -8.58288 -0.252586 1.84831 -8.49605 1.60015 2.58982 -8.5349 1.81014 2.58008 -8.5565 2.25673 2.56209 -8.6202 0.0473251 2.15802 -8.55211 2.56313 2.54854 -8.50013 3.00333 2.53711 -8.49974 0.995171 2.54582 -8.42545 0.519131 2.42791 -8.34109 3.3318 2.47292 -8.3919 -0.151123 2.00442 -8.3857 0.129612 2.23809 -8.27302 0.79203 2.51395 -8.27272 1.9888 2.58295 -8.3725 2.25216 2.5629 -8.4161 3.09311 2.5087 -8.41456 3.56261 2.34819 -8.30888 2.73906 2.53009 -8.32431 0.37397 2.37124 -8.18433 1.48334 2.60024 -8.25144 2.45531 2.54873 -8.20812 3.20146 2.45042 -8.30873 3.34451 2.41692 -8.30627 -0.102596 2.05765 -8.34338 2.12068 2.57112 -8.2219 2.80716 2.49751 -8.19981 3.01161 2.46139 -8.23266 -0.236042 1.91607 -8.22815 1.11366 2.56814 -8.18446 3.34115 2.34907 -8.21637 -0.327995 1.78522 -8.177 -0.168823 1.98545 -8.1011 0.0301056 2.16411 -8.13385 0.533882 2.44218 -8.11995 1.75231 2.58345 -8.05242 3.72264 1.88783 -8.21551 2.59309 2.52269 -8.12081 3.79659 1.67762 -8.23076 3.51725 2.07168 -8.14823 3.04227 2.41443 -8.14512 3.29887 2.25776 -8.12033 3.46236 1.94728 -8.08928 3.71381 1.62975 -8.1431 2.90207 2.44845 -8.1134 3.58246 1.73343 -8.11403 3.3256 2.10336 -8.06203 3.08088 2.33131 -8.05499 0.794441 2.50876 -8.05751 3.73811 1.60855 -8.08429 2.07911 2.56371 -7.99355 2.19138 2.54202 -7.93401 3.56194 1.67766 -8.04904 3.16103 2.23896 -8.02691 2.62597 2.47647 -7.98856 0.265114 2.30853 -7.9613 1.39805 2.58975 -8.01765 3.49438 1.73316 -8.03385 3.41197 1.85278 -8.02078 0.179619 2.2408 -7.85104 2.73458 2.40347 -7.90305 2.8381 2.35065 -7.90192 0.944031 2.53363 -7.92844 -0.303951 1.80179 -7.97325 -0.0317879 2.07617 -7.88869 0.725075 2.47816 -7.82599 3.67339 1.6301 -8.02919 1.62538 2.57291 -7.84193 3.54443 1.67707 -7.95773 3.44655 1.76361 -7.98286 3.26441 2.01049 -7.94952 2.95066 2.2453 -7.87245 3.92018 1.60818 -7.88269 3.09776 2.11978 -7.88617 3.4557 1.75367 -7.91582 3.3342 1.91612 -7.92448 -0.157166 1.9464 -7.85895 0.500427 2.40726 -7.8278 3.8249 1.67367 -7.72829 2.31695 2.48985 -7.80916 3.10978 2.08915 -7.83331 3.27386 1.9813 -7.87902 3.54596 1.7212 -7.84551 2.53061 2.39802 -7.71637 0.399055 2.34434 -7.71978 1.16722 2.54007 -7.68645 1.63167 2.56447 -7.69958 3.43744 1.90733 -7.75964 -0.346149 1.69984 -7.83344 -0.239468 1.79651 -7.68859 2.82077 2.25736 -7.75632 3.52291 1.83672 -7.69083 3.11377 2.09367 -7.69949 4.02942 1.60064 -7.76115 1.8089 2.54661 -7.66445 3.36835 1.98905 -7.69764 3.64168 1.73189 -7.71281 3.28084 2.0429 -7.67374 0.0744972 2.11475 -7.62119 2.16493 2.47725 -7.62049 2.89177 2.18142 -7.66555 0.906281 2.4847 -7.5966 4.24748 1.53505 -7.66637 2.69451 2.25244 -7.59252 0.361992 2.30567 -7.62696 0.718647 2.42796 -7.55953 2.47477 2.35284 -7.58116 3.44881 1.9259 -7.63559 -0.0679703 1.94792 -7.53592 3.68418 1.72802 -7.60322 4.06852 1.60814 -7.55687 3.03988 2.08444 -7.58676 3.20683 2.04214 -7.59606 3.57363 1.79112 -7.56693 3.86848 1.67302 -7.51998 0.198711 2.15894 -7.48159 4.32601 1.49218 -7.54621 1.48413 2.51891 -7.4346 2.21382 2.4342 -7.52413 3.43865 1.92199 -7.58199 3.49573 1.83754 -7.51749 -0.12862 1.84087 -7.42804 3.32654 1.94023 -7.5067 2.88372 2.09802 -7.49695 3.03663 2.04309 -7.53156 1.07846 2.47931 -7.44076 4.457 1.37553 -7.4108 3.60114 1.74695 -7.44371 0.061451 1.96037 -7.28708 0.669819 2.33071 -7.3127 4.17901 1.54765 -7.44057 1.94646 2.46683 -7.42865 2.95682 1.93795 -7.38942 3.03465 1.89443 -7.38893 3.35701 1.82628 -7.38614 3.79235 1.66827 -7.28706 0.428555 2.23237 -7.32054 0.978909 2.43823 -7.35866 1.67708 2.47925 -7.30788 2.14474 2.35099 -7.20181 2.39766 2.30111 -7.32699 2.73367 2.09776 -7.34707 3.36982 1.79551 -7.32866 2.5751 2.18737 -7.344 4.00408 1.58362 -7.23588 1.40442 2.4618 -7.20457 2.95365 1.9108 -7.33088 2.74937 2.0229 -7.21632 0.269825 2.09051 -7.23174 4.19426 1.46997 -7.15658 3.07806 1.85401 -7.30084 -0.0703926 1.76769 -7.20786 -0.229237 1.65884 -7.35768 2.35784 2.23715 -7.11488 1.81599 2.42072 -7.10623 2.85703 1.94283 -7.14282 -0.190685 1.59479 -7.20096 3.55793 1.6986 -7.1446 0.52483 2.20939 -7.16419 1.19678 2.41082 -7.11176 3.13733 1.82552 -7.14115 3.35913 1.73091 -7.03309 0.18428 1.88969 -7.02458 0.450245 2.13655 -7.10775 1.12683 2.36709 -7.02674 2.15779 2.29062 -7.07353 3.03645 1.85278 -7.05786 -0.0776291 1.62798 -7.05332 0.287182 2.0002 -7.05695 1.69376 2.39356 -6.96553 0.85894 2.28544 -7.03862 3.79703 1.60992 -7.10087 1.42875 2.3737 -6.91329 2.56888 2.03552 -6.92213 1.87696 2.31682 -6.87762 3.06435 1.82324 -6.96878 2.79258 1.94794 -6.99538 3.93739 1.50953 -6.98687 2.22236 2.15992 -6.87857 0.0572357 1.68478 -6.93973 1.15521 2.30175 -6.84487 3.29889 1.73289 -6.95973 3.41785 1.62283 -6.81928 0.499832 1.95323 -6.78335 0.691532 2.10922 -6.83856 1.01125 2.21246 -6.75645 2.99527 1.78724 -6.76122 0.181198 1.73631 -6.85928 2.01638 2.19764 -6.73562 1.57047 2.31744 -6.76192 2.76719 1.84796 -6.67085 0.156208 1.58778 -6.74097 0.412491 1.75079 -6.62947 2.48758 2.00507 -6.76657 1.70391 2.2631 -6.67786 3.30547 1.6099 -6.65417 1.31837 2.26913 -6.708 2.2296 2.05299 -6.64272 0.752815 1.99046 -6.61447 2.01373 2.13112 -6.58783 1.52627 2.2161 -6.5669 2.50135 1.8813 -6.48774 3.08228 1.66691 -6.54826 2.27594 1.95769 -6.46107 1.21951 2.15097 -6.54218 1.88201 2.08226 -6.40766 0.356007 1.49671 -6.44814 0.982162 2.04217 -6.51271 0.87294 1.91457 -6.41188 0.602592 1.73453 -6.43702 1.72752 2.14332 -6.46914 2.87311 1.67753 -6.35723 1.49593 2.0585 -6.33733 0.491856 1.52848 -6.34094 2.02084 2.01565 -6.36083 1.20342 2.06713 -6.43857 2.64487 1.73604 -6.27664 2.40953 1.80107 -6.22531 1.70903 2.0282 -6.28295 1.05375 1.84397 -6.22652 0.739151 1.64304 -6.23548 1.9391 1.9035 -6.15192 2.12372 1.87007 -6.17135 1.19973 1.85111 -6.17507 0.785728 1.53735 -6.11742 1.69447 1.89952 -6.12862 1.01234 1.72514 -6.13787 2.6909 1.60729 -6.08279 0.490898 1.38569 -6.24346 1.46462 1.80079 -6.06312 1.25374 1.74122 -6.06113 2.30553 1.74215 -6.07539 0.655773 1.36215 -6.09621 0.89439 1.46388 -6.01027 2.03694 1.73849 -5.97171 0.873425 1.33046 -5.94631 1.21295 1.56157 -5.94731 1.3296 1.64527 -5.96375 1.77525 1.6407 -5.8848 2.26679 1.56824 -5.85982 1.07606 1.36563 -5.88257 1.24432 1.46798 -5.88036 1.6106 1.58087 -5.8606 2.07084 1.57816 -5.83496 1.49694 1.45012 -5.79603 1.17658 1.24022 -5.7847 0.210377 -0.895993 -9.71356 0.272396 -1.06656 -9.70389 0.159561 -0.813497 -9.67641 -0.037674 -0.54858 -9.45574 0.00980377 -0.927338 -9.38711 -0.00643539 -0.802081 -9.42697 0.051857 -1.10082 -9.30938 0.28442 -1.43803 -9.2445 -0.186268 -0.24592 -9.29233 -0.0347404 -1.02149 -9.23033 -0.0929489 -0.836782 -9.26877 0.372158 -1.53661 -9.18434 0.147926 -1.28532 -9.2525 -0.141132 -0.600317 -9.27549 0.208221 -1.41536 -9.14701 -0.263149 0.240574 -9.1865 -0.293453 0.751106 -9.0732 -0.291317 -0.0450588 -9.13581 -0.311222 -0.867381 -8.82449 -0.22253 -0.546847 -9.14773 -0.292473 -0.332727 -9.08559 -0.040966 -1.20961 -8.99055 0.365067 -1.59577 -9.01172 0.0902061 -1.39965 -8.94729 -0.352348 -0.671966 -8.87274 -0.415325 0.186102 -8.93277 -0.35878 -0.499197 -8.92952 -0.176693 -1.06806 -8.90418 -0.411831 0.00822627 -8.929 0.140965 -1.47105 -8.86845 -0.459568 0.678928 -8.81591 -0.388477 0.893522 -8.89694 -0.0863419 -1.28995 -8.73513 -0.478695 -0.307755 -8.76724 0.256306 -1.59749 -8.71427 -0.291668 -0.995054 -8.7364 -0.445915 1.14216 -8.7331 0.0448799 -1.45317 -8.63775 0.414162 -1.69604 -8.63678 -0.550735 0.376118 -8.67395 -0.397171 1.49084 -8.62026 -0.503056 -0.552544 -8.61912 -0.562782 -0.169065 -8.62692 -0.547367 0.04916 -8.68587 -0.500214 1.09453 -8.63244 -0.272999 -1.11024 -8.5639 -0.406448 -0.837078 -8.60781 -0.0623894 -1.38151 -8.52091 -0.555126 0.711944 -8.59299 -0.357979 -0.978495 -8.52933 -0.522495 1.24295 -8.43225 0.472008 -1.74262 -8.35163 -0.575298 -0.384596 -8.50943 -0.632881 -0.0377031 -8.45399 -0.625065 0.592425 -8.41399 0.10067 -1.53887 -8.32804 -0.206181 -1.21829 -8.46091 -0.58812 0.988871 -8.36886 -0.474766 1.42326 -8.37465 0.310398 -1.66848 -8.37465 -0.650455 0.363729 -8.3931 -0.481918 -0.78865 -8.33844 0.160484 -1.58582 -8.28843 -0.636768 -0.296648 -8.31934 -0.430237 -0.912808 -8.27337 -0.426498 1.56876 -8.31328 -0.578968 -0.527632 -8.32058 -0.118248 -1.33684 -8.22073 -0.324078 -1.08676 -8.20789 -0.61776 1.0237 -8.18337 -0.695293 0.204887 -8.20398 -0.690826 0.0559447 -8.20545 -0.675373 0.661283 -8.1654 0.48888 -1.74645 -8.0795 0.295399 -1.66208 -8.10489 -0.548836 -0.670955 -8.11216 -0.0722923 -1.38439 -8.13815 -0.480354 -0.833649 -8.10256 -0.590809 1.14974 -8.14896 -0.497166 1.43907 -8.08863 -0.644363 -0.386414 -7.97728 -0.219715 -1.21877 -8.05391 -0.69664 -0.0868027 -7.99589 -0.378197 -1.00636 -7.99532 0.0838165 -1.51571 -8.02374 -0.691219 0.692939 -7.95294 0.192577 -1.58473 -7.93075 -0.434902 1.57204 -7.97328 -0.487183 -0.803346 -7.9266 -0.717896 0.228704 -7.96879 0.0125198 -1.41849 -7.76541 -0.624657 1.02979 -7.90465 0.462234 -1.69651 -7.71176 -0.596935 -0.538717 -7.88284 -0.157917 -1.24807 -7.75782 -0.311672 -1.07856 -7.82931 -0.49437 1.37773 -7.77938 0.338139 -1.63696 -7.70657 -0.515587 -0.722613 -7.83388 -0.716541 0.369715 -7.81603 0.671928 -1.77492 -7.77689 -0.706024 0.0141299 -7.82247 -0.669617 0.79744 -7.79256 -0.60524 0.999067 -7.68962 -0.35416 -0.965914 -7.68794 0.146645 -1.5242 -7.74616 -0.661083 -0.259766 -7.77766 -0.398682 1.5292 -7.64996 -0.58036 -0.528885 -7.72671 -0.693691 0.434036 -7.64994 -0.617207 -0.32581 -7.58265 -0.474365 1.32554 -7.59861 -0.340721 1.61745 -7.62455 -0.643032 -0.179473 -7.55948 -0.41423 -0.80447 -7.57286 -0.684425 0.0696803 -7.63628 -0.66045 0.668995 -7.60469 -0.555534 -0.495047 -7.56356 0.0307999 -1.34471 -7.45709 -0.500156 1.15211 -7.46593 0.721062 -1.72668 -7.43814 -0.632729 0.52143 -7.42682 -0.251713 -1.03058 -7.49257 0.213745 -1.52106 -7.54471 0.367287 -1.5851 -7.45864 -0.558842 0.922252 -7.43279 -0.597363 0.743331 -7.42705 -0.331188 1.42428 -7.30106 0.618919 -1.65482 -7.30806 -0.446819 -0.635474 -7.43285 -0.616123 -0.012063 -7.3999 -0.632893 0.203343 -7.40852 -0.314194 -0.826691 -7.32219 -0.117989 -1.16014 -7.39149 0.203907 -1.44959 -7.37807 -0.51231 -0.488407 -7.40749 -0.551861 -0.231962 -7.31302 0.0178185 -1.24296 -7.25122 -0.410728 -0.557231 -7.23946 -0.471252 -0.466158 -7.29094 -0.511322 -0.337992 -7.27362 -0.579254 0.332292 -7.24112 -0.473003 0.802518 -7.13594 0.4296 -1.49582 -7.15059 -0.374077 1.21993 -7.18141 -0.420868 1.10398 -7.19792 0.11594 -1.29079 -7.18041 -0.172428 -0.940461 -7.1574 0.810215 -1.66451 -7.16045 -0.482174 0.100486 -7.04587 -0.482628 0.553641 -7.06724 -0.270992 1.4104 -7.1458 0.0305672 -1.1156 -7.06564 0.61982 -1.52665 -7.01389 -0.216595 -0.778862 -7.06848 -0.442898 -0.366102 -7.15133 -0.368782 -0.449268 -7.05986 -0.469707 -0.0786087 -7.06785 -0.381554 0.969475 -7.03048 -0.303478 1.1547 -7.00404 -0.14835 1.51405 -7.04876 0.271614 -1.2871 -6.98381 0.148022 -1.05811 -6.85443 0.887714 -1.62581 -6.99989 -0.408813 -0.0973372 -6.961 -0.470955 0.330759 -7.01075 0.0329895 -0.993736 -6.92153 -0.378693 0.747553 -6.93166 -0.270542 -0.419713 -6.89083 -0.440525 0.542492 -6.98299 1.17136 -1.61151 -6.79685 -0.129448 1.18454 -6.76608 -0.244347 0.988947 -6.81865 0.541214 -1.29724 -6.7009 -0.111069 -0.668757 -6.85592 0.0280075 -0.865861 -6.83557 -0.358013 0.54968 -6.86148 0.837532 -1.53675 -6.85087 0.0954742 1.36911 -6.62004 -0.222488 -0.263703 -6.76247 -0.361782 0.111556 -6.8519 -0.233971 0.814264 -6.73476 0.331287 -1.10496 -6.68754 -0.0707855 -0.484675 -6.69286 -0.267857 0.499637 -6.72758 1.00346 -1.52142 -6.70592 -0.129753 1.00508 -6.67688 0.703831 -1.31332 -6.57889 -0.169571 0.0298559 -6.62782 -0.259392 0.233861 -6.71206 0.175537 -0.903272 -6.69806 0.213886 -0.550918 -6.43336 0.0329361 1.19042 -6.57869 1.22419 -1.53564 -6.61761 0.898254 -1.34781 -6.51092 -0.108986 0.784817 -6.57601 0.506554 -1.0403 -6.46078 -0.0682869 0.590901 -6.50449 0.52837 -1.15844 -6.55068 -0.111977 0.316128 -6.53666 0.203438 0.989404 -6.31432 0.111584 -0.372424 -6.44285 -0.0176544 -0.194688 -6.50726 1.33469 -1.42047 -6.4203 0.377293 -0.771738 -6.40448 1.14566 -1.30405 -6.33897 -0.016407 0.0737564 -6.44964 0.186642 0.692003 -6.2569 0.275311 1.27514 -6.3707 0.719124 -1.15149 -6.40103 0.191944 0.414568 -6.22853 1.06334 -1.18125 -6.23685 0.178665 -0.212626 -6.31558 0.750813 -0.936294 -6.20791 0.200657 0.0243866 -6.23972 0.120338 0.23379 -6.29699 0.255798 -0.378225 -6.31157 0.961395 -1.04793 -6.17035 0.676517 -0.735548 -6.14854 0.401321 1.12495 -6.18674 0.479137 -0.498207 -6.18559 0.344585 -0.0420737 -6.12693 0.42107 -0.198208 -6.11206 0.442814 0.832242 -6.07113 1.12385 -1.00962 -6.06182 0.415157 0.203482 -6.03963 0.898701 -0.83135 -6.05155 0.526825 0.654041 -5.96567 0.455982 0.408187 -6.00332 0.707687 -0.518439 -6.00919 0.648102 1.13595 -5.99521 0.670284 -0.412709 -5.98675 0.696888 0.808072 -5.87379 0.578972 0.0179052 -5.93431 0.657127 0.992947 -5.95001 0.637962 0.477951 -5.86404 0.709663 -0.148893 -5.87768 0.902622 1.164 -5.85803 0.921944 -0.559046 -5.89592 0.742512 -0.333081 -5.90854 0.758041 0.145099 -5.7956 0.941509 -0.35303 -5.80688 0.834396 0.362237 -5.74259 0.786285 0.572718 -5.77722 4.84831 1.04398 -7.58628 4.54602 1.33809 -7.49009 5.00932 0.250069 -7.4696 5.07339 0.385832 -7.5024 4.76326 1.06592 -7.46993 5.02733 0.540509 -7.45638 4.81549 0.876671 -7.38814 4.91674 0.073418 -7.43764 5.02683 0.413772 -7.43026 4.94992 0.673609 -7.4218 4.63477 1.16242 -7.37595 4.9953 0.531005 -7.4016 4.29883 1.45103 -7.29669 4.75092 0.877324 -7.29218 4.58994 1.06809 -7.1985 4.96186 0.225631 -7.33027 4.98612 0.426426 -7.24997 4.93995 0.609089 -7.27779 4.89256 0.652569 -7.23704 4.97725 0.486197 -7.24116 4.43029 1.26883 -7.15292 4.5666 -0.278077 -7.17334 4.88898 0.146643 -7.26821 4.94218 0.282989 -7.25505 4.65723 -0.105955 -7.17747 4.59661 -0.12484 -7.09108 4.91084 0.349885 -7.14522 4.87285 0.601181 -7.16467 4.71088 0.81495 -7.13528 4.41711 -0.408446 -7.09587 4.11856 1.47813 -7.07773 4.36744 1.30827 -7.11118 4.83627 0.133604 -7.18367 4.8975 0.443195 -7.11119 4.77805 0.696064 -7.09813 4.73604 0.0796211 -7.09623 4.83495 0.492206 -7.07388 4.77582 0.621149 -7.03419 4.54531 0.982661 -7.07283 4.42213 -0.342219 -7.02116 4.64307 -0.0419014 -7.09654 4.83989 0.270711 -7.10905 4.05377 -0.646879 -6.98761 4.19649 -0.580791 -7.01167 4.67222 0.780506 -7.06219 4.3045 -0.466466 -6.99548 4.76059 0.196107 -7.05034 4.75347 0.319944 -7.04811 4.27323 1.30142 -6.99917 4.3756 1.14373 -7.02108 4.48783 -0.104498 -6.96312 4.58684 0.0820407 -6.96865 4.77084 0.551703 -7.00669 3.82276 1.54772 -6.98454 4.60202 0.716004 -6.96978 4.69716 0.4587 -6.93597 4.50436 0.78468 -6.92411 4.34975 1.04854 -6.91851 4.27489 1.18046 -6.90575 4.65629 0.238994 -6.91926 4.12184 1.34039 -6.88728 3.8269 -0.716562 -6.93355 4.66659 0.535646 -6.919 4.05605 -0.512372 -6.82422 4.23814 -0.404734 -6.87807 4.33145 -0.292359 -6.91276 4.04642 1.39568 -6.90015 4.68022 0.306522 -6.91823 3.87566 -0.600507 -6.7912 4.6315 0.55028 -6.86805 3.64242 1.54634 -6.85513 4.48389 3.4048e-05 -6.87566 4.60023 0.157152 -6.91299 4.67759 0.39857 -6.87112 3.51355 -0.763207 -6.77612 3.63979 -0.675405 -6.71755 4.43806 0.753097 -6.80096 4.33543 0.867805 -6.82535 4.24878 1.01169 -6.81619 4.25899 -0.268654 -6.86255 4.36742 -0.0557202 -6.81794 3.73749 1.45783 -6.78705 4.65463 0.306283 -6.76406 4.12134 -0.412227 -6.80609 4.18076 -0.298812 -6.84795 4.06353 1.1944 -6.7613 3.52926 1.54489 -6.74827 4.61077 0.244049 -6.77304 3.76455 -0.577637 -6.66161 4.67433 0.407356 -6.74286 4.54054 0.610034 -6.69199 4.15041 -0.298412 -6.80235 4.61223 0.5493 -6.73542 4.24567 -0.0846094 -6.75762 4.55747 0.147342 -6.70825 3.88381 1.33411 -6.74246 4.66958 0.342207 -6.73677 4.33016 0.805701 -6.78395 4.02377 -0.405576 -6.72036 4.12509 -0.225743 -6.72883 4.33848 -0.00724749 -6.75893 4.47651 0.0657819 -6.74608 2.80873 -1.00795 -6.59489 3.82841 -0.550495 -6.6943 4.15171 0.803378 -6.70036 4.30641 0.73229 -6.72431 4.04428 1.03638 -6.68508 3.87486 1.24598 -6.65345 3.67466 1.41734 -6.64471 4.61319 0.278353 -6.66703 4.4223 0.611058 -6.62319 3.92347 -0.402758 -6.63582 3.99319 0.885586 -6.61341 4.60891 0.519525 -6.6638 4.02505 0.0231852 -6.60218 4.59574 0.391945 -6.57789 4.25145 0.0462825 -6.67935 4.33746 0.121268 -6.61694 4.49411 0.212271 -6.56782 3.7741 1.29453 -6.5842 3.42245 1.5093 -6.52991 3.267 1.52422 -6.42075 4.1225 0.611279 -6.57073 4.06345 0.681963 -6.60752 3.92859 -0.307098 -6.58584 3.93804 1.01576 -6.59066 4.47152 0.566743 -6.59184 4.09012 0.0858399 -6.59462 4.57545 0.266093 -6.5789 3.02657 -0.884463 -6.52403 3.82981 -0.437252 -6.55474 3.97503 0.749915 -6.58594 3.9212 -0.164817 -6.55085 3.96186 -0.0439862 -6.57735 3.63 1.38938 -6.514 1.94818 -1.33678 -6.42954 2.51463 -1.08043 -6.43019 3.48429 -0.63269 -6.41681 3.60265 -0.579222 -6.43524 3.71673 -0.479171 -6.41878 3.8769 0.727571 -6.48718 3.94492 0.0666562 -6.51805 4.27491 0.234257 -6.49747 3.85127 1.14561 -6.54632 4.44991 0.494982 -6.51613 4.37614 0.233828 -6.53222 4.51926 0.365154 -6.53281 3.70545 1.26355 -6.40463 3.92226 0.587139 -6.45484 3.78048 -0.346057 -6.37619 4.35368 0.522068 -6.50523 4.17864 0.529099 -6.49719 3.87619 -0.0245872 -6.48707 3.87838 0.862459 -6.48871 3.87603 0.995575 -6.4917 3.50251 1.41557 -6.41715 4.36323 0.275961 -6.52269 4.30096 0.360794 -6.54359 2.71267 -0.910668 -6.24543 4.00931 0.49573 -6.39742 4.25573 0.465277 -6.49676 4.23181 0.442447 -6.48579 3.08848 1.5627 -6.30798 4.15092 0.252446 -6.46154 4.23152 0.295834 -6.47848 1.60694 -1.42583 -6.39949 3.77179 1.1586 -6.37533 1.77997 -1.34245 -6.3453 2.07116 -1.19547 -6.23707 2.18375 -1.18004 -6.29612 3.12397 -0.763187 -6.3399 3.84025 -0.159695 -6.42495 4.142 0.433924 -6.4121 3.78437 1.07078 -6.33479 3.97171 0.177831 -6.43178 4.05649 0.254211 -6.41317 4.18163 0.397493 -6.42133 4.03103 0.308202 -6.38738 3.55524 -0.464309 -6.21814 3.78222 -0.26523 -6.33358 4.07235 0.423782 -6.40293 3.82247 0.0946 -6.38681 3.82501 0.641304 -6.39428 3.79129 0.94629 -6.32583 3.64206 1.2232 -6.30102 3.4972 1.28995 -6.23299 2.87025 -0.843271 -6.24747 3.67489 -0.384955 -6.28126 3.79702 0.013449 -6.36271 3.93599 0.262721 -6.35515 1.50327 -1.28257 -6.21692 3.95176 0.436137 -6.35017 1.35324 -1.25449 -6.21232 3.35299 -0.595108 -6.25249 3.72376 -0.0673398 -6.24177 3.71576 0.1621 -6.23772 3.81787 0.489493 -6.27852 1.65178 -1.25129 -6.19003 3.30454 1.3963 -6.24687 2.4211 -1.00542 -6.14705 3.70409 -0.172667 -6.24076 3.6093 0.106006 -6.0992 3.7789 0.256545 -6.25496 3.84462 0.410238 -6.28652 1.87813 -1.16002 -6.11033 3.15098 1.41829 -6.13928 3.03493 -0.75644 -6.22373 3.14621 -0.618996 -6.10421 3.73319 0.50717 -6.19907 3.60299 0.745921 -6.09112 3.56308 1.14819 -6.16159 3.33728 1.2754 -6.13811 3.57966 -0.237335 -6.11177 3.71092 0.361691 -6.14472 1.28444 -1.06293 -6.04235 3.59316 1.00894 -6.12578 2.24197 -1.0214 -6.04696 2.69245 -0.845957 -6.08484 3.36245 -0.474124 -6.13079 3.61513 -0.104635 -6.11061 3.58867 0.29019 -6.04474 2.03767 -1.11281 -6.09228 2.88505 1.48739 -6.0457 3.50055 -0.382982 -6.13106 1.51885 -1.13285 -6.06495 3.64058 0.610272 -6.10924 3.10937 1.33166 -6.01641 2.79013 -0.761287 -6.02709 3.46418 1.04178 -6.05373 3.37022 -0.305732 -6.0426 1.72569 -1.02981 -5.9662 3.55637 0.764551 -6.05448 1.90852 -1.05468 -5.99805 2.2142 -0.984774 -5.98548 2.90536 -0.638685 -5.96093 3.56736 0.478459 -6.03716 3.50183 0.0033597 -6.02421 2.56209 1.56024 -5.96329 3.48555 0.150625 -6.00705 1.09713 -0.729921 -5.89389 3.45922 0.881193 -6.02734 2.47555 -0.85734 -5.9638 2.92522 1.37665 -5.95807 3.30807 1.06222 -5.97391 3.18486 1.20323 -5.9647 3.04595 -0.524318 -5.94634 3.38012 -0.0796308 -5.9729 3.29542 0.924503 -5.92434 3.39059 0.690037 -5.96183 1.26406 -0.826264 -5.8914 2.62695 -0.742071 -5.91082 3.21376 -0.346573 -5.93334 1.48043 -0.915181 -5.89644 3.44318 0.4783 -5.97363 2.13381 -0.885731 -5.86103 3.37457 0.383557 -5.92922 3.23661 0.763428 -5.854 3.23432 -0.134592 -5.87768 3.19543 1.06507 -5.90394 3.25093 0.506557 -5.83857 3.25826 0.594123 -5.84947 2.3026 -0.794342 -5.82827 3.15654 0.970493 -5.85668 2.69756 -0.615926 -5.83033 2.56187 1.41152 -5.82228 2.87209 -0.477151 -5.82155 3.27672 0.176683 -5.85875 1.91432 -0.818742 -5.79848 1.47942 -0.797078 -5.82 2.46181 -0.683449 -5.79608 1.16711 -0.59768 -5.80082 0.859978 0.808366 -5.78292 3.08799 -0.248276 -5.8301 3.01105 1.02484 -5.80354 2.91681 1.20557 -5.83509 1.2686 -0.678084 -5.80797 3.05102 0.803851 -5.77332 0.953297 1.06845 -5.80245 1.10038 1.11195 -5.76516 2.72727 1.27651 -5.79723 1.35427 1.35801 -5.78365 2.08039 -0.714686 -5.73333 2.19265 1.4229 -5.74089 2.50436 1.36794 -5.77557 1.16843 -0.264037 -5.68492 1.0364 0.818651 -5.70447 2.43361 -0.543882 -5.70481 2.69197 -0.429448 -5.72582 1.09032 -0.0157161 -5.65944 2.85875 -0.277214 -5.7236 2.92823 -0.0554343 -5.70755 3.02277 0.133665 -5.7296 1.71111 -0.637853 -5.70447 3.05985 0.370049 -5.73924 2.7035 1.1398 -5.72086 1.05296 0.588074 -5.6563 2.95256 0.585946 -5.70113 1.27452 1.06337 -5.68615 2.79159 0.966087 -5.69508 1.47499 -0.555198 -5.70072 1.89481 1.38224 -5.70146 1.31012 -0.462748 -5.69936 2.44617 1.15465 -5.65138 2.4269 -0.321215 -5.61753 2.78111 0.689933 -5.63247 1.4188 1.18673 -5.68793 1.65281 1.23508 -5.65913 2.89168 0.128501 -5.66731 2.01504 -0.621302 -5.68089 2.11341 1.23521 -5.62746 1.06928 0.260802 -5.64012 1.19861 -0.0732363 -5.62935 2.8372 0.417186 -5.63518 2.61945 -0.204302 -5.634 1.29958 0.79623 -5.60694 2.77537 -0.110629 -5.6573 1.41456 -0.230179 -5.60407 1.93405 1.15832 -5.59094 1.5577 0.968947 -5.58242 2.11505 -0.443954 -5.60818 2.50738 0.962379 -5.60412 1.81734 -0.369557 -5.57477 2.70689 0.0208134 -5.61723 1.64822 -0.262005 -5.57044 1.42053 0.761235 -5.56692 2.58309 0.418642 -5.55613 2.50034 0.256219 -5.53712 1.53613 0.00901551 -5.5292 2.12635 -0.23091 -5.54007 1.30746 0.338963 -5.56119 2.34851 -0.178036 -5.55866 1.3465 0.603588 -5.5594 1.73755 1.03398 -5.56955 1.87404 -0.246078 -5.53447 2.0599 1.13689 -5.57974 2.50121 0.761724 -5.55896 2.30267 0.978233 -5.55757 2.39664 0.731168 -5.52212 2.32496 0.0455373 -5.50966 1.59949 0.673422 -5.50873 2.00153 0.936197 -5.5132 1.81176 0.827481 -5.50195 2.28687 0.482495 -5.47245 1.51678 0.32697 -5.51095 1.66598 0.291468 -5.48533 2.23503 0.758744 -5.49176 2.0337 -0.0365402 -5.49025 1.84236 0.068285 -5.48124 1.81933 0.495798 -5.46506 2.20624 0.183269 -5.46905 2.03691 0.534129 -5.45069 1.99471 0.283912 -5.45534"/>
    <Normal vector="-1.59306 0.943992 -5.01634 2.52924 -0.508629 -5.03353 -2.1382 0.100431 -5.20518 0.235686 -0.226715 -5.81024 1.00113 -1.41041 -5.37055 -3.2963 -0.595026 -4.72722 -3.26129 0.518242 -4.75831 3.29504 -0.225601 -4.77063 3.23973 0.218618 -3.93714 -2.12288 0.198639 -5.47795 -1.17024 1.40658 -5.54013 3.54148 0.425252 -4.45193 -4.63008 -1.74992 -3.46195 -1.9067 -2.41637 -4.47987 -4.30158 1.0293 -4.45563 5.75782 -0.684321 -1.58735 3.54865 -2.15719 -3.38525 4.70085 -0.681707 -3.44569 5.75096 -0.166165 -0.276988 0.204644 0.534142 -5.62891 2.41141 0.232003 -3.57524 -2.61583 0.42452 -5.24678 -2.28863 0.547401 -5.34355 2.60525 -0.458705 -4.38632 5.78392 -0.482758 -1.56044 5.98002 -0.0732793 1.13238 5.98403 -0.490333 -0.409815 5.84808 -0.673373 1.75971 -4.34786 0.943391 -4.4309 5.47078 -0.54409 0.480324 -4.91423 -0.00900802 -3.87934 0.86004 -3.71002 -1.99343 -3.7847 0.716014 -4.79024 -4.65701 0.827589 -4.13332 5.72225 -0.687864 1.59531 5.14334 0.0463302 -2.59685 -1.92462 1.18492 -4.90193 3.08308 0.363456 -3.59085 5.81352 0.632661 2.09873 5.58423 0.0680377 2.79979 5.57504 -0.677555 0.88906 5.25227 -0.655167 3.08474 -3.16104 -4.22188 -2.3484 5.93721 0.180528 -1.51345 -2.87472 1.36709 -5.11408 -4.45553 1.34832 -4.19851 5.23187 -0.370592 3.42741 1.90772 0.815101 -4.98945 -4.61972 0.515707 -4.19924 -4.53405 0.790467 -4.26534 5.40957 -0.549603 3.08026 3.82616 -2.7221 0.620364 5.48664 -0.0730031 1.20956 -4.9896 -1.95321 -3.02712 5.64938 -0.768231 2.37849 5.78139 -0.0786192 -0.690138 -0.140269 -5.94277 -0.467287 -2.59387 0.281895 -5.2974 5.35381 0.659782 3.19867 3.32252 0.28646 -4.09693 1.51489 0.325513 -5.38455 -2.54667 0.951811 -4.82288 5.21642 -0.155102 -1.9405 -4.36948 0.977648 -4.396 5.10056 -0.769752 3.56606 5.06709 -1.14574 3.52605 -0.220224 0.804632 -5.84228 4.86104 0.150939 -2.39864 3.54372 -0.373157 -4.2171 -4.03865 0.875492 -4.64984 -2.27038 0.346932 -4.89735 -5.01292 -0.289002 -3.73489 -4.41634 0.670937 -4.25444 5.25327 -1.03601 2.60977 5.92492 -0.333706 0.897574 5.34346 -0.155215 3.2195 5.53488 -0.217766 2.94113 -4.19159 0.747348 -4.60406 -3.56525 -4.49371 -2.3523 5.20965 -1.14166 3.3097 -4.43575 0.823647 -4.36542 -4.10698 0.291308 -4.73768 5.36771 -0.155205 3.19945 5.7121 -0.633816 2.26934 5.19058 0.0569462 3.51928 6.02335 -1.09367 0.981425 -4.43896 1.07533 -4.10561 5.52647 -1.49152 -0.117447 5.43081 -0.0243551 -1.67279 0.163224 -5.01953 -0.529338 4.15562 -3.14632 2.00698 5.00264 -1.2231 3.59349 -5.03447 -1.65 -3.1811 5.57135 -1.0986 2.58314 5.36374 -0.752101 2.07033 -4.93556 0.459729 -3.81975 5.8995 -0.384902 1.94464 5.25477 -1.2729 3.16399 -4.4737 0.912015 -4.27108 5.36212 0.393395 3.12373 4.95476 -0.78032 3.72116 5.18769 -1.13959 3.2714 -4.31539 0.786683 -4.47816 5.35972 0.235553 3.15369 -4.54648 -3.2027 -2.83505 5.03168 0.163642 3.67215 -4.46546 1.1227 -4.27054 -4.26402 0.834622 -4.52238 -5.19322 -0.483964 -3.41789 -4.97963 0.431856 -3.79664 -3.34907 0.554365 -5.23429 1.17756 -5.0461 -0.0296025 -3.79074 1.46699 -4.59035 5.09229 0.549184 3.63333 -4.80279 1.11411 -3.85182 -4.63976 0.75204 -4.14804 5.25562 -0.431148 3.41013 -4.38275 -0.00232814 -4.47848 -5.04349 0.553769 -3.65403 -2.1808 -5.01934 -2.09467 -3.35872 0.669423 -4.46282 5.2536 -1.84913 2.52764 5.44954 0.512929 3.05427 -5.15383 -0.0232723 -3.58996 -5.1606 -1.52622 -3.13514 -4.59349 0.200413 -4.26368 4.73378 -1.45138 3.85198 5.02763 -0.0766111 3.656 4.91423 -1.47606 3.49707 -3.96376 2.24504 -4.26478 2.7994 -4.18267 0.688658 5.51554 0.158917 2.96338 5.08037 -0.406508 3.66145 4.93286 -1.12746 3.70668 -5.31521 -0.566812 -3.29043 4.86962 -0.570677 3.85081 4.78138 -0.443019 4.00908 -4.95207 -0.808977 -3.7787 4.57972 -1.25826 4.07726 -4.53347 0.862161 -4.0431 -4.85571 -2.51327 -3.0811 -2.82693 -4.55174 -2.14968 -4.84287 0.563248 -3.91627 4.50787 -2.83058 2.22038 5.06465 -0.572913 3.5736 -4.74445 -0.0788478 -4.03298 4.65455 -1.45152 3.94968 0.357755 -5.22595 -0.141877 -4.63435 0.507029 -4.18794 5.28921 0.0937473 3.34448 5.04441 -0.267618 3.72904 4.92055 -0.916283 3.74099 -5.00186 0.135074 -3.77356 -5.15039 -1.57602 -3.1875 -4.61022 -0.552072 -4.1917 4.98615 0.251607 3.74507 5.03851 0.459906 3.71681 4.55988 -0.97183 4.20724 4.95506 -1.0889 3.67839 2.32131 -4.45451 1.36677 5.49087 0.41659 3.00929 4.88866 -0.619976 3.86316 -4.81039 0.118435 -4.01488 -4.63509 -0.40222 -4.07181 5.07794 0.351605 3.66948 -4.77615 -2.64256 -3.01054 5.10945 -0.585606 3.07026 -4.96518 -1.07947 -3.65543 -5.1822 -0.562615 -3.49433 -4.68973 0.539779 -4.12214 4.64953 -0.844251 4.03438 -4.68119 0.418096 -4.16569 -2.40547 -4.71279 -2.34569 4.93278 0.239198 3.87778 4.94164 -0.409515 3.83965 1.64118 -5.21498 0.288424 5.255 0.355354 3.19421 -4.9524 0.477895 -3.83128 5.18874 0.536266 3.47646 -4.74823 -1.03028 -3.96934 -4.86572 -0.166302 -3.9081 4.85466 0.241043 3.93107 4.4616 -0.953738 4.26664 4.83266 -2.41823 2.82964 -5.25871 -1.67517 -2.88728 4.64776 -1.23633 4.03643 4.5446 -1.07006 4.18674 5.4923 -0.117779 3.01711 5.23216 0.229993 3.29489 4.72265 -0.759344 4.06602 -4.9324 -0.89223 -3.75235 4.94778 0.398334 3.83332 4.66457 -1.09849 4.05362 4.86966 0.0962291 3.89121 1.85953 -5.32256 -0.0905131 -2.15633 -4.60145 -1.91572 -4.72286 -0.82995 -3.71379 5.04772 0.608915 3.67461 4.80344 -0.761314 3.97586 4.74269 -0.971661 3.99418 3.20762 -3.87272 0.875763 -4.92266 0.638357 -3.84419 5.39399 0.288998 3.14155 5.08523 0.741806 3.51467 -4.71642 0.196137 -4.13473 -4.79308 0.815551 -3.94915 -5.11821 0.410086 -3.61852 -5.0035 -0.661979 -3.60774 -4.51339 -0.664239 -4.30245 -4.95028 -0.87103 -3.64988 -4.77192 -2.99111 -2.64712 5.23142 -1.19495 2.40602 4.96559 -0.248494 3.82984 -4.61918 -1.17332 -4.04158 -1.75041 -5.10789 -1.55746 5.37198 0.0282938 3.20495 5.03927 0.712921 3.6733 5.26731 1.12479 3.21256 -5.03167 0.860274 -3.6239 4.76626 -0.718909 4.01569 -4.88036 -2.28206 -3.16305 2.55277 -4.48532 0.882176 4.87812 0.738451 3.88777 5.0486 0.101431 3.71571 4.79549 -1.07848 3.85375 5.31505 -0.624894 2.93333 5.15701 -0.454428 3.50117 -4.57922 -0.692998 -4.19149 -4.8336 0.660785 -3.92257 -4.79429 1.35478 -3.82221 -5.00612 -2.93663 -2.31566 -4.885 -1.95725 -3.25186 -4.9197 0.866702 -3.72579 -5.04013 -0.434937 -3.53003 2.61954 -4.12297 1.11017 -2.80179 -4.40835 -1.58224 4.85445 1.06485 3.75221 5.22528 -0.289847 3.46524 4.76261 -0.946728 3.98185 5.07474 -1.06535 3.446 -5.11 0.508339 -3.60863 4.89536 -0.917137 3.8235 5.32554 0.250881 3.27162 -4.65471 0.139778 -4.18888 -4.51416 1.07317 -4.20657 -1.62651 -5.0224 -0.528393 4.88714 1.01153 3.48277 4.84716 0.831092 3.81775 4.92454 0.858418 3.78519 5.02283 -1.13041 3.57115 5.11281 -0.535763 3.56411 5.25039 -0.267625 3.42621 -4.33781 -3.33313 -2.42953 -4.58725 -3.17698 -2.74224 -4.40336 0.958868 -4.25431 -4.81414 -2.00295 -3.46799 -5.2183 -0.174582 -3.37247 -5.25872 -1.17793 -3.15762 -5.25273 -0.0141048 -3.40072 -5.38031 -2.2726 -1.83809 -4.55935 -1.64024 -3.56687 5.23804 -0.164824 3.32854 4.83495 0.751963 3.93063 -2.37354 -4.85178 -0.734985 4.92541 1.35276 3.57892 4.7119 1.54287 3.75696 5.03565 -0.520277 3.56924 5.03245 0.125036 3.74962 -4.20268 0.766667 -4.58634 -4.89151 -3.10141 -2.32976 -5.17857 -2.51832 -2.40984 4.70694 -0.218047 4.1375 -4.61304 0.919044 -4.07782 2.71429 -3.98194 1.84815 4.81789 -0.958717 3.69689 -3.78849 -4.36523 -1.75796 -5.32663 -2.36967 -2.05951 5.05647 -1.37891 2.80689 -4.95304 -0.0571087 -3.80377 1.21555 -5.14144 0.727132 5.01963 -0.189457 3.74026 -4.78833 -2.77668 -2.87284 -4.16718 0.986485 -4.5482 4.93799 -0.520209 3.83686 4.70019 0.913811 4.05388 5.43624 0.945797 2.99145 -4.8462 -0.514247 -3.54828 4.71924 -1.18046 3.95795 -4.69737 0.273019 -4.11237 4.91605 -0.126855 3.89939 -4.83366 -2.27256 -3.27948 -4.44189 -3.38912 -2.7899 4.7855 -0.205487 4.0161 5.21649 1.84933 2.93931 -0.980112 -5.00922 -0.539673 -4.5919 -2.9853 -3.04776 4.9013 1.96495 3.3106 -4.35806 1.4397 -4.22634 -4.82554 -2.51193 -2.94342 4.7575 -0.760134 3.98747 -4.58099 1.21938 -4.09624 -5.05653 0.0710167 -3.69175 -5.23728 -1.13957 -3.18771 4.74463 0.0468297 4.10951 -4.88214 -2.01747 -3.32564 -5.00462 -2.18217 -2.89604 -5.24264 -0.288431 -3.42793 4.85057 0.515231 3.85344 4.32822 -2.62213 1.83786 -3.87861 -4.22542 -2.39945 -4.85082 0.786837 -3.79727 5.62277 1.3316 2.40811 -4.82959 1.55392 -3.65094 4.67542 -0.971204 4.06642 -0.551556 -5.47919 -0.746419 4.67969 -0.302143 4.06677 4.9778 2.72929 2.61315 -4.6435 -2.93378 -3.03145 -5.28271 -0.61071 -3.33616 4.99761 0.0903554 3.78318 4.83074 0.172932 3.99637 -1.42178 -5.66581 -1.23426 2.56101 -5.17746 0.686916 5.10192 0.101504 3.60441 -4.46292 -3.31314 -2.86642 -4.82932 -2.60229 -3.01026 -5.13762 0.244557 -3.52543 -5.07559 -1.93394 -3.12621 -4.96645 -2.08228 -3.20627 4.90366 -0.630659 3.85304 5.16739 1.38542 2.936 -5.34275 -0.821538 -3.19328 -3.53227 -4.54999 -2.32929 -0.923123 -5.57761 -1.48602 5.73189 -0.543527 1.85008 3.71081 -4.12514 0.302631 4.72067 -0.753693 4.0365 5.32251 0.70681 3.16287 5.04649 -0.187305 3.66341 -5.13606 1.84599 -3.06675 -5.01743 -2.55913 -2.64653 -5.30418 -1.82425 -2.78664 4.69826 0.0817572 4.00618 4.93168 -0.162266 3.28768 5.15191 2.46749 2.42754 4.73764 3.10759 2.6521 5.18609 2.09245 2.69456 4.9271 1.06041 3.70767 0.368227 -5.31787 -1.02741 -4.6727 -3.03888 -2.87264 5.58794 1.02868 2.39189 4.89219 2.98789 2.54786 -4.86817 -2.66782 -2.92186 5.36359 1.58551 2.61331 -5.0479 0.0745393 -3.6647 -5.05296 1.17175 -3.539 5.16492 -0.537211 3.49577 4.75443 -0.0433959 3.94019 4.8517 1.62903 3.59524 4.67551 1.27631 3.69709 5.08218 -1.92561 1.2845 2.87243 -4.58953 0.363951 4.57345 -0.262763 4.22105 -4.04685 -3.93449 -2.70461 -5.01325 -2.14851 -3.11366 4.58735 0.0670867 3.73865 -1.16235 -5.41948 -1.12657 4.61657 0.662253 4.17241 -4.93219 -2.49511 -2.96296 4.78026 -0.181614 3.87182 4.91448 -0.565041 3.84124 4.49522 3.0796 2.84181 4.76383 2.81635 2.87525 4.6811 1.007 4.0335 4.62918 1.37926 3.99214 4.70968 -0.493026 3.82729 4.7766 -0.51124 4.02672 4.87121 -0.0343591 3.95091 -5.06593 -1.64031 -3.23194 -2.78138 -4.9746 -2.45967 4.30238 -3.02512 1.22439 5.25499 0.44307 3.29416 5.17797 -1.12347 3.31671 -5.18396 -2.21434 -2.75741 4.35021 3.01405 3.329 4.71226 -0.720408 4.04357 4.81996 0.569325 3.89916 0.468236 -5.76028 -1.26257 -4.07041 -3.85754 -2.69468 4.9698 -1.06895 3.68594 5.47326 1.67029 2.23296 -5.02549 -2.12867 -3.10576 4.87752 1.82388 3.20988 -4.82083 -1.61145 -3.59349 5.19444 -0.558558 3.20786 -5.06992 -2.15711 -2.91746 -5.00957 -0.463183 -3.71553 5.05473 0.391439 3.57832 4.71917 -0.452236 4.01473 4.49377 3.18175 2.9809 4.38853 3.38272 2.74071 4.83598 -0.198638 3.8368 -3.26395 -4.75486 -2.26051 3.27915 -4.94406 -0.213046 -4.76602 -3.08494 -2.63794 5.0643 1.53169 3.25006 -0.712046 -5.57847 -1.72055 5.63096 -0.874207 1.33936 4.75876 3.11259 2.25631 5.33403 0.425752 2.76187 4.83799 2.39517 3.13397 4.35655 0.422776 4.03131 5.29633 -0.554508 3.29749 -4.69308 -2.29643 -3.43267 4.98778 0.654202 3.57068 5.64457 -1.53304 0.677193 -4.84432 -2.67288 -2.97023 4.95615 -0.599174 3.738 -4.26147 -4.03999 -2.02567 5.86915 -0.28634 1.02768 5.21988 2.13208 1.77355 5.62357 0.202895 2.75797 5.09819 -0.306101 3.05369 4.23676 3.7216 2.50574 4.24628 3.76527 2.67236 4.59868 3.16137 2.62045 3.71172 -4.49903 -0.397591 0.535433 -5.66349 -1.07498 5.21791 0.354496 2.63518 -2.96936 -5.18099 -1.5843 -4.69975 -2.34576 -3.43724 5.55436 -0.247841 1.18658 5.3095 1.70878 1.71705 5.30574 2.16781 2.41484 -4.67562 -3.28399 -2.59469 6.10992 -0.293136 1.03572 5.86311 -0.574828 0.198801 5.98737 -0.494278 -0.616027 5.16468 -0.84536 -0.780005 4.40918 3.65912 2.50101 4.36979 4.11977 1.82089 -1.66937 -5.81732 -1.0758 5.01861 3.36969 1.19679 5.70535 0.263841 0.279819 4.82258 -0.952338 -3.3828 4.39181 3.27884 3.05175 4.86227 2.73782 2.28644 6.12443 0.142616 0.636038 5.82422 -0.712523 -1.85574 4.74924 -0.233945 -2.83668 4.5462 -0.527851 -4.07374 5.75641 1.9025 1.50809 5.90154 1.57972 1.2043 3.87674 4.61882 1.69253 5.61928 -1.81433 -1.86417 4.36884 -0.906113 -3.33727 5.02323 -2.47378 -0.348045 5.56885 2.24186 0.297526 4.0176 -0.863106 -4.6729 -4.50729 -3.0143 -3.14826 5.21483 2.73673 1.73613 3.42688 -0.963172 -5.17317 3.94595 3.8405 2.99316 5.58478 -1.50072 1.43598 3.27571 -4.72396 -1.78139 3.72324 -1.79484 -4.50081 1.69988 -5.73854 -1.11653 -4.34975 -3.97668 -2.15426 5.71743 -0.00828674 1.84314 5.55845 2.33279 1.60702 3.50376 -2.82314 -3.8639 -3.84095 -4.64356 -1.75974 3.55586 4.62682 1.66974 4.36104 3.09487 1.94642 -4.20687 -3.77616 -2.7264 3.90759 -1.39242 -4.68563 2.82992 -1.72439 0.872329 2.01845 -4.94367 -2.97362 4.93016 -2.96696 -0.827913 4.13701 4.64867 0.7296 4.67641 3.22634 2.02481 5.52717 2.86859 0.49353 5.09295 1.62281 2.95052 3.86679 0.880124 2.67657 5.11348 1.84694 1.59917 3.66093 5.02488 0.69355 -3.21217 -5.2095 -1.3038 5.96002 0.841909 -0.156733 4.74976 0.499107 3.09032 4.95928 3.11321 -0.073448 3.61958 -1.14715 -4.99816 4.16698 3.2732 3.26275 4.35948 -1.09612 3.21728 3.43869 4.95257 1.172 -0.173171 -5.77592 -2.26303 3.13714 -4.08577 -3.54929 4.00065 -2.67322 -3.98615 -0.316242 -5.99167 -0.533223 -3.76286 -4.43756 -2.34855 4.30814 4.45719 0.6399 4.70014 0.959052 2.37035 5.20478 0.947389 2.37632 2.85819 1.33093 4.26749 1.76562 -4.82559 -0.912462 3.85423 -1.73822 -4.64281 3.28869 2.81145 4.08717 3.42706 3.64718 2.70247 3.22533 2.59736 3.81905 3.31962 0.893266 2.94814 2.62445 -0.0900804 1.56283 3.41673 -2.57445 1.63833 1.12265 -4.44631 -4.19579 3.55237 -2.29071 -4.63571 3.6386 -1.55132 -4.87657 2.17831 3.9917 4.24503 3.02002 1.45842 2.64312 2.02632 -3.29213 4.80011 2.63674 -1.22551 2.40024 4.66504 3.51691 0.762108 3.32338 4.03294 0.106904 3.52134 0.845244 -1.3851 3.74781 -1.79075 -2.00893 0.80672 -3.10251 -3.65065 -0.797791 -4.65373 -4.06307 2.73099 -3.26584 -4.57701 4.05676 3.49306 3.00366 2.98338 3.85774 2.95622 3.64538 0.0266709 4.11525 4.17732 -0.811678 -4.01031 0.367394 -2.87288 -5.38515 3.0226 4.92226 2.29227 2.27001 3.40265 3.35783 2.407 3.59836 2.45806 3.65583 2.50481 0.545685 5.73035 0.540409 1.60621 5.17475 -1.01065 0.628159 0.167204 -3.61895 -5.11488 1.32474 -3.25768 -5.17266 5.16461 0.939145 -0.96687 4.43982 -1.07036 -0.785692 1.44492 -3.05333 -4.97746 1.73493 -2.5988 -4.70459 2.69495 0.310884 -5.00551 -2.7334 1.00885 -4.73639 1.05506 0.580811 -4.92948 5.73552 -0.331426 -2.02446 4.18353 -0.00907768 -3.84931 -4.11601 1.49418 -4.41429 -2.70807 1.25846 -4.97146 1.97643 -0.420542 -4.48245 -1.92589 0.898622 -5.57201 3.33376 -0.0661072 -3.54651 -4.71057 1.00655 -4.02103 5.81448 -1.50375 0.381581 5.00374 -2.06472 0.111074 -4.1468 1.18832 -4.48974 2.7525 -0.420016 -4.59418 -2.3294 0.65217 -5.43928 2.19265 -0.603365 -3.334 2.29861 0.625084 -5.2861 -1.9756 1.44432 -5.17669 1.34187 1.18822 -5.14462 -4.47177 1.44734 -4.16426 5.22473 -1.48127 1.2462 -3.78403 0.630794 -4.96426 5.99865 -1.12018 -0.217192 5.32488 -0.26617 3.19701 5.54341 -0.212608 -2.02063 4.61009 0.707304 -3.0567 -2.63181 2.14189 -5.11813 5.75507 -0.645786 1.57882 5.27542 -1.67239 2.89923 -4.01746 0.500495 -4.79274 5.4407 -1.08955 2.64307 4.95057 -0.715946 3.64264 5.67284 -1.14024 1.42009 0.115158 1.38143 -5.99359 -3.17664 1.63584 -4.93655 3.99998 0.651952 -4.38974 4.69672 -1.54951 3.78641 -3.9148 0.543219 -4.76959 -4.24562 1.51715 -4.28006 5.38279 -0.699521 3.14156 5.97704 -0.732685 -0.380454 -4.3863 1.00799 -4.37122 2.6563 0.826371 -4.5862 -0.944088 2.01184 -5.27868 1.30813 3.93817 -3.28685 4.87118 -1.01195 3.77676 -4.59381 1.07883 -4.12923 -4.59562 0.597695 -4.21569 -4.3711 1.07586 -4.31723 -4.48363 1.23068 -4.17825 -4.42883 1.31061 -4.18748 4.79483 -1.32571 3.82688 4.05424 1.95733 -2.11493 -3.88071 2.16695 -4.024 -2.25569 3.85559 -3.41033 -4.48269 0.932361 -4.24755 -4.77987 1.88495 -3.60464 4.3608 -1.20179 4.3007 -4.42788 1.11513 -4.27562 5.22268 -1.77745 2.46313 5.59474 -0.42082 0.886689 4.82571 2.26918 0.892773 -1.18459 5.08739 -1.20135 -4.67359 1.71674 -3.82203 -4.70789 2.40368 -3.21683 4.74651 -0.954169 3.7413 4.91093 -2.10275 3.09682 5.15973 -1.70137 3.10035 -4.22565 3.80044 -2.45623 2.65251 4.60824 0.409581 4.3439 -1.3842 4.25815 4.544 -1.57065 4.03794 5.12574 1.15935 2.74345 4.62964 -0.563022 4.20262 4.38091 -0.917983 4.28542 -4.19396 1.32263 -4.46008 4.71641 -1.6278 3.71552 4.94347 -2.01978 3.26249 4.50952 -2.1479 3.8078 -3.82284 1.47197 -4.66759 -4.61065 1.04784 -4.12811 2.017 5.05606 1.33162 4.49323 -0.86095 4.29328 -4.41729 1.51494 -4.10895 -4.79098 2.13541 -3.43652 -2.43512 5.50447 -1.34723 4.10766 3.1276 2.30323 4.6768 -0.927131 3.98178 -4.13958 0.804963 -4.59379 -4.56667 2.29299 -3.61969 4.67651 -0.871438 4.04596 4.60608 -1.07387 4.06034 4.27486 -2.62736 3.74115 -4.85246 2.46072 -3.12894 4.78047 -2.49775 3.05673 5.19819 -0.671243 3.24954 -4.32387 1.81175 -4.1521 4.75542 -0.234764 4.09859 -3.80449 1.07268 -4.71196 -4.5748 2.48283 -3.51437 -3.7451 1.32589 -4.77952 -4.0535 3.48735 -3.16578 -0.735114 5.76783 -1.42575 4.5011 -2.22186 3.51958 -2.13231 4.89323 -2.84696 3.30816 4.83916 0.554801 4.95066 1.12742 3.00121 -4.48746 1.41366 -4.00314 -4.77234 0.71937 -3.99883 -3.68202 1.62557 -4.59954 0.903067 5.32045 -0.795159 -4.61327 1.43345 -3.91176 -4.16288 1.96817 -4.12698 4.47784 -1.74732 4.02791 -4.5265 2.25379 -3.71836 4.37232 -2.10901 3.88392 4.65768 -0.816948 4.06468 -4.78947 1.27001 -3.85226 4.25434 -2.7843 3.59204 -4.55173 2.88237 -3.21865 4.51172 -2.14122 3.67505 4.62782 -1.73426 3.80209 4.6103 2.67184 2.43339 4.50085 -1.8164 3.93045 4.73101 -0.352821 4.0953 4.22671 -2.31795 3.8998 -3.63259 3.96572 -2.31495 4.49635 -1.24487 4.16643 4.89197 -0.113724 3.63725 2.34298 4.2378 0.713801 -0.128542 5.05602 -0.104295 -4.71584 1.3097 -3.67924 -4.40454 2.44711 -3.73522 4.76858 -1.54429 3.61572 -5.04786 0.599484 -3.67849 4.78733 -0.0649864 4.04803 3.40891 3.35752 3.11028 -4.809 1.90945 -3.50491 4.84374 -0.387331 3.95757 -4.06885 2.41382 -4.1066 -4.03476 3.27732 -3.51233 4.56201 -2.40214 3.57734 -4.82959 1.71983 -3.62103 4.7718 -1.40042 3.72252 -0.683586 5.34268 0.828856 -3.63072 4.46497 -1.07834 -5.07018 0.519993 -3.60342 4.91554 -1.75738 3.4732 -4.4029 2.12206 -3.8746 4.45069 -2.65876 3.46383 -4.17446 3.92064 -2.49668 4.95364 0.707485 3.74883 4.51233 -1.88357 3.92725 4.6882 -2.53208 3.26022 4.89775 -0.0768694 3.90429 -3.82984 1.14225 -4.82066 4.73689 -1.32242 3.7428 -4.66522 2.17638 -3.54116 4.95315 -0.182613 3.83875 -3.54423 4.34973 -2.7699 -4.90919 1.22202 -3.69934 2.48249 4.81737 1.53386 -5.11381 0.553066 -3.27019 -4.86989 1.86367 -3.466 -4.88633 1.12249 -3.5351 4.67922 -2.17231 3.55868 4.49764 -2.66188 3.47245 4.96799 -1.05289 3.47576 -3.43893 3.95215 -3.3554 -0.89681 5.28586 0.0913199 -5.05216 0.364362 -3.70231 -4.66499 1.40369 -3.86593 4.92395 -1.21156 3.66939 -4.07196 1.73281 -3.8633 5.04805 -0.658497 3.64499 4.82583 -1.74564 3.52605 -2.76828 5.28482 -1.59145 3.51489 2.31389 2.56149 4.55874 -2.42749 3.5283 5.08562 -1.20645 3.26134 4.60016 -2.37293 3.55345 -4.82803 0.915987 -3.80911 -4.82512 1.60306 -3.68456 -5.23315 -0.881189 -3.32236 -3.80791 3.76827 -3.01318 4.99183 -1.56294 3.42784 4.91445 -0.69919 3.62745 1.68581 4.064 1.68544 -5.01527 0.816992 -3.47203 4.85995 -2.01885 3.41933 4.59681 -2.20298 3.66674 4.43661 -2.24347 3.70653 -4.70977 0.307423 -4.14141 -4.67521 0.936487 -4.08364 -4.57036 1.90956 -3.8327 4.43668 -2.49848 3.6733 4.326 -2.30255 3.9032 4.88737 -0.999058 3.80531 4.94025 -0.7936 3.70313 -2.91566 5.04944 -2.27951 5.11312 -0.466556 3.58495 4.99346 -1.53124 3.45129 -4.49007 1.5261 -3.88078 -4.80078 1.8035 -3.4463 4.48923 -2.4635 3.58814 3.97846 0.126932 3.57898 -2.22443 5.44758 -1.39376 4.99644 -1.24021 3.56833 1.42188 3.54531 1.87405 4.976 -1.44133 3.50751 -4.73694 -0.201504 -4.12029 -4.55421 1.54059 -4.0338 -2.97856 4.64674 -2.96688 4.73736 -0.857923 4.02672 4.70908 -0.733764 4.00482 4.55793 -1.75432 3.94475 4.61796 -0.468507 4.12541 -4.53353 2.03035 -3.77544 -4.40767 1.54381 -4.12566 4.91015 -0.974257 3.69438 4.59409 -1.42022 3.89929 4.81263 -0.490026 3.9933 -4.46346 1.43728 -4.1806 -5.32912 0.5061 -3.13738 4.69957 -0.994828 3.86245 2.51911 1.34579 3.90871 -0.295039 4.56359 1.6548 -5.12856 0.308104 -3.49029 4.57181 -1.07086 4.16115 4.82697 -0.72907 3.914 4.29896 -2.67737 3.61531 4.49692 -2.03486 3.88057 4.71497 -1.31548 3.91658 0.464985 5.39166 -1.03378 -0.860298 5.94037 -0.449597 4.70933 -0.547155 4.06887 -4.65311 0.248911 -4.1953 -4.08851 3.35787 -3.28825 4.33453 -2.38458 3.8081 4.8614 -0.491907 3.69669 4.69145 -0.665377 4.12186 -4.58528 1.6244 -3.96861 -4.58445 2.20132 -3.62786 -4.59424 2.64563 -3.33486 4.69928 -2.01048 3.60528 -0.85334 5.56962 -1.78042 3.59693 3.94782 2.20999 4.69631 -0.703006 4.02184 -4.91278 -0.403664 -3.83725 4.60753 -1.63809 3.90816 -4.4564 1.01654 -4.27841 4.95732 -0.778044 3.76149 4.67833 -2.15946 3.5867 -5.31154 0.830616 -3.23025 -4.65763 1.85856 -3.72713 -1.72014 5.10374 -2.82208 2.23742 5.08831 0.811614 -5.36562 0.0874211 -3.06783 4.47826 -2.04503 3.87583 4.87238 -0.88415 3.8427 4.06553 -2.76663 3.87618 4.68718 -0.577119 4.05912 4.71882 -0.660141 4.07932 4.28985 0.978892 2.64912 4.40324 -1.57168 4.18804 4.36889 -1.31172 4.24612 4.80137 -1.11517 3.87245 -4.85077 2.03231 -3.36242 -4.76042 1.06099 -3.84043 5.15566 -1.42059 3.15341 4.70522 -0.585608 3.94337 4.53807 -1.09191 4.09523 -4.70366 1.94289 -3.63853 4.64888 -0.799958 4.0604 4.28035 -1.54849 4.3032 -4.50644 2.83298 -3.31215 4.53661 -2.43652 3.41856 4.74275 -0.479366 4.0304 -4.66124 1.82897 -3.74269 4.68457 -2.79242 3.08916 -1.98421 5.11571 -2.50728 -0.953615 5.77507 -1.58755 1.23799 5.37691 -0.614373 4.42556 2.69188 2.8947 4.9518 -0.827948 3.73593 -5.00173 0.207565 -3.63731 4.37265 -1.49198 3.91574 4.77129 -2.02404 3.4173 5.0551 -0.796765 3.56326 4.9903 -0.74906 3.6249 4.65683 -0.688059 4.13011 -4.90773 2.40299 -3.09794 2.21242 4.57622 0.534629 4.62444 -1.38554 3.97385 4.44893 -3.03566 3.16773 4.81102 -0.445952 3.893 5.24786 -0.482078 3.25899 4.68906 -2.91701 2.93604 5.67196 1.30818 2.2032 -5.07863 2.15526 -2.99595 4.2736 -2.69515 3.14312 4.63131 -0.532015 3.81611 4.76035 -0.955848 3.88639 4.60041 -0.492574 3.73794 -3.81166 3.93004 -2.63034 5.07668 -0.400549 3.47804 5.15742 -0.714095 3.46809 4.43517 -2.10351 3.17679 5.14717 -1.19625 3.31038 4.73743 -1.62576 3.03731 -4.81531 2.72994 -2.91265 4.61122 -1.20492 3.80012 -4.82716 1.8404 -3.51876 5.06007 -0.885138 3.50605 2.66922 4.52518 0.691082 4.97823 -0.157067 3.81384 4.71055 -0.956646 3.82771 4.47065 -0.726429 3.94386 4.15513 -3.49652 3.10257 4.34216 -3.00348 3.05274 5.07716 -0.766345 3.10099 5.24153 -0.721166 3.30255 -1.62345 5.23458 -1.6321 5.33627 -1.57549 2.8512 4.56676 0.796831 2.62723 -4.87738 2.37069 -3.16146 4.77281 -0.511867 3.99462 5.0321 -2.40115 2.8658 4.61907 -1.07302 4.04496 4.8623 -0.746511 3.72122 -4.5071 3.40642 -2.71126 2.08258 4.92278 0.302947 -5.05193 2.36993 -2.85809 5.20833 -1.97748 2.77428 4.17777 -1.14461 4.53726 5.24205 -1.57202 2.86381 4.64619 -2.82438 3.0542 -3.80333 4.5936 -1.83493 4.89479 -1.85685 3.39406 4.31574 -0.029063 3.84827 4.92347 -0.693943 3.79132 5.35316 -0.675379 3.13455 4.58116 -2.05233 3.50493 4.50328 -2.08151 3.78098 4.92238 0.1038 3.72309 5.15655 -1.70796 3.02385 5.24448 -0.25185 3.02023 4.55696 -0.0842688 4.21792 5.38101 1.64965 2.44074 4.58438 -0.785433 3.84463 4.73104 -1.92445 3.45585 4.79132 -0.954939 2.74279 3.53677 -3.50377 3.76833 -0.934234 5.7397 -0.27494 4.72731 2.45297 1.28985 4.49672 -1.02876 3.79993 4.62777 -1.76972 3.84063 4.54822 -1.37584 3.80103 5.25921 -2.44215 1.75475 5.75525 -1.24143 1.8954 5.22668 -0.514247 3.37774 4.79759 -2.80377 2.75372 -3.82124 4.38075 -2.32767 5.60525 -0.999226 2.44496 4.99716 -2.79101 2.4297 5.3505 -3.02992 -0.0273936 4.69395 0.670624 4.04193 3.67992 -2.05669 3.90651 5.24672 -0.825868 2.42609 -0.875868 5.75478 -1.04835 5.59131 -1.08296 2.10719 4.61497 -0.547236 3.40667 5.83803 -1.2295 0.899002 4.26707 -1.61231 4.26973 5.87291 0.530161 0.0659431 3.06679 -4.01098 3.68464 5.18051 -1.15656 -0.439138 3.63235 -3.67828 3.46786 -2.61149 5.38121 -1.66069 3.80931 3.55962 0.95942 5.66689 -1.71216 1.61705 5.33797 -0.479987 3.14972 4.43349 -2.29402 3.71896 4.72502 -1.85712 1.33229 5.00013 -1.06647 3.54682 4.28874 -2.27056 3.0819 4.24277 -3.01277 3.4464 4.20313 3.04752 1.98278 5.9255 -0.204421 0.266221 0.347803 5.66008 -0.629274 3.8765 -4.38168 1.34587 5.14168 -1.92704 2.99777 3.78504 -4.13084 -2.46067 3.35744 -3.19016 3.97002 3.38349 -4.38765 2.54504 4.14872 2.07842 0.766551 4.22029 -3.62851 2.78738 4.98889 0.172301 -1.55157 4.52442 -1.92316 3.04891 3.70231 -2.73829 -1.82268 4.24431 -1.95768 3.65519 5.00586 -0.0293321 -3.4056 4.15481 3.7775 -2.56762 4.27924 -0.0351843 -4.39072 5.72096 1.53727 0.0125652 4.85339 3.4198 0.497151 4.85944 -1.3951 3.21515 4.04446 -0.0384671 -3.45375 3.90666 -1.17397 -4.46239 3.39051 -0.926778 -5.19385 4.82505 -1.86421 0.259849 5.42969 -1.42668 -1.7842 3.08717 0.0463277 -5.4005 4.61057 -3.80371 1.23272 2.05294 0.623137 -5.88857 5.18983 1.76341 1.79519 5.21337 -1.46304 2.69886 5.23583 0.166562 1.57023 2.32644 -2.84303 -4.54231 3.17916 -2.09439 -4.87526 3.97865 -2.74202 3.9503 4.35833 -3.36573 2.81038 4.47602 -3.2409 2.09242 4.31521 1.57319 -4.22575 2.74312 0.395453 -2.27841 2.84166 2.80022 -4.77805 6.02601 -0.228454 0.455438 3.01059 -0.0634005 -5.48605 2.31367 -0.692009 -5.32485 1.86597 -0.984185 -5.85236 3.44393 1.82227 -4.91208 2.69242 0.131792 -5.44816 4.75448 0.95806 -3.81475 3.43627 -1.85124 4.69145 3.5902 -0.357193 4.3116 3.30454 -0.886236 -5.24761 4.18095 -0.276439 -4.64397 3.23397 -4.90869 0.639081 3.49149 -5.00462 0.74245 3.40164 -0.543335 -5.24497 4.65009 0.0468497 3.80014 3.67839 -3.41374 3.63607 2.69648 0.281539 2.00448 3.61806 0.31256 3.41488 3.7793 3.37973 -3.64814 3.79858 4.47897 -1.93202 3.11301 -0.709208 -5.38927 3.94142 -2.47387 4.02589 3.93139 -2.91618 3.82077 4.40441 0.541979 -4.43384 3.63682 -3.26336 3.87766 3.16376 -4.79498 2.061 2.90053 -5.28525 0.865486 3.1899 4.75337 0.397602 4.06567 -3.89129 0.950949 5.66821 2.34181 0.154384 3.5236 0.414032 1.46216 2.80171 -3.32657 2.82032 3.81153 2.40247 -4.33862 3.58978 -0.4378 -5.13239 3.82589 -4.75368 1.12485 4.359 -2.78161 3.26566 4.53797 -3.21856 2.88365 3.26226 -3.62854 3.01873 2.3551 2.98403 -0.248429 4.17241 1.66942 -4.38733 3.7845 2.278 -4.4443 2.16434 4.32494 -3.97205 2.35395 -5.13356 2.46634 5.68001 -0.230623 -0.864895 1.11157 4.72897 -3.81523 5.24013 -0.0226097 2.77939 4.22571 0.226291 4.20531 3.70604 -0.678865 -5.01946 3.87016 -0.311442 -4.92486 4.06213 -0.143996 -4.78528 2.18493 4.38917 -2.54966 4.98621 0.369339 3.44002 5.23674 -1.28619 2.70678 4.69046 -3.31419 2.50484 3.8139 -0.877003 -4.90986 3.91256 -0.517923 -4.88622 4.22132 0.20031 -4.64161 4.32238 0.854943 -4.47136 4.33316 1.26923 -4.36628 2.58637 3.46577 0.180304 -1.51813 4.82405 -3.49265 0.588349 3.74197 -4.88636 4.82903 -2.00196 3.1094 3.92607 0.535374 -0.849981 3.87705 -3.61911 3.08616 3.77553 -1.09786 -4.89497 5.30649 1.78354 -0.566626 0.983006 3.20322 -2.92799 -1.37666 3.34263 -5.11912 4.77512 1.25223 2.7845 2.04299 1.69295 -5.49 0.754973 2.85053 -5.41263 3.97272 -0.488113 -4.83282 4.16034 0.671411 -4.65847 4.18574 0.220608 -4.67335 4.14471 1.36467 -4.51903 4.11 -0.131848 -4.74425 3.8924 -0.664003 -4.88607 4.00601 -0.30718 -4.82887 4.06545 -0.0150291 -4.78872 4.10745 0.323915 -4.74174 -5.2087 0.348455 -2.74078 -5.05451 1.95794 -3.10975 -5.07068 -1.05581 -3.55224 -4.90887 -0.156769 -3.81879 -4.98269 1.86056 -3.09871 -5.12591 1.12352 -3.3193 -5.02067 -0.459601 -3.70435 -5.1748 1.87005 -3.00659 -5.06518 -0.728745 -3.64159 -5.1217 1.74958 -3.17275 -5.02884 0.8574 -3.64309 -4.93303 1.06795 -3.49511 -4.76553 2.59469 -3.15783 -4.99754 1.98605 -3.05852 -4.90562 1.96209 -3.37757 -5.16825 0.671962 -3.44129 -4.93977 -0.592048 -3.82856 -4.49831 2.9286 -3.21576 -4.75674 -1.66375 -3.68517 -5.04616 1.64033 -3.23845 -4.86742 -1.02048 -3.83035 -4.88607 0.871045 -3.63163 -5.00508 -0.514032 -3.62957 -4.85382 1.63685 -3.63647 -5.12722 0.818533 -3.51813 -4.5395 2.44677 -3.47819 -5.07637 1.85002 -3.17748 -4.08769 3.87108 -2.73294 -4.86307 -0.173851 -3.79369 -4.65265 2.42499 -3.34176 -4.55327 2.53103 -3.49902 -4.52693 -2.47497 -3.56717 -0.0499089 6.06477 -0.992677 3.40636 5.01592 -0.71941 -5.1473 -0.100894 -3.49245 -4.66295 2.0232 -3.68597 -5.08598 0.223633 -3.64082 -4.90278 1.7247 -3.52734 -4.92232 1.49233 -3.50308 -3.80893 4.34399 -2.408 -3.36942 4.85964 -2.0337 -4.99633 -0.468991 -3.76998 -5.1296 1.3159 -3.35847 -4.33709 3.4371 -2.89422 -4.86769 1.96461 -3.44696 5.44588 -0.236876 0.297872 -1.6738 5.86452 -1.22096 -5.00798 -0.96247 -3.55913 -4.6121 -2.28163 -3.59132 -4.80114 2.22977 -3.31229 -4.76241 1.35935 -3.75233 -4.84746 0.718649 -3.93162 -4.34974 2.68534 -3.65111 5.19992 -2.34006 1.42608 -2.74538 5.44471 -1.39952 -4.74628 -0.146733 -4.01002 -4.82967 -0.964368 -3.89181 3.17076 -4.31115 1.85976 3.63492 -4.66553 2.07377 3.6646 -4.64377 1.55331 5.14114 -2.19132 0.770657 5.05659 2.38009 -0.12935 2.74333 5.34358 -0.897006 2.64307 3.07703 -4.76794 -4.43994 -2.9605 -3.30228 -5.10647 0.770076 -3.5599 -5.19777 0.645858 -3.45543 -4.72907 2.13937 -3.51175 1.55399 -5.20221 3.06242 -3.35372 4.98732 -1.75961 -5.20525 -0.0443178 -3.45888 -4.90359 -0.389737 -3.87685 -4.95492 1.46002 -3.54329 -4.90774 1.28108 -3.70461 -4.81735 1.18078 -3.83484 -4.55902 2.30072 -3.64155 -4.05327 -3.71163 -3.00749 0.407329 5.96773 -0.793443 -4.66642 -2.44125 -3.41107 -4.89171 -1.62645 -3.4954 -4.32755 2.52557 -3.73364 3.15315 2.39395 -4.85294 3.42889 -5.11992 0.655793 2.93573 -4.92378 1.42411 1.97127 -5.42689 1.37847 3.52347 -4.37549 -0.899902 5.22294 -1.52818 -0.105415 -4.6551 -0.815423 -4.10845 1.13502 2.92867 -5.42391 -5.01452 -0.0864534 -3.7576 3.09128 -4.61238 1.32428 4.02677 4.13392 -0.270608 -3.85677 4.27532 -2.40153 1.57279 -4.64765 -3.29083 3.31417 -3.54218 -2.49056 1.87772 -4.27573 -1.69689 2.75506 -4.33072 -3.13139 -1.68587 5.96134 -0.822631 -4.53539 2.83618 -3.19306 -4.49974 -2.84703 -3.32236 4.04387 -2.66943 2.91865 3.46161 -2.79762 3.85566 1.98477 -4.77531 2.789 -4.97789 0.714343 -3.75346 1.39695 -2.73782 -5.42804 1.41542 -2.41362 -5.29145 0.730559 -1.29297 -6.03164 -4.80083 0.668721 -3.99669 1.79868 -2.55454 -5.36901 -0.499291 3.26988 -5.3094 4.94954 -2.25455 -2.88149 -3.16411 5.20968 -1.47281 1.30397 1.96703 -5.78115 2.36486 5.62186 -0.729382 5.88833 0.167824 -1.8199 2.72218 2.1955 -5.2048 4.01996 1.72008 -4.50405 3.53611 1.86695 -4.83903 -0.170562 1.44426 -6.02979 -1.93756 2.22976 -5.48658 -4.72758 0.0644985 -4.10759 -2.08022 0.351429 -5.85284 4.06285 -3.35395 3.16232 1.89279 -3.3061 2.61645 -1.40763 -2.08582 -5.61816 -1.30336 -5.74075 -0.0368677 -5.11867 0.67721 -3.57783 1.40078 0.358929 -6.08224 -4.79821 0.967851 -3.92665 0.0989962 -0.887243 -6.17936 2.19081 1.34511 -5.71107 1.86991 -0.94208 -5.89526 3.27464 -0.651868 -5.28531 3.73299 -1.57118 -4.77282 -2.54085 5.63581 -1.03292 4.85589 3.32537 -1.81006 -4.79058 -0.468685 -4.0056 -2.9757 -4.11225 -1.24333 0.944217 -4.47013 -0.0388216 -4.34764 2.37923 -3.85796 2.78449 0.197314 -5.60325 1.14399 5.49862 -1.55816 2.71544 4.31049 2.41879 -1.96 3.95856 -4.3438 4.80266 -0.830619 3.49079 3.83847 1.51532 -4.73373 3.2275 1.40166 -5.19494 4.121 -2.96225 3.12684 2.82752 -4.61038 0.965581 -4.51347 -0.136475 -3.92903 -4.99431 -1.84749 -3.31212 -5.03287 -0.366394 -3.60201 -3.01708 -3.01415 -2.60946 -3.42919 4.75764 -2.2245 -4.90769 0.914336 -3.80803 -4.32976 2.80673 -3.53025 4.73651 -0.372803 -4.06154 -0.818741 6.10699 -0.659942 -4.14364 -3.55781 -3.04255 -3.30537 3.07138 -4.31556 -4.70405 -2.53314 -3.29598 -5.05031 0.109466 -3.73117 -4.8149 0.814926 -3.95108 2.18679 1.24212 0.214901 4.50476 -2.19926 1.53757 3.70217 1.0215 -4.96714 3.66675 0.287345 -5.0784 4.1585 1.04366 -4.59085 0.696997 2.48817 -2.1902 3.83998 -3.28486 1.07236 -3.84976 3.93681 -2.97167 -4.88516 -1.97375 -3.39616 -3.72937 0.481569 -4.33723 3.44889 -3.40904 2.60873 -1.95266 -3.10429 -3.52994 -2.8482 5.3922 -1.45772 -4.91881 0.201673 -3.87429 5.74634 0.266114 -2.42964 -2.02096 5.89983 -0.736715 4.28928 2.48993 -0.351713 -5.0081 1.01185 -3.64511 -4.75044 1.92069 -3.61288 -4.35062 2.43993 -3.80254 4.79781 -0.667486 -3.32445 1.39505 2.24012 -3.97858 -4.24954 2.95167 -3.52262 -1.56473 1.95373 -4.13532 -0.13245 -4.24175 -2.07582 4.21283 0.531735 -4.62196 3.95368 1.34724 -4.69116 3.9526 1.09179 -4.758 3.94272 1.26402 -4.72488 1.18537 -0.318662 -1.02554 -0.675617 -2.90367 -3.15029 -5.00804 -1.4789 -3.45489 -5.0696 0.463434 -3.67213 -5.06703 -0.00621766 -3.63052 4.90129 0.731992 -3.84361 5.42899 1.73988 -2.57039 5.84297 1.63905 -1.09163 -4.57114 2.20277 -3.69323 3.64575 5.0383 -0.396665 -3.69116 3.95413 -3.12218 -2.17686 5.80617 -0.976387 -4.95051 1.31863 -3.61664 -4.85887 0.695773 -3.92137 5.30167 2.74861 -0.488424 1.47471 5.64851 -0.329666 4.3202 1.02023 -4.44273 3.96013 1.29511 -4.70174 3.90444 0.0902954 -4.92018 3.95076 0.468276 -4.86006 3.94029 0.959149 -4.79654 3.8463 -0.232972 -4.96129 4.67772 1.34962 -3.96016 -1.05314 6.1399 -0.418678 5.0229 1.51329 -0.846157 -4.92682 0.822288 -3.81061 -3.10242 4.82746 -2.53282 -2.56422 5.34604 -2.02877 -5.00058 0.0988747 -3.80031 5.23649 2.95337 -1.23128 -4.86418 1.70992 -3.5857 3.66177 4.93591 -0.808247 4.26241 1.93814 -1.47902 4.81002 2.13816 -3.39812 5.42706 2.73884 -1.38781 -1.68168 6.00678 -0.572188 1.54644 5.96345 -0.474403 3.44774 5.16748 -0.757591 -4.88743 -2.12998 -3.32185 -5.04327 -0.141083 -3.65793 4.35104 1.55613 -4.24827 3.77521 0.464642 -4.99983 3.74318 0.174954 -5.04158 3.72007 0.50916 -5.03385 3.77948 0.728463 -4.9654 3.75789 0.776683 -4.97147 3.79551 1.24057 -4.8503 3.82582 0.990638 -4.88316 3.71682 -0.146134 -5.06247 3.81635 1.41793 -4.78528 3.92956 1.58083 -4.63855 5.17341 2.78454 -2.14376 -5.06953 0.562957 -3.6566 -4.65333 -2.62388 -3.28903 -5.02965 0.376472 -3.72403 -4.87194 0.274697 -3.94699 -2.34446 5.36942 -2.19453 -1.81028 5.80229 -1.55747 4.24969 2.43402 -3.921 4.21726 1.90067 -4.24375 -5.02398 1.13756 -3.5814 -4.53135 2.45499 -3.56609 -3.08721 4.73456 -2.69317 4.61947 3.89583 -0.731014 -0.415594 6.1856 -0.526797 4.47197 3.28397 -2.91626 4.10398 3.07715 -3.61551 -5.10163 -0.935162 -3.47067 4.84896 3.22943 -1.81221 3.96094 2.04318 -4.42391 3.73079 0.950445 -4.96404 3.72108 1.15708 -4.92802 3.72315 1.48143 -4.83905 3.68446 1.42656 -4.88347 3.7651 1.76217 -4.7082 -5.01787 -1.8065 -3.31574 -4.79415 1.80971 -3.62809 -4.92075 0.524669 -3.8707 -3.91141 3.6424 -3.19147 -1.58283 6.00902 -0.838705 3.50897 4.98579 -1.42507 -5.05252 0.576281 -3.68286 4.60228 3.74605 -1.85523 3.91557 3.61674 -3.31118 3.57904 0.663003 -5.11943 3.71928 0.789987 -5.00015 3.86985 2.51824 -4.25754 -4.94114 0.420959 -3.85693 -2.40875 5.35251 -2.1962 -1.76577 5.75793 -1.71667 1.84277 5.7085 -1.71522 -4.12992 3.38115 -3.22823 -5.1218 0.0121338 -3.61322 -1.03096 6.15472 -0.643828 3.51246 3.96897 -3.33958 3.57981 0.898663 -5.0829 3.40982 0.680646 -5.22782 3.64479 1.1496 -4.98585 3.6634 2.39463 -4.50554 3.78503 2.88987 -4.09531 3.64901 1.71086 -4.81865 3.74236 2.00174 -4.6314 3.63595 1.41365 -4.92344 -4.76825 -2.3798 -3.30778 -1.14809 6.04353 -1.21003 -0.907935 6.18363 -0.511124 3.48859 3.9321 -3.33513 0.181551 6.1369 -1.19184 -5.00668 1.2967 -3.5587 -5.18733 -1.10104 -3.29367 -3.49102 4.37162 -2.80047 3.95591 3.07546 -3.21989 3.52288 3.30907 -4.01144 3.47226 3.66895 -3.73196 -5.12363 0.790354 -3.54218 -5.285 -0.36804 -3.32721 3.61382 3.45345 -3.31691 -5.05703 0.544245 -3.68628 -2.84233 5.02516 -2.43729 -5.06457 0.368404 -3.68786 -1.4785 5.93688 -1.42787 2.01024 4.87917 -2.77614 3.62499 3.12463 -3.67497 3.52858 2.82303 -4.36189 3.59147 1.3958 -4.96188 3.55299 1.78804 -4.85694 3.4172 1.71126 -4.98599 3.45334 2.13274 -4.79431 3.61409 2.12076 -4.68004 3.48286 2.39339 -4.64487 -4.78055 -2.37199 -3.2832 -4.98867 -1.83985 -3.34223 -4.50941 2.6978 -3.43126 -4.74167 1.95927 -3.60342 -1.89761 5.71523 -1.7816 -4.1611 3.42884 -3.18599 1.56021 5.45202 -2.17403 3.64299 3.33295 -3.83147 3.26716 3.49436 -4.07007 3.4483 3.78331 -3.58874 3.35076 3.1814 -4.25575 -1.15514 6.04714 -1.2444 -0.785604 6.15901 -0.917614 -5.07716 0.601797 -3.64736 -4.99536 1.32027 -3.56174 -5.19652 -1.51418 -3.18771 -2.21906 5.49873 -2.01556 -0.194228 6.15103 -0.91538 3.27941 2.90683 -4.50098 3.38026 2.13408 -4.8437 3.31779 2.56471 -4.6764 3.16057 2.48344 -4.82659 -1.52778 5.88168 -1.54868 3.13771 3.73476 -3.95795 2.29361 4.40797 -3.405 -5.13299 0.868381 -3.51169 3.05996 3.20949 -4.44919 3.06705 3.48168 -4.2342 -5.15886 0.649175 -3.52388 -5.00253 1.26277 -3.58014 -4.73737 1.94967 -3.59503 -5.22851 0.237581 -3.46039 -0.575623 6.20556 -0.790168 -0.939138 6.19746 -0.394079 3.4782 3.3522 -3.99836 -3.86806 3.99302 -2.88664 -1.46573 5.89798 -1.55891 -0.580086 6.21627 -0.680599 -0.820857 6.18959 -0.35617 3.30762 3.28432 -4.11627 2.51467 4.27452 -3.23677 3.02781 2.86192 -4.70111 2.94502 3.60821 -4.20911 -4.61996 2.68073 -3.26051 -4.28459 3.39773 -3.03702 -5.32906 -1.04518 -3.14773 -3.13427 4.82915 -2.42705 -5.34061 -0.340929 -3.28508 -0.68253 6.17186 -0.929982 0.596989 5.74846 -1.49066 -2.43805 5.42024 -1.98129 -0.621751 6.24447 -0.146397 -3.52544 4.51409 -2.49782 -1.83992 5.75533 -1.68042 -0.81135 6.11236 -1.1661 -0.643054 6.24122 0.135123 2.90957 3.62574 -4.1169 -5.18512 0.766352 -3.46442 -4.91348 1.76638 -3.45291 -5.32253 -0.741388 -3.24955 -5.27211 0.193457 -3.40013 2.73787 3.86874 -3.65187 2.39449 3.61583 -4.52659 -5.21532 0.580194 -3.45114 -5.15146 0.905357 -3.47619 0.104349 6.12929 -0.835432 0.885202 5.749 -1.67004 -1.20961 5.99746 -1.34718 -0.560048 6.19249 -0.882819 2.7559 3.08356 -4.33632 -5.07417 1.29957 -3.45968 -2.5198 5.40913 -1.8435 2.34579 3.88106 -4.15898 2.52366 3.21628 -4.75134 -5.11404 0.980974 -3.51319 -4.07951 3.94582 -2.66537 -0.323855 6.25563 -0.123281 -5.33073 -0.264591 -3.30613 -3.27691 4.83234 -2.13852 -0.504343 6.2041 -0.774413 -0.181376 6.25625 -0.536534 -0.39784 6.2581 0.0711712 2.2384 4.14651 -4.017 1.11258 5.43815 -2.3211 -5.17575 0.714836 -3.48828 -4.83526 2.37892 -3.13973 -0.743626 6.15373 -0.98642 -5.34032 0.0854029 -3.29186 -5.31365 0.416821 -3.32002 -0.356195 6.2017 -0.464549 -0.713787 6.23299 0.29673 -5.08111 1.59878 -3.30261 -4.45699 3.3822 -2.82741 -0.348563 6.1995 -0.932471 -5.16019 0.851737 -3.47729 -1.763 5.84363 -1.45252 -1.33228 6.019 -1.11503 -0.223268 6.24306 -0.655502 -0.405129 6.2576 0.0914066 -5.14893 1.20847 -3.37818 -4.67951 3.10808 -2.77738 0.142703 6.27047 -0.346088 -2.33479 5.63997 -1.33561 -3.02623 5.24696 -1.61185 -5.03474 2.31873 -2.91501 -4.10599 4.03043 -2.44627 -5.20751 1.64912 -3.0865 -4.58565 3.46241 -2.4489 -3.47381 4.86234 -1.83906 -5.33125 1.18923 -3.04829 -5.06204 2.65736 -2.55387 -5.31606 1.98773 -2.63274 -4.81797 3.39622 -2.03302 -5.35703 2.69028 -1.64819 -0.207564 -2.9221 -3.99639 2.97611 -1.60643 -3.74499 1.72056 -4.39007 -1.28439 -1.42642 0.76085 -5.08989 2.50251 0.334305 -4.98657 -1.62711 2.23844 -5.11626 3.70041 -3.61425 0.620854 5.08071 -1.46393 -0.633862 -3.20136 3.0553 -4.40798 2.57779 0.866778 -4.65841 1.70732 1.37813 -4.8785 -2.04546 -2.44998 -4.64157 -2.87529 1.80854 -5.09995 -1.77316 -2.45441 -3.84387 -0.0544219 -5.63913 -0.519382 -3.21872 2.22258 -4.84796 0.0214335 1.51638 -5.62223 5.49434 -1.01652 -0.980562 4.90051 -0.14697 -2.55718 3.49387 0.680316 -4.13313 -1.28448 1.90921 -4.98124 -2.50357 -0.0491884 -4.82957 -2.87922 2.90135 -4.76962 1.55434 -4.86135 2.85984 1.11319 -0.0961369 -5.71602 -1.42506 -2.13676 -5.5345 -2.59044 -1.63654 -4.8372 -2.06439 -1.67454 -5.44453 -1.35275 -0.675615 -5.94231 -3.32688 -2.10723 -4.77885 3.34598 -2.73847 3.69893 0.923468 1.80059 -4.88119 2.62792 -0.617819 -4.59805 -0.175753 -1.55067 -5.79731 4.08306 1.80917 -3.21915 -3.45679 2.60826 -4.46332 -1.40113 2.42396 -4.41662 0.654011 4.3036 -2.4327 3.05003 3.24675 -0.27706 -0.23342 -5.21728 -1.07538 -1.20399 -3.45126 -2.99675 1.25398 -5.05132 3.36144 -3.11395 -2.55026 -4.58567 -3.33085 -2.7081 -4.47536 -3.13411 -2.19844 -4.73108 3.36677 -1.73625 -4.47338 5.14175 0.0217335 -1.64025 5.41197 -1.84441 2.48553 4.54239 2.10397 1.1038 5.59959 -1.34212 1.68799 5.60619 -0.876888 0.519516 -2.81828 -0.963096 -4.99379 -2.47494 -3.37835 -4.56504 -3.93056 2.02676 -4.45274 1.65294 4.98611 1.52118 -0.395087 5.19726 -1.92159 -2.31012 2.17523 -5.1257 1.37518 1.12016 -5.3011 3.26372 0.646932 -4.14729 -2.88149 1.35016 -4.74145 -2.82036 3.25228 -4.56273 1.14983 -5.52163 1.75599 -3.88295 -2.12217 -4.18783 1.89467 -3.28423 4.88337 -3.16794 -3.06369 -4.45551 1.28913 -1.28573 -5.51607 -1.89906 -1.87351 -5.48556 3.7079 -1.92108 4.26313 4.54623 -1.59196 3.89935 4.99325 1.77065 2.64571 -2.76975 2.61506 -4.97687 3.31841 3.05414 4.25424 -2.55025 2.8101 -4.42813 -0.691963 5.40802 -1.48978 0.805943 5.61015 0.724004 2.37637 3.94635 4.09774 5.90188 -0.831936 -0.273974 -3.96316 -2.45218 -4.19096 -3.72925 -2.32203 -4.47036 2.00057 -4.00578 4.37493 -1.25916 -1.47134 -5.41561 -3.32378 -1.7621 -4.4193 3.95929 -0.124263 -3.73456 5.16212 -0.0641942 -2.46247 5.39609 0.951804 1.05829 -2.67045 -3.48059 -4.44694 -2.84067 -1.06354 -5.41376 -3.17579 2.03777 -4.95804 -2.975 1.4108 -5.21738 3.98764 -1.84897 4.32288 5.10659 -1.58075 2.88758 5.33414 0.0543616 -2.74971 0.844915 1.17041 -5.35195 -3.24264 0.656125 -5.25476 3.73341 0.547837 -3.21003 0.570266 0.437583 -5.44042 -2.78492 0.299169 -5.5543 3.08708 0.592909 -4.30691 4.41682 0.315272 -2.50728 -1.50192 0.436123 -5.30883 -1.49832 0.750653 -5.67087 1.7134 -0.770284 -4.41477 -3.38246 -0.814478 -5.0461 -4.6812 -1.62255 -3.80723 -4.18119 -1.97784 -3.86079 -3.45989 -2.40932 -4.6427 -2.97678 2.90791 -4.70357 -2.70619 -3.32983 -4.35501 -3.11683 2.24852 -4.96085 -2.36738 2.18255 -5.18097 -3.77822 1.45248 -4.71342 1.27066 5.41394 2.37276 2.14333 4.39707 3.80837 2.61856 3.06707 4.80178 5.72977 -0.432199 0.723534 -3.6403 0.843679 -4.92746 5.67751 0.402982 -1.81837 3.76925 0.153563 -3.1409 5.99313 0.382346 0.0544482 1.57663 0.329285 -5.2332 3.00988 0.218134 -4.21913 -2.41621 0.592511 -5.28645 -1.66174 0.46782 -5.4406 -1.20661 -0.940214 -4.74974 -2.19517 0.0167127 -5.33191 3.29427 -0.720103 -4.26691 2.9989 -0.412563 -3.90987 5.4865 -0.397584 -0.684218 2.37795 -2.56326 5.16846 -2.91696 3.204 -4.51875 5.42065 0.315956 0.209603 -4.05063 -0.937087 -4.39867 5.39076 0.79849 1.7763 -3.4565 -2.47304 -4.5226 3.1142 -1.78008 5.12853 3.91806 2.02601 4.34871 2.80337 2.6806 4.91828 -3.13071 2.11834 -5.00918 -2.75185 -2.80363 -4.48137 3.44777 -1.45391 4.82767 4.80257 -0.928673 3.7224 5.68745 -0.0868125 2.41415 5.64746 0.727884 1.33902 -3.47783 -0.10537 -5.17196 -3.34814 0.0772066 -5.26974 5.37026 -0.530787 2.48905 5.21843 -0.117468 3.23805 5.92437 -0.286325 -0.190967 -3.89365 0.896001 -4.70111 -3.37912 0.381015 -5.05632 5.55262 0.0379975 -2.04438 0.451527 0.138192 -5.5342 4.53987 -0.00260558 -2.61981 -0.19931 -0.123252 -5.18765 -3.68252 -0.58754 -4.93739 -3.83443 0.13642 -4.88457 5.16344 -0.381056 -2.41738 5.94583 -0.469208 -1.2389 -3.79103 -0.251718 -4.96216 -3.79138 0.199754 -4.82978 5.90933 -0.0950011 -0.571727 6.08152 -0.347463 0.960344 -3.03233 1.7253 -5.15409 -3.1998 -2.62973 -4.69118 4.48949 -0.102402 4.0662 -3.42316 0.724123 -5.14713 4.01235 1.72647 4.41605 2.31114 4.0356 4.12406 5.74875 -0.318075 1.95139 -3.92329 0.456117 -4.82645 5.68532 -0.273534 1.92074 5.6767 -0.297444 1.91668 5.90402 -0.146517 1.52352 -3.21552 0.182117 -5.39086 -3.43607 -1.23452 -5.09199 5.34691 0.0571642 3.04486 -2.90489 2.6134 -4.8209 5.22435 0.506142 3.1922 2.7199 -1.83563 5.3385 -3.0791 2.15588 -5.03348 -3.26218 -1.94122 -4.91339 2.81294 -1.29922 5.44893 -2.90606 0.699471 -5.48519 -2.79452 -3.70445 -4.19924 3.17242 -0.538814 5.27227 -2.99927 1.09977 -5.40618 -3.40908 0.656126 -5.22022 -3.39249 0.894211 -5.20333 3.50397 -0.213939 5.13057 3.46215 -0.626588 5.11802 4.22793 -0.553765 4.36499 4.71953 0.0155188 3.90304 -3.17602 2.63667 -4.71424 -3.40053 -0.520565 -5.21265 -3.08443 2.06528 -5.06126 3.96843 1.26709 4.49334 -2.88789 -2.42401 -5.02237 -2.90853 -2.45113 -4.98961 2.98577 2.18359 5.03917 -2.76519 -0.260618 -5.53393 -3.33522 0.284195 -5.29815 3.99238 -0.314262 4.59285 -3.2022 0.0396614 -5.34997 2.87112 -3.12517 4.6239 2.48702 -2.61111 5.13923 2.91432 -2.43602 4.99515 -3.21551 -1.36706 -5.18663 4.00045 0.00253234 4.80775 3.81717 0.495079 4.71889 -3.06727 1.47789 -5.26382 2.77385 -0.407409 5.60985 3.02096 1.69043 5.22587 -3.1478 0.600344 -5.39652 -2.93406 -0.114628 -5.37401 2.68688 -0.181074 5.65463 -3.02657 0.960947 -5.39238 2.67083 -0.663872 5.64796 -3.19649 0.882538 -5.33366 2.80598 -0.476591 5.58924 3.27188 -0.110529 5.32918 -3.16437 -0.18545 -5.40355 2.85074 -1.47699 5.39479 -3.03856 -2.04191 -5.06173 2.7697 -0.648272 5.60084 -2.87333 0.0347824 -5.5464 -3.17436 0.0477716 -5.38142 -3.18984 -0.0937919 -5.36888 -3.45222 -2.42083 -4.59357 2.92217 2.05309 5.16173 2.50089 4.14262 3.93858 2.91132 2.80564 4.77822 -2.9228 0.765728 -5.50693 -3.23834 2.13001 -4.90243 -3.2367 0.721456 -5.31684 -2.57614 -0.231038 -5.71916 2.76745 -0.328718 5.59033 -2.69875 1.25457 -5.53144 2.64265 -0.177969 5.68883 -2.85774 0.6557 -5.48265 -3.14461 -0.447703 -5.41681 -3.19898 0.037735 -5.39864 2.87868 -0.210127 5.55325 -3.16444 -0.815256 -5.2707 -2.89763 -1.40789 -5.29405 2.73026 0.694184 5.54414 -3.45944 -2.15281 -4.65841 2.8241 -0.310207 5.60186 2.71457 -0.110329 5.66306 -3.02131 0.414515 -5.47646 -3.31847 -1.40509 -5.13798 2.94028 1.44406 5.35589 -3.15352 0.676022 -5.35518 -3.10049 -0.45869 -5.43479 -3.10998 2.30294 -4.93917 -2.77095 2.70399 -4.79947 -3.23787 1.49315 -5.12819 2.73754 -0.709587 5.58802 -3.069 -0.124691 -5.43369 -2.76748 0.869763 -5.53339 2.38788 -0.744299 5.76138 -2.56064 1.16157 -5.59973 2.59104 -0.971228 5.63739 -3.17689 2.34554 -4.86077 -3.24769 2.13357 -4.91276 3.15945 -2.18114 4.95939 -3.32579 0.247713 -5.28585 -2.98187 -0.376535 -5.50847 -3.10041 -0.568063 -5.39912 2.44679 -0.439096 5.73235 -3.17197 0.0036227 -5.36891 2.93621 -0.660178 5.50732 -3.13611 0.948431 -5.3547 -3.06186 0.202367 -5.41534 2.56228 0.0908962 5.73324 -3.21732 -0.303606 -5.36637 -3.43127 -2.0331 -4.84964 -2.90322 -2.34095 -5.00383 3.13227 2.07365 5.02841 -3.42352 0.181681 -5.24366 2.56767 -0.10804 5.73336 2.63035 0.695307 5.65783 3.15786 -1.2378 5.26866 3.04491 -0.0862623 5.45089 -3.28057 0.62661 -5.27605 2.80316 0.356278 5.60558 2.60852 -0.794353 5.64249 2.80451 0.119902 5.58807 -2.928 1.37585 -5.34833 2.89453 -0.0483477 5.56492 2.90134 -0.217161 5.55144 -3.35406 -0.273216 -5.29959 -3.48897 -0.106025 -5.21818 3.01773 -0.185925 5.47726 -3.10657 2.15931 -4.85596 3.12319 0.834813 5.38033 -3.22852 1.32391 -5.18098 -3.18833 0.329752 -5.40095 -3.42868 -0.254213 -5.25055 -3.10631 0.456089 -5.39752 -2.95773 1.70328 -5.27022 -3.13048 0.505815 -5.4008 2.93204 0.148002 5.53882 3.02124 -0.0547502 5.49896 -3.06606 -0.906267 -5.3686 -2.95451 -1.58402 -5.22675 -3.14977 -0.568025 -5.39063 -2.8401 1.20309 -5.3965 2.85475 -0.924761 5.51461 3.08641 -0.124254 5.43566 3.0483 -0.323226 5.43878 2.79749 -1.19257 5.47752 -3.32899 -0.481967 -5.28911 2.99324 -0.27829 5.50895 2.94464 -0.734311 5.49486 -3.4715 0.157507 -5.19125 -3.08376 1.54051 -5.24174 -3.25928 0.874837 -5.27326 -3.46083 0.269947 -5.23622 -3.01786 0.0351804 -5.41404 -3.14007 -0.776078 -5.26978 -3.30166 -0.233105 -5.33505 3.08418 0.460832 5.45461 -2.96947 1.02315 -5.2866 -2.87881 1.4725 -5.37228 2.98805 -0.996821 5.43073 3.11707 1.59373 5.19996 -3.20557 0.262321 -5.38767 -2.95038 -1.48479 -5.32842 3.04958 -0.0244096 5.46915 3.17466 0.0405887 5.4193 3.23291 0.0228678 5.36977 -3.15983 -1.98217 -5.03253 3.06535 -0.993802 5.36451 -2.71086 0.768258 -5.61316 -2.94278 -0.862049 -5.36199 3.17119 0.837499 5.33853 2.86807 -1.1399 5.45881 -2.69771 0.0454112 -5.66706 -3.06713 0.0972129 -5.48032 3.31742 -0.0350547 5.33142 -3.18421 -0.627617 -5.33005 -2.88544 0.0115722 -5.56344 -3.25175 -1.20221 -5.21459 -3.24019 0.990911 -5.25352 -3.16971 -0.203096 -5.36071 3.00023 0.392184 5.50482 -2.866 -0.870704 -5.51092 -3.13068 0.576693 -5.34174 -2.60353 1.08366 -5.59811 -2.59558 0.788728 -5.60554 -2.65938 -0.0448535 -5.62748 3.09753 -0.215938 5.4551 -2.59182 0.295082 -5.71309 -2.70856 1.04984 -5.50605 -2.81783 0.358981 -5.56305 2.92993 0.0471711 5.54612 2.73465 -1.08144 5.55064 -2.86634 0.238114 -5.5672 2.83298 -0.667153 5.54921 3.25796 0.0520824 5.36786 3.18187 -0.078796 5.41561 -2.84522 -0.344666 -5.58125 -2.73592 -1.27899 -5.37795 3.09568 0.193178 5.45277 -3.0255 -0.0599092 -5.42493 -2.75486 -0.869945 -5.56335 -2.03954 0.978464 -5.83916 -2.41965 1.05337 -5.69279 -2.45816 -0.772908 -5.70927 -2.47265 0.21186 -5.75976 2.94071 0.409719 5.5331 -2.31453 0.476613 -5.79484 2.74191 -0.611711 5.61088 2.59747 -0.678009 5.67845 2.56629 -0.90725 5.66149 -2.46478 0.0470729 -5.77896 2.77277 -0.313346 5.61919 2.87043 -0.208786 5.56004 2.99294 -0.143964 5.50855 -3.13726 1.38995 -5.24545 -3.04629 0.451349 -5.41027 2.61685 0.353848 5.68336 -2.18674 -0.426124 -5.77445 -2.38081 0.521194 -5.47562 -2.03921 1.29644 -5.79408 -2.2022 0.68412 -5.76706 -2.62381 0.350785 -5.65761 -2.82237 -0.292742 -5.5926 -2.5925 0.0205003 -5.57457 -2.38738 -1.19205 -5.67664 -2.92657 -0.46622 -5.53035 2.96099 0.664441 5.49884 -2.41769 0.118343 -5.79417 -1.86969 0.638666 -5.94993 -2.48023 0.325317 -5.65838 -2.16185 0.794133 -5.80536 2.46217 -0.558425 5.74762 -2.03844 0.405575 -5.90717 -2.61112 0.546215 -5.64328 2.80614 -0.120625 5.60811 -2.55445 0.515809 -5.7133 2.99725 0.133458 5.50617 -2.37989 -0.767497 -5.73818 -2.19121 0.84581 -5.80458 2.35239 -0.911797 5.75211 -2.07379 0.680515 -5.86965 2.31003 -0.580179 5.78307 -2.19107 0.41021 -5.85565 -2.42183 -0.972359 -5.69863 -2.34821 -0.022122 -5.82677 -2.25395 0.82245 -5.68715 -2.56039 0.627526 -5.68104 -1.79119 0.827777 -5.92227 2.41756 -0.328849 5.78887 2.55858 -0.344892 5.71885 2.77674 0.189898 5.62275 -1.99294 0.696936 -5.90298 -2.39457 0.3597 -5.78707 -2.25465 0.554067 -5.68916 2.31172 -0.6495 5.8028 -1.6277 0.797547 -6.01192 -2.01839 0.433043 -5.73805 1.80396 -0.778514 5.95014 2.11429 -0.820734 5.8588 -1.96286 0.382388 -5.86509 -1.83058 0.0795121 -6.00093 -1.8455 0.284661 -5.99232 -1.79244 0.372245 -5.97874 -2.02597 0.401951 -5.93119 1.96134 -0.752508 5.91817 2.17259 -0.394666 5.88172 2.13061 -0.509174 5.88226 2.06535 -0.467196 5.90773 -0.752587 5.49753 -1.63839 -3.17665 -0.652763 -4.9864 -0.748588 4.94826 -2.64914 1.27021 5.60723 1.74522 -2.13201 2.82974 -3.80666 0.932302 5.37509 1.02427 -3.00978 -3.73193 -4.0533 -2.15811 2.80972 -3.92318 -0.0502282 5.67577 -0.845862 -2.92979 -2.36199 -4.83147 1.77647 5.18908 2.79968 -2.87842 -3.28172 -4.3691 -2.48413 -1.74286 -5.12324 -1.69186 2.31973 -4.42249 0.265442 5.68 -0.021633 -0.052551 5.47093 -0.98361 -2.61354 -3.6299 -4.40589 -2.15883 1.9524 -5.15455 2.57424 4.01797 4.05009 1.98374 4.95412 2.98748 2.97077 3.08042 4.55454 -2.46792 -2.08538 -4.95063 -0.463745 5.0436 -2.33527 3.53268 1.09108 -5.07888 -2.85586 -2.81071 -4.81213 -2.70675 -0.319785 -5.34808 -1.46198 3.69477 -3.6682 1.60285 5.18632 2.28714 -2.33266 -3.435 -4.65338 -2.43097 -3.26292 -4.72036 1.18877 5.32943 1.62441 2.72333 3.45814 4.43988 -2.26199 -3.55775 -4.60291 3.04651 2.42912 4.90169 2.62185 3.75867 4.2557 0.0239838 5.75628 -0.436526 -3.23587 -2.24008 -4.78122 -2.97492 -2.91321 -4.57283 -2.57702 -3.04845 -4.50224 -2.40955 2.39952 -4.50593 1.82846 5.13637 2.87518 3.37765 0.994819 -5.20246 3.23848 0.973517 -5.28665 3.35567 1.39688 -5.12058 3.43423 1.43067 -5.06181 -2.45281 -3.45186 -4.43672 -3.07135 -0.681075 -5.2984 -2.53848 -3.93329 -4.17147 -0.306357 4.98594 -0.578247 -3.18287 -2.04631 -4.88718 -2.53991 2.67559 -4.59503 -2.58527 -4.27305 -3.73474 2.55352 3.84187 4.19828 3.07129 1.11066 -5.36647 3.36478 1.75735 -5.00285 -3.03759 -3.37396 -4.16209 -2.81327 -3.00216 -4.6894 2.9033 2.50729 4.92822 -2.50968 -3.7848 -4.02336 0.00885451 5.34284 -0.292592 -2.49658 -3.02852 -4.78575 -2.99897 -1.54147 -5.28918 2.7942 2.92093 4.77969 -2.89512 -1.28404 -4.89632 -0.637271 4.03328 -1.9819 2.01577 4.82364 3.35138 3.19838 1.34583 -5.23451 2.9991 1.18206 -5.38728 -3.02631 -2.43098 -4.93242 -3.10526 -2.10138 -5.02643 2.97618 1.2699 5.35979 -2.72673 -3.3271 -4.48206 -1.86528 2.87397 -3.7382 -2.41225 -4.18545 -3.82265 -2.88317 -1.49462 -5.19209 2.96274 1.85789 5.19847 -2.4644 -4.08751 -3.98524 -3.03383 0.795209 -4.76133 -0.295039 5.14139 -0.762264 1.06389 5.40474 0.627569 2.18107 4.77157 3.26229 3.29929 2.15532 -4.88987 3.38648 1.76415 -4.98633 3.39571 1.61893 -5.0316 -2.90246 -1.0689 -5.44449 -2.82333 -3.04233 -4.65039 -2.4492 0.193964 -5.21467 -1.44504 4.53422 -3.09338 -2.81475 -0.0927238 -5.58667 -3.06848 -0.875037 -5.34247 2.85103 0.503254 5.56934 -2.67269 -2.43027 -5.12876 2.5422 3.75471 4.32789 2.08048 4.60674 3.54676 3.27057 1.60705 -5.11556 3.11313 1.54595 -5.2305 2.62462 3.25865 -4.676 3.02046 1.24199 -5.36254 -2.60272 -2.13297 -5.14865 -2.39091 -3.86082 -4.33592 -2.4749 1.28412 -5.15267 1.00628 5.76644 1.19391 -2.89247 -1.39282 -5.39028 -3.07193 -3.05184 -4.2742 -2.62655 -2.10166 -5.26881 2.90364 2.0002 5.17618 2.87306 1.06959 5.47293 -2.05306 0.460039 -5.91081 -2.87285 -0.0780107 -5.57763 -2.84 -0.35626 -5.57582 -2.92948 -0.969674 -5.44785 -2.72443 -1.66219 -5.28111 -2.33049 -3.77781 -4.41514 -0.808773 5.08691 -2.1072 -1.27849 4.15239 -3.30364 -2.49098 -2.40166 -5.13252 -2.47765 -3.2507 -4.7421 2.77489 2.81394 4.85354 3.50106 1.75379 -4.91213 3.41698 1.87593 -4.92646 2.89457 2.68333 -4.88711 2.64213 2.79368 -4.96777 3.11365 2.32901 -4.93072 3.46321 1.75886 -4.93813 3.29349 2.03492 -4.94452 3.3867 1.92506 -4.92256 -2.04976 0.967574 -5.82415 -2.52292 0.794444 -5.68295 2.91103 0.69428 5.51386 -2.7707 -1.2325 -5.50135 2.91347 1.31589 5.40576 -2.48008 -2.3824 -5.22008 2.3928 3.15061 -4.7049 -2.68874 0.217922 -5.44916 -1.75239 3.16617 -4.01702 0.928618 5.62415 1.63327 -1.79347 0.754613 -5.9505 -1.83741 0.315194 -5.98466 -1.78119 0.925331 -5.95314 -1.9434 0.501823 -5.94585 2.47396 -0.658469 5.7117 -2.89155 -0.559661 -5.53009 2.70323 0.109079 5.66157 -2.62926 -2.58354 -4.95141 -2.467 -1.30261 -5.57912 0.426616 5.69479 0.182588 -2.50664 -3.73658 -4.31697 -2.52321 -2.56288 -5.04379 2.70613 2.86814 4.83436 2.44848 3.35515 4.67072 2.79253 2.67591 -4.94858 3.12804 1.84876 -5.1179 3.31477 2.00229 -4.94318 -2.19508 -3.54936 -4.60202 -2.26551 -3.53324 -4.5711 -0.0500105 5.52707 -0.401447 1.81359 4.71942 3.59564 -1.90721 0.344479 -5.9298 -2.15137 0.215168 -5.8774 -1.83116 1.79138 -5.71088 -2.24868 1.51838 -5.63787 2.43449 -0.626823 5.70909 -2.51306 -0.00966677 -5.66114 -2.8955 -1.19691 -5.44419 -2.80037 -1.2934 -5.46732 2.8919 0.807199 5.50496 2.98097 1.23737 5.38386 -2.66901 -2.02844 -5.26611 -3.02815 -2.2211 -4.97381 2.87092 1.92256 5.23453 -2.77301 -1.98929 -5.27252 -1.98914 -3.93593 -4.43416 -1.70821 2.58136 -4.70655 1.73829 4.92755 3.28848 -1.71978 0.403998 -6.01139 -1.80656 0.729833 -5.86752 2.62505 2.73416 -5.00566 1.99184 -0.807792 5.8959 -2.15976 0.239646 -5.8907 -2.37264 -0.662587 -5.65879 -2.74775 -1.34034 -5.41745 2.89056 0.974493 5.49254 2.49732 2.9858 -4.92383 2.0438 3.11764 -5.05465 3.1085 1.44498 -5.25441 3.6824 2.02935 -4.66542 3.52681 1.82843 -4.86636 3.27486 2.04588 -4.95498 3.69439 1.83554 -4.73309 -1.81545 0.806099 -5.94566 -1.67467 0.412309 -5.96728 -1.74381 1.17436 -5.87264 -1.7691 1.57452 -5.73734 -2.37255 -2.56535 -5.13625 -2.02432 -1.92606 -5.27638 0.187898 5.53642 0.0201481 -0.4244 5.20159 -1.15325 2.22786 3.82706 4.43955 -2.01616 1.20265 -5.72366 2.58168 3.76292 -4.21569 -1.84805 0.634489 -5.95264 -1.80608 0.269689 -5.97454 -1.72207 0.107559 -6.01873 3.06143 0.255647 5.4353 2.89128 0.745335 5.52438 -2.48565 -0.949265 -5.63129 -1.82236 0.229665 -6.00356 -1.37665 0.658691 -6.05764 -1.40504 0.399973 -6.0266 -1.5945 0.570794 -6.04392 -1.40497 1.46478 -5.71031 -1.29474 1.63272 -5.90225 2.5101 3.04318 -4.8738 -2.68553 -1.43769 -5.48769 -2.10507 -2.91102 -5.12979 -2.12922 -2.40609 -5.38186 -2.37841 -1.7425 -5.13178 -1.96182 1.30609 -4.68436 -2.26055 -3.19626 -4.68763 0.0192074 5.33984 -0.548247 1.70313 -0.612981 6.01529 1.94745 -1.09362 5.84904 1.77781 -0.538091 6.00223 1.77235 -0.658579 5.98425 -1.85879 0.165499 -5.99382 2.46842 -0.709975 5.70056 -2.3432 0.471724 -5.79475 -2.56539 -0.269337 -5.70318 2.59815 0.122732 5.69463 2.76501 0.797282 5.56486 2.8965 1.42578 5.38003 2.57409 2.44633 5.1627 2.89475 2.46409 -4.99701 3.14553 1.89907 -5.08699 3.352 2.30602 -4.78413 3.76395 2.25089 -4.49403 -1.84938 0.336299 -5.98167 -1.42558 0.592599 -5.85025 -2.01439 0.483208 -5.87569 -2.21625 0.656671 -5.72587 -2.07068 0.332956 -5.86742 1.59028 -0.485431 6.05762 1.74372 -1.6702 5.77757 -1.69087 2.32942 -5.4954 -1.94035 1.24819 -5.78933 -2.53242 -0.0645296 -5.33263 2.21061 3.41034 -4.7517 -2.63577 -0.670593 -5.59053 -2.70197 -1.90463 -5.26004 -2.82615 -2.3612 -5.04072 2.2932 3.41098 -4.66267 -1.90489 3.49465 -4.06305 1.54966 5.12649 3.12865 2.17065 -1.57166 5.63597 2.47438 -0.0490147 5.75813 2.74094 0.95361 5.5639 2.65973 1.65958 5.41458 -2.81888 0.317331 -5.58034 -1.58334 0.429701 -6.04349 -2.29673 0.132918 -5.83173 -2.10675 0.400472 -5.86237 1.65728 -0.5197 6.03466 -1.52384 2.84515 -5.37582 0.890227 5.68669 -2.20242 1.50478 -0.968469 5.9698 1.69724 -2.14716 5.64599 1.86517 4.41031 -3.98097 -2.70674 1.78616 -5.20895 -2.79573 0.527982 -5.38371 -1.62685 0.0774332 -6.02472 -2.02806 -0.143163 -5.92349 -2.01193 0.59109 -5.58786 -2.23796 -3.91348 -4.3512 -2.50085 -2.97727 -4.86643 -3.21442 -1.9843 -4.96747 -2.4073 -1.64205 -5.35177 -2.248 -3.64912 -4.40657 -0.0418194 5.55776 -0.145092 2.21237 3.63785 4.5843 2.35467 -0.577534 5.78819 3.37393 1.54016 -5.06686 3.04712 1.90842 -5.15103 2.64309 3.09441 -4.77425 3.68748 2.66224 -4.32765 3.24636 2.6246 -4.67873 3.44009 2.74811 -4.47985 3.82349 1.55744 -4.73304 4.13494 1.81017 -4.35412 1.8628 -0.35432 5.9834 1.68772 -0.749453 5.98965 -1.75561 0.239011 -5.987 -1.59035 1.89147 -5.62542 -1.3808 3.17468 -5.23852 2.09853 -1.55291 5.64104 -2.87151 -0.0683808 -5.53635 2.71109 3.4408 -4.48879 2.39084 4.10157 -3.98756 1.60091 3.78618 -4.04727 -2.56293 -0.872874 -5.66595 3.36118 2.34019 -4.72898 2.70269 0.443607 5.63723 3.12094 1.36452 -5.25311 -2.26705 -2.78894 -5.06454 -2.92467 0.0449718 -5.54285 -2.45589 0.19258 -5.72626 -2.40872 0.172776 -5.72953 2.33825 3.15046 4.88704 -2.10684 -3.65681 -4.64018 -1.77246 -1.9496 -5.67966 -1.79305 2.22491 -4.78462 -0.500652 5.53326 -0.993423 -2.05276 -4.22834 -4.14904 2.01659 4.21382 4.17881 -1.88354 -0.263716 -5.89475 1.80704 -0.634153 5.9552 -2.18258 0.294406 -5.7767 -3.30708 -0.0250909 -5.33928 -1.86161 2.18944 -5.33897 1.56214 -1.89113 5.7555 -1.80318 2.67375 -5.34607 -2.79729 1.05181 -5.18837 2.56561 -0.185524 5.71954 1.7114 3.95022 -4.39963 -2.49326 -3.49934 -4.42292 -2.88236 -0.602999 -5.53983 -2.72957 -1.41551 -5.08805 3.35785 3.3338 -4.11258 2.11769 1.81566 -5.53249 2.6689 0.750684 5.62979 -2.26626 -2.39465 -5.30941 -2.51754 0.819036 -5.58295 -3.50448 0.185044 -5.19347 -3.34982 -0.233987 -5.27624 2.46074 2.62934 5.12477 3.01322 0.348203 -5.43485 0.470367 0.288334 -6.14877 -1.68943 -3.44592 -4.96251 -1.46066 -3.61848 -4.91555 -1.93035 -3.90698 -4.42204 0.948948 5.47087 0.206174 -0.602532 4.34473 -3.25732 1.78733 5.01504 3.12105 4.09235 2.73842 -3.88354 3.73079 1.06263 -4.92997 -3.35379 -0.03083 -5.27414 -2.97507 1.3459 -5.10682 1.88485 -1.45613 5.74778 -1.42501 2.43274 -5.5876 -2.23083 0.602088 -5.77872 -2.04798 -0.342646 -5.7665 1.81385 -1.71893 5.67734 -1.76715 -2.76287 -5.04558 -1.79761 -0.0628314 -5.88123 4.3319 2.95229 -3.4104 -2.39386 1.85291 -4.98639 0.168274 2.99694 -5.06886 2.12035 1.95885 -5.11557 -2.4658 -0.011036 -5.70433 -2.69415 -0.61292 -5.55269 1.80977 2.23301 -5.34215 -2.50929 -1.85205 -5.22285 2.59903 1.45946 5.49539 2.68009 -0.144483 5.66279 2.39777 -0.292447 5.74871 1.69245 -2.32562 5.5678 -1.63003 2.65317 -5.35126 -1.96876 1.23758 -5.49297 -2.37596 0.178334 -5.62656 2.39947 -0.563985 5.76051 2.5263 0.22801 5.71347 0.966845 4.80751 -3.23423 1.75969 4.83588 -3.12925 4.71136 2.0712 -3.55362 -1.95307 -0.550159 -5.79845 -1.90235 -2.65576 -5.26087 -1.27699 2.56767 -4.94093 0.116924 6.03033 -0.3761 -2.32326 -2.38034 -5.31962 -2.00807 -3.71904 -4.64122 -1.39862 0.590851 -5.32578 -2.19659 -2.75323 -5.07477 -2.20207 0.610341 -5.68194 -2.25361 -1.48895 -5.65303 2.47174 3.58928 -4.46017 -3.48473 -0.173271 -5.18522 3.42682 0.233298 5.25163 3.65796 0.0987462 5.05556 2.24212 3.72514 4.5086 2.6202 2.41601 -5.1529 1.92142 3.51137 -4.807 3.02357 1.28973 -5.33836 3.62099 0.353278 -5.09348 2.04243 2.15008 -5.51472 4.47657 1.039 -4.26933 4.27407 -0.732634 -4.43386 -1.89631 0.891645 -5.83283 2.74265 3.73086 -4.23611 2.35644 0.673347 -5.72657 -0.305057 6.1991 -0.706277 2.68389 3.50639 -4.44182 4.36912 2.91491 -3.19577 4.36309 3.83119 -2.32013 5.58411 0.338141 -2.5061 -0.35998 5.27313 -2.05695 -2.41155 -1.61399 -5.54448 -2.5906 -2.62748 -5.05061 -2.32776 -0.434418 -5.52774 4.20631 0.635463 4.60334 -1.91941 2.64575 -5.34307 -2.46327 2.29985 -5.21593 2.74039 -0.866356 5.38465 2.59488 1.73368 5.44035 -2.1213 -3.5474 -4.69563 1.15839 5.51236 2.26163 1.94307 -1.33428 5.76046 1.85162 -2.1388 5.5661 1.8635 3.27793 -4.89174 1.77125 1.71902 -4.83473 2.57107 5.15838 -1.53403 3.63907 2.05357 -4.57091 -1.984 -0.559628 -5.63191 -1.89037 -2.58567 -5.26939 -1.63625 3.14386 -4.44162 -1.38119 -3.66352 -4.8615 -2.17332 -4.05241 -4.19347 -1.73448 0.796956 -5.97306 -2.32274 -0.2137 -5.77916 -0.924443 0.972587 -5.21095 -2.17102 -3.68694 -4.12479 -1.82799 -3.07923 -4.87292 3.53137 -0.0362562 5.09923 -2.84062 -1.46196 -5.33748 -3.50098 0.655878 -5.14706 -2.9036 0.424151 -5.40881 2.46332 -0.0646853 5.74733 2.55416 1.02041 5.63923 2.39733 -2.00878 5.35966 -1.50511 1.87964 -5.77534 -2.56356 1.1341 -5.53681 -1.26167 0.845934 -5.98375 2.06592 4.42281 3.9201 4.21443 0.349851 -4.57328 2.4968 -1.18507 -5.38678 3.87069 -0.921541 -4.66964 0.430554 2.48321 -5.58943 1.79783 5.04484 -2.82226 0.363227 5.96799 -1.30123 -1.57469 -2.12887 -5.57735 -1.87906 -3.05168 -5.13365 -1.49581 3.20067 -4.77321 4.98337 -2.7685 -2.16708 -0.491034 5.79495 -1.18723 4.42396 4.09442 -0.430183 0.808903 5.91149 1.42543 -1.16221 3.53605 -4.32826 -0.943339 1.0527 -5.88734 -1.78683 1.39892 -5.78071 -1.36439 -3.08756 -5.23755 -2.8677 0.371362 -4.98328 -2.8445 0.55402 -5.45207 -2.77567 0.372918 -5.5144 -1.54698 2.62109 -5.38956 1.9959 -2.17232 5.52713 -2.08714 1.06052 -5.30664 2.22624 -1.03014 5.76384 3.2961 1.68454 -4.91123 1.97857 3.55485 -4.6463 -0.350737 0.741463 -6.15757 -3.4559 0.806974 -4.9486 0.0768519 -2.16974 -5.54262 -1.3307 -3.70558 -4.31827 -0.966847 6.14715 0.39517 1.45302 0.362874 -2.97498 -0.131995 2.07835 -1.911 1.85592 -0.5393 -4.84176 1.35035 5.84145 -1.03239 -2.3566 -3.48123 -4.33738 4.13632 3.76263 -2.83314 -0.535201 5.73219 -1.75302 5.41104 -0.793468 2.05432 0.908925 -5.38208 -1.80832 -0.815934 -3.42338 -4.97904 1.63483 5.00575 3.3644 -1.61407 1.1465 -5.23134 -2.97406 -0.887759 -3.55553 4.30548 1.17592 4.35118 0.501065 1.46543 -5.784 4.05728 1.26327 4.59666 2.48875 2.42996 5.14179 -3.09069 0.937114 -4.79464 2.40655 3.4014 4.69136 2.53974 0.267862 5.70368 -1.0509 -0.749981 -5.45294 0.899079 0.530342 -5.94729 -1.42536 1.94487 -5.35875 -1.27194 0.897913 -5.53128 5.31561 1.22817 -2.99267 1.04405 2.8011 -4.09354 2.34931 -2.35416 -5.20146 -1.89333 -3.54041 -3.92614 1.5594 2.70283 -5.2796 0.400072 0.522709 -5.88749 -0.154141 6.21843 0.283753 -0.281636 -0.741985 -6.19826 -1.09205 2.68264 -5.3161 0.709499 6.11196 0.537304 -0.936266 -2.32489 -5.65302 2.9746 4.89407 -2.2726 -0.350184 5.44517 -1.9981 2.84233 3.76498 3.32492 3.38924 -4.94336 1.09045 0.321597 -0.0500747 -6.10359 -0.432372 0.206785 -6.167 -2.55753 -2.18195 -5.23657 -0.849566 0.389566 -2.05062 0.550562 6.03003 1.19653 1.24411 5.1502 3.15773 0.778656 3.59084 -4.66424 -1.3096 1.65839 -5.82564 -0.351939 0.943998 -5.63589 -1.40937 -0.308138 -6.07069 -2.01356 -0.985965 -5.61706 -2.34753 2.0206 -4.72953 2.21524 -0.630699 5.75592 3.27116 -0.448181 5.17082 -2.69125 -2.60269 -4.87682 -0.274388 1.14798 -5.28178 -1.42281 4.99657 -3.02306 4.63495 2.85634 -2.91915 5.31827 -1.99582 -2.43712 -0.229433 -2.13189 -5.18161 0.2274 5.69203 -2.14598 0.955556 -0.0122649 -5.89156 0.69458 -3.14359 -4.39042 1.36845 2.9966 -4.24726 0.448981 5.91804 1.34796 -3.32089 -0.0538839 -4.9482 3.70515 0.135635 1.22618 0.606949 6.06152 0.0785474 -3.64668 -3.00062 -4.03954 -3.29194 -4.65965 -2.0074 -2.84607 0.600466 -5.50836 -2.91691 1.6276 -4.26188 2.38145 3.35375 -2.53859 -1.90527 -0.527917 -5.90474 2.38975 0.467371 5.76021 2.63182 1.21089 5.57334 -3.04674 -2.11741 -4.89475 4.90096 1.31908 3.66935 2.54599 2.1428 5.26339 2.29602 -2.26516 5.38183 2.35095 3.62008 4.46759 2.5935 -1.63428 5.41153 2.14826 -1.95503 5.55017 2.57593 -3.00498 -4.0863 0.835906 6.09921 0.817234 1.76959 4.43037 4.02011 1.95897 3.73868 4.63404 -0.321919 3.32466 -4.70089 1.91569 3.95627 1.03488 -0.523612 5.50884 -0.240569 -2.82791 -0.301581 -5.48254 4.71567 2.10231 3.56368 2.49352 -1.36778 5.59133 -0.279174 3.03776 -4.65513 2.51459 1.52242 -4.57113 4.99045 -0.349912 -1.46745 0.834015 5.62288 2.64066 0.98963 5.82849 1.96599 2.26097 2.77724 5.10122 0.136268 6.12108 1.2566 3.78664 2.02804 4.5247 -3.02503 -0.480435 -5.36476 4.69206 -3.02889 0.130692 1.10594 -4.71189 -0.75752 -1.48922 3.73037 -4.01571 2.16536 -1.22341 5.76335 -2.02949 -0.892659 -5.70621 -3.66852 0.0657859 -4.45138 -2.93436 -3.00221 -1.64703 1.8 1.88226 -2.24885 -1.78424 3.97613 -4.09562 -1.2346 -2.60852 -3.88558 3.35872 0.661945 5.20697 4.12192 2.3798 4.04545 -1.11569 0.464568 -5.27991 1.3159 0.589916 -5.81777 1.34476 -0.603565 -2.04391 -1.13627 -0.412014 -5.78331 0.935295 5.21138 3.29121 -0.520843 6.07433 1.2537 2.44402 0.518448 5.7363 2.41019 1.3846 5.59825 3.10277 -2.29261 -2.26288 -1.61168 0.431759 -5.39003 1.56166 4.34478 4.21757 2.21204 -0.702205 5.81218 4.10993 3.33881 3.33179 0.559876 -0.34764 -3.99114 2.99395 0.888154 5.30335 2.78966 -0.875166 5.55763 5.182 1.95253 2.9365 4.56516 2.98137 3.09612 2.23448 2.47369 5.24568 1.26891 5.47424 2.6972 1.28978 5.14771 3.35399 0.39959 5.93031 1.97453 3.47199 3.09184 4.04421 2.37092 0.0341083 5.76992 1.97056 3.30504 4.91245 2.79306 -0.472521 5.55733 2.69313 -0.684295 5.6259 2.37768 1.16231 5.69236 3.14279 1.23483 5.05913 2.85149 -0.698889 5.53972 5.18899 2.59974 2.39013 2.54852 0.344884 5.71675 2.30666 1.95378 5.47772 1.7777 4.59322 3.86597 4.97471 3.28123 1.90044 3.22263 3.21982 3.67539 3.44338 3.68173 3.46564 3.22105 -0.0863759 5.23917 1.97679 3.67817 4.68301 5.50083 2.53349 1.58457 3.82812 4.49259 1.85223 4.35108 3.90025 2.2436 2.56069 1.31112 5.56814 2.29279 2.60242 5.20966 1.21775 5.25575 3.04326 2.76402 0.219351 5.61707 2.40472 2.97218 4.94387 3.32263 1.50074 4.52407 3.15343 -0.131166 5.41495 3.2773 5.03204 1.77783 4.51195 4.27567 0.451437 2.14972 3.84047 4.46986 1.44194 4.7529 3.71756 5.21857 3.3954 0.714532 3.00901 4.806 2.35376 2.84933 0.352 5.5475 4.95829 3.70971 0.156817 3.366 2.47338 4.2676 3.704 5.03179 0.147069 2.64712 1.72778 5.39704 2.72777 1.64371 5.37339 5.29505 3.30634 -0.473689 2.88284 5.47024 0.179484 3.32067 1.04306 5.09022 2.85074 0.670275 5.55064 3.31367 3.64744 3.76476 2.58659 5.64588 0.515582 3.6572 5.03378 -0.73595 4.64003 4.12409 -0.714236 2.45454 2.71547 5.05994 3.04238 4.80159 2.42615 2.22529 5.78048 0.470873 2.69675 1.59563 5.39482 5.01751 3.65024 -0.969595 3.18408 2.16336 4.69672 3.22955 5.32893 -0.693284 5.31595 3.00632 -0.921129 2.44236 5.46893 1.53683 2.75245 4.75861 2.71275 1.98333 5.89657 -0.858895 4.82623 3.9341 -0.590117 3.01133 3.54011 3.90005 3.9019 4.77992 -0.928194 3.26764 5.24024 -0.771456 5.0469 3.63304 -0.594141 2.3509 5.60149 1.14232 1.63717 6.04508 0.194318 1.39491 6.08186 -0.59402 2.68929 5.5374 -1.0188 4.58161 4.26716 -0.402251 5.46958 2.87126 -0.783135 1.72395 5.70874 -0.9623 1.92267 5.82947 -1.09438 2.8598 5.17678 -0.82862 3.34605 5.25599 -0.414122 2.05784 5.77488 -0.747349 4.3687 4.43627 0.445009 4.65051 3.75491 1.37133 5.36809 3.1985 -0.370651 4.74818 3.73486 0.826836 1.69765 5.60067 -1.7336 4.39393 3.95189 0.924604 2.02936 5.44909 -2.14535 2.91437 5.52386 -0.207329 4.67752 3.5739 1.40953 1.94626 5.86217 -1.05941 3.82097 4.84818 0.327615 3.71718 4.41704 0.991854 4.55123 3.34185 0.768109 4.01346 4.78354 0.260459 5.05895 3.44405 0.446034 4.74451 4.01755 0.709025 4.60802 3.61177 1.95299 4.47745 4.23485 0.474397 3.55397 5.07402 0.574778 4.37393 4.42512 0.308742 4.57533 3.98647 0.742417 -1.38734 -3.65357 -2.65383 1.20752 -5.21749 1.77344 -2.19815 -2.21171 -4.29137 0.441041 -5.20834 -0.619068 -2.69675 2.82246 -4.87341 -1.97062 0.128538 -4.63007 0.149872 -5.04011 -0.840233 2.40532 -4.44256 3.47617 2.60334 -3.4512 4.53721 -2.75848 3.0264 -4.72486 -1.0113 -3.85526 -2.91024 -2.70736 1.20747 -4.79521 1.5251 -5.34354 2.05991 -2.48646 3.09842 -4.83125 -2.30667 -0.797066 -4.54899 0.106988 -5.22598 -0.701762 -1.96246 -1.88263 -4.70929 -2.36632 2.1779 -5.34105 2.70872 -3.68666 4.26648 -2.36791 2.9154 -4.99572 -2.27908 0.0236907 -5.21488 -0.63382 -4.96736 -1.49514 2.1618 -4.62661 3.37873 -2.50311 3.08448 -4.84593 -2.86417 3.40787 -4.24862 -2.37646 3.49823 -4.40831 2.96945 -2.92521 4.68799 -0.843503 -3.893 -2.8917 1.71014 -4.95596 2.72166 -2.51537 1.37562 -5.2523 -2.94435 2.99614 -4.61587 -2.53619 3.02169 -4.87863 -1.11721 -3.49984 -3.8268 0.621627 -5.94123 -0.01215 3.35991 0.564148 -5.26289 3.19644 0.0965173 -5.40559 3.17452 -0.146716 -5.40928 3.34141 0.112931 -5.31677 3.23355 0.511488 -5.3593 3.02429 -0.49411 -5.48076 -2.12051 -0.644166 -4.03636 -3.08814 3.66913 -4.03127 2.77141 -3.27338 4.56751 -2.74424 3.50052 -4.38268 -2.80685 3.03573 -4.56139 3.12106 -1.96596 5.06602 2.2031 -4.7989 3.09987 -2.86708 3.64873 -4.19447 -2.88109 3.51068 -4.12911 -2.80259 2.59787 -4.92407 3.01929 -2.58719 4.85779 -2.63265 1.6513 -4.98933 -2.40262 0.656936 -3.87607 -1.27625 -4.05321 -2.65326 -0.247502 -5.35085 -2.02469 1.18075 -5.97129 0.695527 2.7975 -0.375424 -5.60953 3.16524 0.901162 -5.34997 -2.74813 3.95699 -3.78737 -3.10245 2.33981 -4.87872 2.01076 -5.21193 2.63672 -2.93242 3.22534 -4.51389 -3.16516 2.77653 -4.61189 -3.14144 2.82875 -4.48271 -1.2553 -3.37477 -3.46601 2.7181 -0.834037 -5.60147 2.96121 -0.91937 -5.46304 2.92709 0.775931 -5.50392 2.88489 0.106567 -5.57876 2.88078 0.451597 -5.5642 1.14396 -5.81864 1.12332 -2.4613 3.8872 -4.26332 -2.51708 3.13143 -4.82725 3.04186 -2.02389 5.09947 3.06939 -1.22753 5.323 -1.68144 -2.09758 -4.44495 0.193085 -5.89875 -1.16564 -2.54103 2.66212 -4.49841 2.87219 -3.34901 4.45736 -3.11099 3.09443 -4.4695 2.93337 -2.58641 4.90085 -3.03499 2.14546 -4.96756 -2.50639 1.03269 -4.36734 -0.869006 -4.62512 -2.51065 2.50371 -0.968252 -5.67938 2.61746 -1.63859 -5.46877 2.7579 -1.32997 -5.48472 2.39568 -1.44538 -5.61836 2.61553 -0.118667 -5.70942 2.81784 0.429146 -5.59437 2.88198 0.834765 -5.51513 1.41329 -5.72414 1.2324 2.85017 -3.53366 4.28341 -2.87297 3.96215 -3.92007 -2.82993 2.02116 -5.15706 -2.46846 4.23412 -3.78977 -3.2518 3.13822 -4.32247 -2.87406 1.43151 -5.39779 -1.08407 -1.77187 -3.77046 -1.98811 2.88701 -4.69716 2.47002 -0.476815 -5.7547 2.80294 0.114058 -5.6218 2.79904 0.391367 -5.60719 2.32071 -1.9899 -5.48629 2.52248 -4.53309 3.44847 -2.86752 3.14477 -4.51477 2.97242 -2.5911 4.87681 3.10544 -1.25296 5.30197 3.1202 -0.343055 5.41681 2.98223 0.564892 5.48063 -1.13043 -0.476345 -4.87143 -0.215736 -5.59832 -1.96603 -3.09843 2.7943 -4.68339 -2.88132 2.75593 -4.74733 3.04044 -1.74973 5.19519 2.80263 0.681477 5.56282 -0.895809 -0.088165 -3.09482 0.346743 -5.71261 -0.458528 2.44837 0.378949 5.73213 -1.66592 4.63207 -3.49807 -1.73791 4.48501 -3.99412 2.22494 -0.861685 -5.81006 2.16956 -1.4547 -5.70948 1.93353 -1.20073 -5.84511 2.58386 0.100815 -5.71794 2.93254 0.837105 -5.48819 1.9894 -5.16108 2.70516 -2.60069 3.31049 -4.65767 -2.48199 3.56373 -4.35601 -2.77072 1.99802 -5.25913 -2.96348 1.5637 -5.27553 -2.91557 1.42165 -5.31332 -2.81622 1.13392 -5.41746 -1.19103 -4.4151 -2.87348 -2.77123 2.46835 -4.35304 1.23287 -5.85659 1.27081 -2.31888 4.00324 -4.20348 -2.5045 3.44283 -4.5697 -2.80046 3.08741 -4.6925 -2.77527 2.5376 -4.91884 -2.95526 1.26991 -5.39214 3.00341 -0.908825 5.4294 -1.76453 -1.14898 -4.76807 -2.89089 -0.510109 -5.37068 2.72019 0.708006 5.55763 2.54413 0.970199 5.64853 -2.18348 -0.489617 -5.85011 2.32304 -0.0776223 5.83192 2.00444 -1.92933 -5.62872 2.30796 -2.3708 -5.33836 1.80615 -2.628 -5.40764 1.52405 -2.11013 -5.71198 2.22697 -0.424046 -5.84968 2.47844 0.131222 -5.77041 2.74755 0.468011 -5.62777 2.92141 0.567213 -5.52764 -2.44759 4.29632 -3.77693 2.56414 -3.92304 4.10057 -2.39529 2.75309 -5.04338 2.82972 -2.90545 4.78619 -2.12947 -1.37273 -5.74417 -2.40682 -0.227962 -5.46129 2.9033 -0.396294 5.54084 0.403478 -5.39836 -0.864187 -0.440852 -5.11344 -2.90118 -2.27115 4.60684 -3.4881 2.89281 -2.27796 5.05087 -2.5464 1.85883 -5.39453 -2.15781 0.951066 -5.61715 -2.435 0.466442 -5.75091 2.84 -1.37332 5.40422 -1.97207 -0.729225 -5.88962 2.40281 1.36355 5.64242 -1.27121 1.71446 -4.08484 2.24035 0.891994 5.7776 -1.63274 4.51388 -4.0153 2.14387 -0.51817 5.88226 1.38017 -2.67073 -5.51358 1.36856 -1.62605 -5.91185 1.60787 -1.09039 -5.96843 1.39346 -1.12407 -6.01163 1.59778 -0.204638 -6.05815 1.86575 -0.45839 -5.97702 2.14471 0.0810527 -5.90033 1.93224 0.504257 -5.94812 2.56837 0.581774 -5.70083 1.90137 -3.33654 -4.96986 2.11598 -3.26298 -4.93297 1.93243 -2.99442 -5.17364 3.0291 0.926023 -5.42202 3.03663 0.795344 -5.43635 2.02624 -4.98778 3.08682 -2.75869 3.52046 -4.38399 -2.66929 3.40829 -4.37074 -2.83723 3.00422 -4.66321 1.90534 -0.652527 5.95048 -1.90206 -0.81491 -5.85812 -1.95481 -1.5695 -5.75437 -2.32245 0.303686 -5.69862 -2.17388 0.351897 -5.84145 -2.69971 1.66172 -5.37959 -2.21077 1.49735 -5.64724 -2.01059 3.21029 -4.2782 -1.08109 -3.05299 -3.30133 -2.04632 -1.61355 -5.11881 1.08214 -5.7323 0.990037 -2.16341 -0.99172 -5.79609 -1.61697 5.11393 -3.12473 2.60668 0.444392 5.64511 2.05118 -0.334972 5.92883 -2.27374 3.83226 -4.31347 -2.1782 3.3461 -4.78629 2.67705 -3.05684 4.76803 -3.20576 1.95853 -4.82279 -2.96436 2.2285 -5.00949 -2.42637 2.26938 -5.22387 2.73849 -2.46059 5.07829 1.95285 -0.473765 5.95219 1.52518 0.746129 -6.01928 2.22813 1.31616 -5.71633 -2.19361 1.33306 -5.57441 -1.97424 -1.61665 -5.73048 -2.17954 0.0537986 -5.87949 -1.89442 -0.944414 -5.88738 -1.74608 0.215557 -6.02456 -0.211471 -5.60537 -2.09687 -2.37336 4.16157 -4.03577 2.70178 -0.599233 5.61755 -2.25346 -0.585067 -5.69282 2.2202 1.57137 5.65129 2.15766 0.188596 5.88939 2.14304 1.1507 5.723 1.17842 -2.11695 -5.7937 1.02335 -2.77452 -5.5341 1.20325 -1.58869 -5.95687 1.30194 -1.11009 -6.04278 1.42243 -0.486925 -6.09366 2.80673 1.05124 -5.51495 1.66297 -3.20114 -5.13885 3.2324 0.930307 -5.30104 3.13728 1.23587 -5.29569 1.25277 -3.05606 -5.34356 2.49138 0.643841 5.68471 2.45913 -3.83005 4.27207 -1.90166 2.95208 -5.02108 1.9228 -0.302416 5.97069 -2.80452 1.50053 -5.24467 -2.94689 0.845497 -5.4351 3.47192 1.04968 -5.11627 1.45044 -1.13365 -5.97653 1.26384 -0.22689 -6.1173 1.83204 2.30727 -5.50585 1.14945 1.304 -6.01148 3.10655 2.21399 -4.89974 1.76193 -0.442063 6.01376 -2.44197 0.705757 -5.60792 2.10531 1.4136 5.72223 -1.97839 0.998277 -5.29462 -0.665866 -4.06557 -3.52454 1.19975 -5.77113 0.99054 -1.85227 4.79055 -3.51353 -1.78217 -0.263285 -5.97929 -2.07513 -0.114093 -5.88896 -1.73472 0.13792 -5.97547 1.14464 -1.94244 -5.83431 1.98709 -0.192987 5.95435 2.74374 -1.43912 5.46062 -2.90822 2.99013 -4.55587 -2.26419 1.90991 -5.53248 2.80865 -1.78671 5.32015 -3.034 0.994824 -5.37873 1.88905 -1.48287 -5.78197 -1.63078 -2.94774 -4.57963 -1.94428 1.3567 -5.22319 -2.31824 -0.448576 -5.61343 -0.0722734 -5.71088 -2.01537 -1.25028 -1.44816 -5.9102 -2.28461 4.00417 -4.0092 0.42656 -3.10735 -5.38576 -1.21168 -0.84126 -6.09087 -1.9632 0.399887 -5.89485 2.03139 1.13984 5.80256 2.00789 0.212269 5.94659 1.79678 -0.176347 6.01694 1.45358 -3.41462 -5.06738 1.22328 -3.6045 -4.95276 1.28484 -3.70837 -4.88732 -2.03544 -0.489754 -5.9176 -2.30626 -0.262467 -5.79432 0.718226 -3.82457 -4.92182 1.80012 -0.30106 5.99788 1.49365 -1.1482 -5.92078 2.58547 -2.82977 4.96202 -2.2157 2.4272 -5.27399 -1.82696 1.42079 -5.48318 -2.58876 1.17061 -5.53023 2.76939 -1.01822 5.53941 1.68086 -1.19301 -5.82183 2.04408 -1.64014 -5.6452 1.9513 3.95307 -4.39935 0.732711 2.62577 -5.63364 0.608763 0.547268 -6.17606 0.643683 2.00676 -5.91859 -0.455657 1.82043 -5.90079 -0.644772 -5.37391 -2.82444 -1.59134 1.59778 -5.66376 1.97737 -3.62922 -4.7237 -2.61178 0.0375403 -5.56485 1.53709 -3.86152 -4.69924 0.898871 -1.49273 -5.95911 -0.46899 -0.0480275 -6.22823 1.32399 -5.74439 0.995553 -1.41284 4.97643 -3.5376 -1.10591 3.78047 -4.43815 -0.39536 0.312188 -6.00772 -1.70778 0.16766 -5.9209 2.09405 -4.64824 3.5591 2.1667 1.38732 5.70521 4.49389 0.959527 -4.21563 -1.88745 0.124449 -5.92442 -1.33404 4.70349 -3.69813 -2.48171 -0.0278336 -5.7655 2.40591 -3.66723 4.40392 -2.23955 1.60309 -5.29088 -0.0986359 -1.30992 -6.08004 2.32392 -0.228065 -5.56508 1.95512 -2.51022 -5.30656 2.59594 -2.1586 5.26815 -2.54066 1.45127 -5.33502 -0.967026 1.75397 -5.28121 -0.535986 2.82665 -5.04044 -2.29098 -1.80288 -4.99912 -2.56443 2.12525 -4.56852 0.94917 -6.05706 0.201053 -1.70858 4.98459 -3.2361 -0.121921 -0.62398 -6.01496 0.484928 -3.54332 -5.03136 -0.039292 -1.08241 -4.8605 -0.254877 -2.79268 -5.43637 2.75333 -1.42229 5.44414 2.5084 0.0892502 5.71677 1.91013 1.80248 5.70557 1.47248 0.960461 -3.77823 1.8108 -0.518632 -5.66633 -2.35716 0.326478 -5.80377 2.8854 0.896876 -5.45556 -2.38576 0.315733 -5.78304 2.12097 0.205986 5.90026 2.11876 -0.358832 5.87854 2.36812 -0.177997 5.79556 0.0431159 -3.40523 -5.12133 2.1831 -4.61238 3.5174 -0.309062 -2.69037 -5.3729 -1.13239 -1.56261 -5.57807 -0.824855 1.05064 -5.83576 -0.68665 1.54086 -5.77516 1.06592 -1.38618 -5.11171 -1.37304 -0.26979 -5.63167 0.799222 0.368402 -5.73731 -1.82841 -3.74701 -4.25455 -2.0436 2.82465 -5.06628 -2.17173 3.85716 -4.20367 2.10246 -3.30465 -4.83703 1.92838 0.759823 5.90654 0.761711 0.844403 -6.13268 -2.39472 0.141694 -5.77925 2.37405 0.644644 -4.69415 0.559754 -3.39633 -4.81405 1.56453 -5.57588 2.09634 -1.88975 2.97963 -5.0001 -1.72915 1.15331 -5.57935 2.56509 -0.574157 5.6793 2.27778 0.673164 5.76765 -1.65989 0.180232 -5.89936 -1.46257 0.24856 -6.02093 0.150421 -5.78344 -1.02659 -0.530979 -5.70827 -2.07198 2.82763 -0.159483 5.56785 -2.07672 -1.24743 -5.77265 0.850432 -1.61521 -5.48954 0.097932 -0.385268 -5.76914 -0.513959 3.50074 -4.34855 0.65457 -2.17729 -5.29409 0.68438 -1.54714 -5.69366 -1.17022 3.16742 -5.13935 -1.57011 3.13806 -4.91004 0.373347 -1.70774 -5.36164 2.18208 -4.3618 3.82505 2.37472 -3.58171 4.56604 -1.27928 -0.181668 -5.89648 2.62883 -2.7837 4.9719 2.5699 -1.03592 5.61261 2.01609 1.77682 5.67007 1.35289 -2.8481 -5.08745 -0.378226 -1.77132 -4.97262 -0.716146 -4.34057 -3.90326 1.99348 1.6757 5.67517 -0.571217 -3.66012 -4.07974 -0.190665 1.0589 -5.78639 2.40135 0.417056 5.67064 2.0321 -0.193607 -4.32291 -0.530844 1.81839 -5.21639 3.23649 -0.203893 5.3559 0.792112 -5.8505 0.977957 2.73065 -0.161743 5.60655 -0.864561 0.839715 -6.14763 -0.537536 1.32325 -5.58414 2.7278 -1.99517 5.28564 2.30418 0.543916 5.75299 1.31901 -4.41065 -4.01144 -0.0272033 -1.81563 -5.49304 3.85939 -0.617498 4.86202 3.96289 -0.504351 4.8152 4.36524 0.127476 4.49061 1.94163 -4.7101 3.52023 2.79364 -1.97593 5.23214 2.2571 1.7996 5.56617 2.79008 1.17974 5.32862 3.61919 -0.431276 5.05558 4.39901 -0.902765 4.3908 0.264064 -5.59358 -2.30951 0.559307 -5.80906 -0.140183 2.61637 -2.87348 4.89324 2.70528 -1.00557 5.5481 3.09412 0.975739 5.21671 4.56984 -0.848532 4.21786 4.89819 -0.58442 3.86473 2.51077 0.412773 5.69723 2.46722 1.45325 5.56868 3.71424 -0.64578 4.99176 4.2563 -1.61751 4.30722 0.908143 -5.87332 1.47295 1.03176 -6.14409 0.00372158 1.72816 -5.13486 3.03498 2.46653 -3.3828 4.64102 2.75375 -1.89898 5.30474 2.68745 -1.12509 5.55585 4.65497 -1.68567 3.85747 5.27623 0.547157 3.31519 2.66209 0.195976 5.64306 2.99373 1.07166 5.33829 5.06386 -1.36599 3.43368 1.3639 -5.78304 1.73248 1.48254 -5.20728 2.95815 2.09506 -4.15846 4.17463 2.84839 -1.04913 5.48176 2.45729 1.15839 5.65397 3.37248 -0.146137 5.2096 2.74694 1.23541 5.49501 3.90501 -1.64258 4.55014 1.76696 -4.74914 3.61825 2.74176 -2.2341 5.16928 2.93753 -1.39838 5.36933 4.45088 -2.52005 3.63362 5.59589 -0.714678 2.70496 5.14476 -2.3505 2.57071 5.47764 -1.95353 2.31645 2.25891 -4.08157 4.19576 2.30563 -3.6668 4.52989 2.94816 -1.76218 5.26023 2.80414 -0.231996 5.52246 3.12127 -0.714164 5.07948 2.5951 1.07979 5.61547 3.82716 -2.56644 4.17307 5.8356 0.349784 2.26022 5.96004 -1.05294 1.65124 5.57436 1.49222 2.46214 2.6544 -2.45145 5.08292 2.83977 -0.913744 5.42381 2.63695 0.548381 5.65905 4.66011 -3.02895 2.8873 4.23839 -3.7041 2.72129 2.75016 -2.68997 4.93972 2.81729 -1.30236 5.42252 2.92775 0.188709 5.48214 2.59816 0.911508 5.64702 3.20341 -2.18517 4.73271 3.67478 -3.6167 3.41743 5.52469 -2.33228 1.82722 6.02456 -0.368962 1.56561 5.93817 1.21098 1.58537 3.20456 -4.44122 2.76773 4.87604 -3.59035 1.59721 5.77996 -1.86748 1.47158 2.69586 0.134588 5.64665 2.78061 0.68556 5.58877 3.09831 -0.598372 5.24933 3.32587 -3.28568 3.91072 5.11926 -3.15469 1.57156 2.83874 -0.935226 5.39223 3.04483 -5.03088 2.04279 3.24822 -5.11424 1.59391 4.0528 -4.42532 1.8047 3.1171 -0.00409214 5.33855 3.11352 -3.65988 3.37217 4.74697 -3.9491 0.941265 5.19699 -3.17486 1.52944 5.4257 -2.48455 1.62487 2.91776 -1.9318 5.18161 3.49319 -2.36795 4.25094 2.98323 -5.4269 0.475603 2.75681 0.599383 5.58782 6.10395 1.0784 0.837533 2.93397 -5.02496 1.51452 4.27453 -4.51945 0.74947 5.77517 -2.23423 0.985415 6.05979 -0.415208 1.1875 5.77302 2.44227 0.228564 3.59627 -5.08381 0.393095 5.25296 -3.39064 0.39364 5.34328 -3.12864 0.341637 4.2169 -4.63387 -0.124971 4.85299 -3.88888 0.156991 3.3583 -5.24667 -0.722271 4.86499 -3.90114 -0.513974 5.56893 -2.78085 -0.390914 6.17254 -0.819291 0.425982 6.0323 1.48311 -0.228528 3.89444 -4.84082 -0.818802 5.11009 -3.48518 -1.03027 5.98159 -1.52037 -0.943597 5.75478 -2.41182 -0.533399 5.66377 2.53703 -0.78021 5.29328 -3.22041 -0.949079 3.41142 -5.04309 -1.21747 6.18089 0.132807 -0.958969 5.68286 -2.22891 -1.47493 4.66465 -4.01511 -1.0614 5.04961 -3.56944 -1.01382 5.998 -1.20694 -1.33735 3.90357 -4.75696 -0.821432 5.96666 1.54583 -1.11105 6.03582 0.0337248 -0.939277 5.66865 2.45555 -1.12998 5.86986 -1.5467 -1.07465 4.39432 -4.3776 -0.468147 4.76902 -4.05789 -0.433584 6.0523 0.831752 -1.27207 5.7469 2.05334 -1.22224 5.51939 -2.41602 -0.164741 5.09541 -3.4007 -0.457439 5.50684 -2.97798 -0.00347375 5.43837 2.99534 -0.523116 5.9479 -1.57065 -0.72153 4.57566 -4.23739 0.477377 5.67674 -2.51899 -0.169245 5.53394 2.23576 0.390781 4.64359 -4.02013 1.12486 5.83445 0.728213 0.0584136 5.44264 -2.05935 0.589941 5.92214 -0.375608 0.182264 4.71068 -3.60349 1.32012 5.34508 -2.99386 0.960108 5.51677 -2.92558 0.429958 4.76909 2.83304 2.26102 4.54871 -3.22346 2.72917 4.77428 -2.1393 2.85181 5.01579 1.13262 2.87582 4.82501 -0.659837 3.35279 4.58744 2.63363 3.37013 4.37478 -2.57062 3.64855 2.94854 -4.82602 -0.528172 -2.3066 -5.75198 -0.927714 4.92684 3.16169 0.587236 3.27552 5.1037 1.31418 -3.02278 -5.23971 -1.63007 5.62124 -0.662467 -0.493644 3.55408 -4.78567 -0.950891 -0.101815 -6.04958 -0.688275 3.08068 -2.26791 -4.9783 2.90198 3.6707 2.35239 2.54694 4.52379 3.21984 0.224152 -2.33226 -5.77715 2.29916 -2.44994 -5.29412 2.98139 -1.94156 -5.17522 3.32483 -2.04734 -4.92095 3.51035 -1.80361 -4.88758 3.61647 -1.46201 -4.92347 2.58152 5.56945 1.06407 4.15349 4.39248 0.426383 2.59405 2.80137 -3.89463 1.42336 -1.92106 -5.78711 -1.54747 -6.00897 -0.741922 0.816374 -5.83044 -0.933508 5.34775 1.51254 -1.79941 -3.41302 -4.5704 -2.54334 1.68366 2.07818 -3.70191 2.86411 4.15268 -0.146077 3.65097 1.23168 -3.00767 1.8823 -1.52755 -5.78197 1.43209 -0.614274 -4.1886 0.273454 -0.931241 -6.12199 4.54573 -2.73987 -1.94783 2.56841 5.24846 -0.945733 1.87267 1.04555 -4.24438 1.55691 -1.5122 -5.86367 2.48293 -1.56449 -5.54324 2.68289 4.60827 -2.49962 2.40843 5.39501 -1.60605 3.31093 4.2802 -2.68236 3.20035 -1.67781 -5.13466 3.41667 -1.7616 -4.96787 -2.74091 -5.31955 -1.89169 -2.318 -5.69661 -1.26331 2.06074 0.480769 -5.62429 2.61069 -5.14722 -1.01437 2.50356 2.2932 -4.20116 2.31394 -0.757908 -5.78103 0.0698563 -6.19015 -0.322489 2.46617 2.25044 -4.49563 3.2534 -1.24053 -5.22175 3.51132 -1.78333 -4.89382 3.56819 -1.54627 -4.93121 3.64636 -1.19501 -4.97367 3.7994 -0.869379 -4.92685 -1.68352 -5.95389 -1.04746 4.28592 0.342074 -4.34295 3.41843 -0.803425 -5.17383 5.22266 1.08737 -2.98435 5.13313 -2.10474 -1.86205 3.90026 -1.17566 -4.77942 3.66071 -1.62477 -4.83731 3.5383 -1.71138 -4.90102 3.68176 -0.860399 -5.01691 3.83654 -0.576015 -4.93952 3.77162 -0.567828 -4.99149 4.69891 -1.10598 -3.95384 -2.93693 -5.05047 -2.25065 3.87969 -4.18598 -1.22504 5.38813 -1.47839 -2.78412 4.21678 -1.55894 -4.37792 3.81481 -1.97414 -4.58159 3.60253 -2.01412 -4.73351 -0.246006 -6.24999 -0.273874 -3.70418 -4.28037 -2.67318 0.791297 -6.21282 -0.359833 -2.21342 -5.60939 -1.71994 -4.33397 -3.2872 -3.10834 5.12894 -1.87644 -3.08261 4.54844 -2.04474 -3.79466 3.81204 -2.35128 -4.40193 3.55879 -1.45477 -4.96875 3.5896 -1.15246 -5.02154 3.52502 -1.43609 -4.99734 3.57233 -1.09951 -5.0472 3.65495 -0.832102 -5.03897 3.59468 -0.764801 -5.0948 3.54284 -0.728041 -5.13295 3.68799 -0.448738 -5.0662 4.84238 -2.94376 -2.63294 4.95123 -1.95562 -3.32543 -3.16018 -4.84807 -2.37003 -1.07881 -6.14574 -0.689723 -0.758273 -6.19395 -0.317053 3.07566 -4.3633 -1.37159 4.01046 -2.79737 -3.93444 3.5345 -2.54235 -4.52453 3.42542 -2.05347 -4.84601 -3.91296 -3.99244 -2.82804 -2.23704 -5.53726 -1.85579 2.5933 -5.31841 -1.35711 4.26192 -2.7547 -3.65115 3.49459 -0.54546 -5.19268 3.44744 -0.720161 -5.20178 3.59834 -0.208844 -5.1431 3.42606 -1.05375 -5.15768 3.59425 0.161541 -5.14922 3.44237 -1.69785 -4.97331 3.39364 -1.40549 -5.09663 -1.41715 -5.96567 -1.29207 -0.0784702 -6.2582 0.00110733 4.11411 -3.40636 -2.43528 5.03352 -2.37225 -2.77831 4.92199 -2.35729 -3.04925 3.76151 -3.46654 -3.61093 3.37888 -0.248371 -5.28961 3.55546 -3.05301 -4.17803 -3.55739 -4.49366 -2.54743 -4.51058 -3.08811 -3.07106 -0.580066 -6.24476 -0.249735 1.21146 -6.02638 -1.06956 3.21221 -4.80168 -2.04587 3.1374 -3.17067 -4.41081 3.29773 -2.55466 -4.69505 3.21355 -2.22682 -4.91271 3.06162 -2.72369 -4.75952 3.22865 -1.81371 -5.07445 3.15797 -1.57525 -5.19456 3.19763 -1.06954 -5.29788 -2.30995 -5.50289 -1.83262 -0.115371 -6.27414 0.213882 4.19894 -2.06845 -3.49897 2.9152 -3.28423 -4.12866 2.79887 -3.59052 -4.31203 3.16541 -0.516104 -5.39829 -3.09072 -4.97834 -2.22901 -4.06967 -3.83703 -2.80146 -0.644877 -6.18372 -0.672521 -0.0322993 -6.26423 -0.0847058 2.5816 -4.84947 -2.62127 4.18235 -2.51088 -3.77917 2.97262 -1.28122 -5.38354 2.96303 -3.22666 -4.49651 3.02274 -2.16364 -5.05921 2.96561 -1.68494 -5.27326 -1.44055 -5.95282 -1.29857 0.0436057 -6.27803 -0.0810524 0.360952 -6.11461 -0.983364 3.40576 -2.87717 -4.36725 2.48365 -2.96832 -4.93369 2.93813 -3.06738 -4.62848 2.74098 -2.70805 -4.95877 -0.297528 -6.24125 0.27821 3.01256 -3.39146 -4.3327 -2.48647 -5.4353 -1.83001 2.18855 -4.73062 -2.84599 2.83791 -3.38737 -4.46406 2.72025 -3.14459 -4.7084 2.85488 -2.1596 -5.1576 2.79201 -1.81853 -5.32604 2.65152 -2.14213 -5.27332 -3.41241 -4.68464 -2.36524 0.738401 -5.98398 -1.16116 -0.503827 -6.21511 -0.676846 0.117565 -6.27276 -0.248851 -0.588373 -6.22105 0.178157 2.74468 -4.10113 -3.32095 3.22835 -3.97464 -3.57733 2.53568 -2.74439 -5.04282 4.14514 -2.60618 -3.7315 2.64303 -4.10369 -3.91521 2.62635 -3.53943 -4.47572 2.25932 -2.68705 -5.20748 2.49685 -3.29664 -4.72742 0.336764 -6.27019 -0.197646 0.846462 -5.97205 -1.16881 2.59191 -2.42734 -3.96697 2.7155 -3.61065 -4.36411 -0.709726 -6.15178 -0.932055 0.169109 -6.25907 -0.138593 -0.243583 -6.21039 0.387288 2.19877 -3.15306 -4.87792 2.39421 -3.66512 -4.50201 2.31137 -3.2611 -4.84168 -2.77742 -5.25613 -1.93021 -1.70824 -5.8524 -1.39807 -0.178354 -6.27027 -0.069442 2.14215 -3.46756 -4.26561 2.65189 -3.0928 -4.77026 -4.10145 -3.89627 -2.63133 0.0607498 -6.25644 -0.491444 1.2814 -5.38894 -1.8238 2.48253 -3.72311 -3.95982 2.60092 -4.2184 -3.71162 1.94837 -3.62719 -4.73942 2.10554 -2.8442 -5.18856 -4.47841 -3.47128 -2.65968 -0.521416 -6.2306 0.563748 2.84708 -3.6746 -4.20608 1.99564 -3.95657 -4.43705 -3.53854 -4.67025 -2.21979 0.341883 -6.26801 -0.243046 0.0762836 -6.16807 0.744961 2.4676 -4.31986 -3.44217 1.90256 -3.47483 -4.87374 1.3242 -5.77799 -1.13065 -2.09414 -5.70243 -1.52707 0.0351172 -6.27497 -0.0237425 2.45766 -3.69843 -4.21857 1.39314 -3.69222 -4.88155 -2.95764 -5.19416 -1.8644 0.0550701 -6.2466 -0.532709 0.843069 -5.95031 -1.41981 -1.08554 -6.08995 -1.00154 -0.0737128 -6.21484 0.802083 1.46773 -3.52635 -4.64199 -1.46408 -5.94371 -1.21607 0.278896 -6.27235 -0.24068 0.00675724 -6.18937 0.908643 1.55503 -4.74592 -3.45134 0.641296 -4.00594 -4.40667 -0.661253 -6.19698 -0.612289 0.473639 -6.24513 -0.440769 0.443734 -6.26168 0.086698 1.70493 -3.6358 -4.80427 -2.32199 -5.6379 -1.4217 0.0755271 -6.13737 1.29546 1.40101 -4.45232 -3.743 1.7484 -3.85477 -4.52163 -0.549502 -6.19791 0.418228 -0.200175 -6.12471 -0.846659 1.34672 -4.77595 -3.68058 1.31502 -4.63236 -3.991 0.666776 -6.21559 0.5633 -0.635214 -6.1134 1.17125 0.599579 -5.77038 -1.40628 -2.9812 -5.26158 -1.63913 0.387727 -6.26068 -0.301017 0.978654 -5.09855 -2.39602 -0.511924 -6.10754 0.857182 0.834465 -5.8285 -1.87336 -2.32101 -5.68307 -1.20863 -1.56696 -6.00437 -0.867394 -0.0290046 -6.10622 0.768192 1.22121 -5.95453 -1.44837 -0.292711 -6.25773 -0.355225 0.480495 -6.24233 -0.468413 0.491279 -6.25643 -0.108785 0.830434 -6.2211 0.255562 -0.690252 -6.15898 0.947598 0.477834 -6.12306 0.514726 0.913441 -6.09158 0.417023 0.098083 -6.27118 -0.344063 -1.34974 -6.08713 -0.626165 -0.363564 -6.24997 0.158275 0.384556 -6.25498 -0.337337 0.337653 -6.24236 -0.0510748 0.100975 -6.06629 1.57138 0.619517 -5.89491 1.90602 1.29684 -5.56346 2.32851 1.03978 -5.66192 2.45426 1.84521 -4.84298 3.5235 -2.36109 -5.70414 -0.97499 -0.795974 -6.21419 -0.326327 0.647659 -6.22101 0.111954 0.145291 -6.19502 0.846937 0.139952 -6.27619 -0.117544 0.263346 -6.2265 0.422143 1.01594 -5.82547 2.01879 -1.87509 -5.94632 -0.578601 2.57199 -4.17194 3.9104 0.729682 -6.23678 -0.0934095 0.931458 -6.21274 -0.0263915 2.76327 -3.17758 4.6348 0.349369 -6.26992 -0.145828 0.695654 -6.21811 0.037877 1.93759 -5.07853 3.06739 -1.41188 -6.09767 -0.237402 0.573252 -6.25062 -0.149807 1.01118 -5.97119 1.57689 1.73825 -5.31888 2.73807 2.67696 -4.01854 3.92079 0.622212 -6.2177 0.571616 2.92834 -3.26659 4.46784 0.130007 -6.27013 -0.0803395 -0.346784 -6.26609 -0.120458 2.78291 -0.501213 5.57129 2.94966 -2.30444 4.99546 3.46201 -3.13599 3.75106 0.52598 -6.26006 0.0355244 3.22484 -0.609497 5.0824 0.554353 -6.24964 0.125706 2.89062 -1.00974 5.44031 2.88099 0.122815 5.57776 2.99068 0.268245 5.46902 3.39358 -3.84826 2.72488 0.782021 -6.23062 0.053071 1.85538 -5.39052 2.55937 2.46742 -3.94465 4.04804 -0.796 -6.21511 0.0442618 2.89934 -5.22133 0.909986 2.66498 -5.63064 -0.763907 0.351808 -6.26674 0.162125 2.91149 -2.55296 4.89092 -0.119618 -6.26931 0.169461 0.923848 -6.2071 0.173038 1.40963 -5.92007 1.48041 2.58667 -4.06015 3.95576 3.3089 -1.11646 5.04717 3.54894 -2.77505 3.77667 2.73193 -5.62783 -0.130648 2.11467 -5.759 -0.53976 2.05779 -5.83379 -1.02715 -1.54455 -6.06329 0.170519 2.89907 -1.37628 5.36343 2.84585 -0.266043 5.57741 2.5705 -5.39218 0.641271 3.11831 -5.32275 -1.02929 1.20174 -6.10763 0.813206 2.85301 -4.12066 3.67564 2.88058 -2.49659 4.92645 2.97242 -0.283491 5.52283 3.35802 -4.11463 2.90702 3.35203 -1.15579 5.03123 3.1881 -3.67229 3.48371 1.90024 -5.73356 -1.47784 2.26643 -5.63703 -1.37351 2.57799 -5.61226 -1.03928 3.18499 -0.862082 5.32664 3.90109 -1.19251 4.55046 2.19791 -5.6298 0.325145 1.8373 -5.85749 -1.2972 2.05256 -5.69014 -1.63037 0.67867 -6.23197 0.299801 1.21835 -6.06387 0.829243 2.26804 -5.09932 2.71261 3.49967 -2.56093 4.50526 4.00942 -3.08657 2.4581 3.26252 -4.04315 2.53225 2.0555 -5.53726 0.459675 1.53362 -5.97202 -1.19944 2.91586 -5.30917 -1.29944 1.67924 -5.83472 -1.54512 2.0222 -5.59604 -1.83718 2.84189 -5.34845 -1.06848 2.78111 -5.47099 -0.918752 1.83547 -5.72815 1.72122 4.18092 -1.72403 4.24623 -0.463805 -6.20795 0.612992 4.14043 -2.63456 3.86664 0.0953185 -6.2376 0.610856 2.59453 -5.28933 -0.556348 1.26186 -5.99642 -1.38409 2.79325 -5.46302 -1.14997 3.36021 -4.00282 3.47263 -1.04838 -6.16363 0.45024 5.11444 -2.56589 1.65825 3.20878 -5.21098 -0.795537 4.8267 -3.37278 1.92969 3.89535 -3.95061 -1.08831 1.75434 -5.93468 -0.92452 2.2354 -5.75933 -1.00197 2.71965 -5.32669 -1.32193 0.501933 -6.22839 0.545307 2.47083 -5.14902 2.58887 2.93471 -4.7033 2.94027 5.01694 -3.64964 -0.700655 2.89062 -5.46813 -0.651518 2.8019 -5.39084 -0.378954 4.23095 -4.63273 -0.170665 4.59579 -4.26795 0.240951 4.01293 -4.19557 2.30633 4.04704 -4.76428 -0.115884 4.61466 -3.74353 -1.83055 1.95283 -5.86934 -0.911008 3.56479 -5.16868 0.0685804 3.43455 -4.96884 1.384 -0.9937 -6.10112 0.980101 2.88368 -5.40904 -1.12856 4.14338 -4.53903 0.304633 0.880331 -6.16881 0.703018 1.26873 -6.00264 1.16849 2.06378 -5.58988 1.8867 2.89956 -5.49264 0.146152 3.90964 -4.7185 -0.122806 3.60214 -4.61662 -2.03176 2.27536 -5.8173 -0.138177 4.3465 -4.38132 -0.244144 4.06123 -4.75055 0.510277 0.293347 -6.18941 0.98983 2.81089 -4.91846 2.58419 3.93021 -4.79621 -0.704919 2.64315 -5.67825 -0.351582 1.89798 -5.97556 -0.0257485 3.33821 -5.20176 0.257205 4.59655 -3.97401 1.31137 2.69179 -5.08943 2.50678 2.89029 -4.5911 3.12999 3.10687 -5.07626 1.36317 3.15025 -4.678 2.33769 2.92791 -5.52696 0.226322 4.702 -3.38698 2.36916 2.26988 -4.77351 3.35536 3.61368 -4.81393 1.39618 -0.158095 -6.17887 1.06534 2.58797 -5.66069 0.515382 2.49918 -4.57813 3.24213 4.08621 -4.59384 0.902173 4.48895 -4.20528 1.22498 0.672164 -6.16079 0.999361 2.78884 -4.41166 3.44973 3.06588 -5.3861 0.789595 3.44315 -5.08658 1.24459 4.65347 -2.88561 3.01374 2.32643 -5.40241 2.07932 3.19579 -4.61817 2.79542 2.45849 -4.65329 3.39543 -1.02158 -5.99421 1.43916 2.45135 -5.74679 0.470343 4.17124 -4.28131 1.61941 4.96177 -2.95016 2.43443 2.26961 -4.82654 3.1397 2.09417 -5.3771 2.37655 1.7731 -5.97926 0.536136 4.70042 -3.41159 2.26453 1.01052 -6.03685 1.36383 3.21863 -4.87252 2.2606 3.31716 -4.38752 2.97078 -0.459165 -6.12596 1.25202 1.6992 -5.93359 1.14358 1.99785 -5.84775 0.845208 4.86893 -2.96304 2.56414 1.89225 -5.62477 1.91807 2.74646 -5.09115 2.42322 2.72191 -4.84258 2.8334 2.64067 -5.47654 1.37404 2.70841 -5.24916 2.134 2.57744 -5.35778 1.8128 1.73593 -5.68009 1.7539 3.53626 -4.78043 1.83575 4.03721 -3.93291 2.59522 5.04416 -2.52402 2.72801 0.554934 -6.10424 1.32535 2.78381 -5.23012 2.08821 2.21331 -5.54299 1.55241 -0.910233 -5.93315 1.79712 0.104386 -6.07077 1.53926 1.80792 -5.71596 1.77726 3.67567 -4.55414 2.16527 3.13354 -4.97783 2.13039 -0.453272 -5.95861 1.85023 1.63161 -5.80119 1.69299 2.9988 -5.09829 2.00589 3.37684 -4.83821 1.91909 1.6929 -5.92293 1.21002 2.0689 -5.50134 2.0263 2.00035 -5.88484 0.886965 1.7951 -5.74548 1.77139 2.58297 -5.30507 2.07514 3.29844 -5.12045 1.41105 2.81424 -5.13872 2.2577 3.81492 -4.69327 1.56131 2.67933 -5.50571 1.17604 3.20095 -4.9083 2.04321 2.346 -5.37191 2.1939 3.34657 -4.97601 1.78226 2.28676 -5.7578 1.02571 1.85961 -5.81135 1.4543 0.988689 -5.89108 1.82072 3.13965 -5.21437 1.51329 2.02437 -5.45511 2.36021 1.59504 -5.53505 2.36495 2.70021 -5.18568 2.29651 2.7118 -5.5515 1.11643 0.324789 -5.81207 2.23147 2.76067 -5.10463 2.40494 2.28105 -5.6274 1.51529 2.37172 -5.45135 2.02863 2.57615 -5.50851 1.51748 2.21675 -5.23581 2.61566 2.59489 -5.28264 2.17955 0.882905 -5.49472 2.81802 -0.190278 -5.50276 2.93643 2.50415 -5.18296 2.51201 1.72624 -5.16702 3.04536 -0.0294652 6.27356 -0.190027 0.057702 6.25193 -0.333012 -1.11295 6.16686 0.416214 -0.788075 6.17329 -0.823387 -0.657616 6.19009 -0.849357 -0.569235 6.18383 -0.89874 0.0435325 6.27423 -0.1702 -0.0763932 6.27219 0.0352078 0.107655 6.27369 -0.283373 0.153883 6.27827 -0.143837 -1.76975 5.92828 -1.01302 -0.49733 6.24275 0.135981 -4.00649 4.40583 -1.80538 -0.167472 6.24686 -0.513135 -2.82105 5.46006 -1.25416 -1.10438 6.13271 -0.733142 -0.562688 6.21737 -0.626399 0.227067 6.27363 -0.181271 0.159817 6.28063 -0.0494444 -1.51594 6.0361 -0.732501 -2.15198 5.8091 -0.91638 0.154413 6.27848 -0.162081 -0.228106 6.26356 0.224598 -0.518678 6.18429 0.875581 -0.670938 6.22039 -0.436265 0.0428016 6.27581 0.180154 -3.29869 5.18494 -1.05207 0.025628 6.07138 1.45975 -4.48418 4.1207 -1.3659 -2.70151 5.59458 -0.726506 -1.8991 5.95414 -0.493531 0.268731 6.27136 -0.204585 0.317315 5.72387 2.38904 -5.12764 3.35762 -1.09448 -0.0370541 6.26773 -0.258007 0.19701 6.27656 -0.188896 0.274049 6.2757 -0.101441 -3.817 4.85975 -0.848317 0.254254 6.27451 0.167576 0.228181 6.18612 0.995879 -1.02863 6.17865 -0.33846 -2.268 5.82942 -0.401202 0.706053 5.5286 2.85044 -4.62494 4.13606 -0.657769 -3.35932 5.26396 -0.133686 -1.39991 6.10209 -0.121578 0.30242 6.26956 -0.018305 0.381965 6.27125 0.00860128 0.726229 5.94266 1.87815 1.95104 3.80405 4.51036 0.570599 6.20289 0.726172 -2.74076 5.63542 -0.0518634 -0.145783 6.2572 -0.0194953 0.537044 6.23268 0.444828 1.20156 5.49644 2.75249 1.21629 4.99209 3.59583 -4.19212 4.61449 -0.269595 0.394775 6.26695 0.177197 1.14951 5.97445 1.52393 1.41298 5.70445 2.21484 -4.92243 3.8223 -0.0461171 -0.784605 6.22095 0.0743403 1.92649 4.32487 4.04663 -5.31673 3.23859 -0.100981 -4.50316 4.29273 0.495996 -3.81101 4.94559 0.348346 -2.12308 5.87116 0.134808 0.249959 6.26666 0.337622 2.7885 0.777238 5.57376 1.00684 6.04491 1.23868 3.11492 1.49784 5.1383 2.73087 1.58912 5.42023 1.89593 5.18574 2.94609 2.59504 3.06337 4.79951 3.12783 1.48705 5.23026 2.77163 4.28105 2.80972 1.69829 5.51812 2.3774 3.42477 2.2283 4.58746 3.20413 2.33446 4.83054 2.52464 4.26965 3.81741 -1.37704 6.11871 0.231836 1.98941 5.8804 0.386246 0.514467 6.22246 0.585572 0.876357 6.1112 1.12488 3.17749 4.43601 2.03974 3.02996 3.32633 4.36948 1.51572 5.73281 2.03292 -3.07614 5.41986 0.465379 -0.287791 6.24434 0.38582 3.9782 3.47014 2.61982 4.16289 2.3907 3.85564 -3.50146 5.11208 0.845951 2.21299 5.13869 2.80027 2.60144 4.65539 3.29439 -1.03534 6.16376 0.449102 -5.05476 3.58494 0.690139 -4.1407 4.62885 0.874653 -1.59146 6.01087 0.71887 1.96481 5.82857 -0.543463 0.206796 6.26779 0.386372 2.49672 5.15317 -0.809063 4.55418 3.76251 1.195 4.14465 3.46636 2.86578 3.22452 3.89553 3.71546 1.57499 5.75842 -1.82504 3.48322 3.99782 3.12365 4.17278 4.06192 -1.33545 4.66752 3.96485 -0.908123 -4.54855 4.18279 1.06573 -2.25608 5.77214 0.784595 1.80575 5.89373 -1.02856 1.34253 5.90188 1.65681 3.34037 5.14203 0.938168 3.72623 4.86208 -0.340961 2.71082 5.03618 -2.2478 2.13084 5.35806 2.4094 -2.62486 5.56652 1.10385 -0.662127 6.16399 0.874009 0.130561 6.20035 0.816726 4.27635 3.98251 -1.95919 -5.24994 3.2213 1.0604 -4.87902 3.69457 1.36018 2.97283 4.84614 2.62294 4.33798 4.23128 -1.34495 2.21416 5.764 0.405686 1.99903 5.86117 -0.984079 0.670381 6.12086 1.14079 3.45138 4.92555 -0.669088 2.61949 5.47516 -1.36158 2.34832 5.32201 0.287467 -3.86519 4.68762 1.38202 1.32441 5.91267 1.59856 2.75897 5.23902 2.02374 -1.25164 6.01762 1.18137 2.44728 5.72711 -0.252937 2.75885 5.0767 2.45952 -2.7987 5.37267 1.4725 -1.8479 5.78285 1.49645 2.35138 5.33858 2.30702 4.01726 4.61668 0.146552 -4.34866 4.23117 1.54047 2.3161 5.81367 -0.10669 2.16298 5.83807 0.162424 2.01454 5.21067 2.77478 1.73337 5.30599 2.57658 3.78027 4.94274 0.609861 1.86261 5.95615 0.286282 -3.39791 4.89737 1.87114 2.96918 5.43805 0.672575 -0.107135 6.12547 1.26544 1.77034 5.72318 1.85942 3.32531 4.69991 2.02068 3.24063 4.73564 2.46391 -4.56378 3.7948 1.8811 2.02659 4.70689 3.39746 2.71508 4.62384 3.20851 1.87327 4.45612 3.98744 -0.911189 6.04193 1.4183 3.73685 4.64664 1.77126 2.3743 5.64694 1.21933 -3.87398 4.25515 2.40948 -2.03727 5.56633 2.0326 2.59939 5.61493 0.946221 1.06797 6.02419 1.42545 2.92325 4.33108 3.19948 1.76221 4.85347 2.99385 1.74837 5.18295 3.03185 1.83448 5.85751 1.17901 -2.70109 5.20913 2.14621 -1.42014 5.84907 1.75998 0.491 6.09501 1.40991 1.94297 5.60214 2.05119 2.56929 5.30702 2.03173 3.10068 4.77044 2.63992 1.7483 5.71865 1.83783 3.13301 4.85361 2.41881 2.22825 5.6263 1.49971 -0.330985 6.04432 1.58818 2.94945 5.14498 1.46951 3.24654 5.07321 1.72054 -3.27404 4.72573 2.49361 3.09444 4.92764 2.10051 1.77242 5.80254 1.12714 -4.3057 3.62826 2.72015 -4.98268 3.14959 2.05473 2.49635 5.19883 2.34245 1.11106 5.87242 1.73067 2.89841 5.49941 0.844098 -4.78032 3.08752 2.63166 1.76523 5.78727 1.64873 -2.50102 5.15061 2.52129 -0.984722 5.90262 1.8542 1.85276 5.94421 0.791712 2.07901 5.67208 1.67591 -3.69532 3.96474 3.13673 -2.88746 4.81928 2.78601 -1.4013 5.71577 2.14363 2.12762 5.36081 2.48615 2.43902 5.71966 0.863708 -4.32319 3.17957 3.19477 -3.29049 4.40956 2.98094 0.589158 5.841 2.05674 -2.02293 5.42413 2.41227 1.90223 5.58285 2.12047 -0.46981 5.84099 2.17611 2.60135 5.32209 2.05529 1.6571 5.50713 2.4517 2.27245 5.67889 1.41243 2.59414 5.52184 1.47023 2.11694 5.12439 2.85229 2.36333 5.21588 2.55028 -4.04422 3.42278 3.32678 -1.38362 5.54541 2.52399 2.33437 5.51517 1.86011 2.32091 5.40724 2.19257 -3.09083 4.33179 3.30591 -2.55456 4.87853 2.98335 -1.98623 5.17299 2.87982 2.29533 5.50355 1.96993 -3.73466 3.64352 3.49594 2.13842 5.33681 2.49617 0.0803381 5.67154 2.60531 2.29897 5.44923 2.11585 -3.93838 3.2938 3.61206 -3.51219 3.76952 3.56736 2.21032 5.42054 2.28128 0.948461 5.51117 2.78976 2.39208 5.386 2.17603 -0.935932 5.48715 2.84426 2.28867 5.34845 2.36444 -2.74911 4.54931 3.32184 2.05314 5.34024 2.54043 -0.203878 5.34759 3.19089 2.1535 5.42966 2.31368 2.38086 5.38006 2.20027 2.13608 5.42542 2.34083 -1.35787 5.07879 3.3676 1.23268 5.31921 3.04454 -3.84964 3.12688 3.83549 -2.11937 4.8072 3.4052 -2.57899 4.34323 3.6542 -3.22712 3.88686 3.71099 0.549836 5.34505 3.22082 2.23364 5.32608 2.45397 -0.618836 4.93098 3.76568 -3.57186 3.21462 4.00393 1.7607 5.2695 2.87228 -1.47156 4.80215 3.758 2.15796 5.28171 2.59694 1.96102 5.23 2.8377 0.213549 5.05937 3.63546 -2.01936 4.25822 4.07821 -3.00414 3.646 4.10107 0.833622 4.93208 3.73247 1.53258 5.03731 3.38586 -1.42289 4.33486 4.25242 -2.87644 3.20034 4.52052 -0.217191 4.5522 4.26755 -2.18505 3.71262 4.51093 2.05604 4.82526 3.38875 -3.66218 2.6516 4.3355 -0.833521 4.23236 4.53412 -1.46587 3.85057 4.71318 1.6389 4.83652 3.62935 -3.3275 2.58712 4.61123 -2.39785 3.01392 4.92415 0.702696 4.45218 4.26122 -2.58584 2.53325 5.09171 -1.78868 3.24886 5.05914 -1.34468 3.57403 4.94956 -0.320239 3.88832 4.88245 1.23229 4.0735 4.5404 -1.97936 2.73734 5.28238 -1.7204 3.02772 5.221 -0.774342 3.59136 5.07265 0.384025 3.79761 4.94105 -1.1227 3.06846 5.33401 -1.95387 2.35819 5.4582 -5.01995 -1.76141 -3.33186 -4.79859 -2.53227 -3.10587 -5.0787 -1.42574 -3.40117 -5.28117 -0.983353 -3.25743 -5.04905 -2.0956 -3.0569 -5.17247 -1.35353 -3.27659 -4.83842 -2.89531 -2.72814 -3.99034 -4.29175 -2.21087 -5.37142 -0.594301 -3.18963 -5.04871 -2.57682 -2.6724 -5.25649 -1.68283 -2.94106 -3.57717 -4.78089 -1.91197 -4.5178 -3.58031 -2.4548 -5.34553 -1.01318 -3.12995 -4.07855 -4.25545 -2.10517 -5.37078 0.158433 -3.25047 -5.25359 0.607297 -3.38848 -5.42502 -0.273414 -3.14756 -5.36036 -2.11563 -2.44532 -5.38406 -0.990817 -3.0806 -5.41575 -0.679289 -3.10821 -4.76037 -3.40211 -2.24505 -3.28586 -5.08976 -1.48743 -4.2337 -4.17465 -1.86249 -5.43682 -1.46702 -2.74485 -5.4563 0.0477498 -3.1024 -5.4228 -1.00497 -2.99384 -4.99969 -2.96855 -2.28561 -5.46822 -0.302906 -3.07513 -3.85911 -4.71139 -1.47542 -5.51993 0.482194 -2.92439 -5.35304 0.686328 -3.20501 -4.66576 -3.85226 -1.554 -5.53556 -0.747027 -2.83401 -3.34906 -5.18314 -0.981543 -5.19778 -2.83975 -1.94193 -5.52107 1.14408 -2.69683 -4.01195 -4.67892 -1.04936 -2.66929 -5.61665 -0.707025 -5.71869 0.237309 -2.51761 -5.5692 1.99785 -1.89687 -5.67169 -1.53309 -2.01284 -5.74401 -0.549659 -2.40132 -5.68241 -0.133555 -2.61906 -5.7655 1.02335 -2.12322 -5.0628 -3.45772 -1.10849 -5.58865 -2.26696 -1.62168 -4.41117 -4.3239 -0.72478 -5.85406 0.589383 -2.16611 -5.40882 -2.95295 -1.0506 -5.90494 1.58386 -1.3114 -2.17917 -5.85795 -0.131454 -5.88096 -1.14798 -1.74887 -5.99513 -0.321994 -1.73268 -6.00535 0.581428 -1.71042 -3.91116 -4.87083 -0.297185 -4.8768 -3.88516 -0.593526 -6.0283 0.960777 -1.4265 -5.82726 2.099 -0.946153 -2.89984 -5.53695 -0.314644 -6.02398 0.271716 -1.66117 -5.72501 -2.36976 -0.864785 -3.49342 -5.17175 -0.132079 -6.06132 -1.05602 -1.00374 -5.4527 -3.02617 -0.484515 -5.66632 2.55776 -0.686113 -5.91984 -1.79618 -0.896115 -4.59839 -4.25866 -0.108927 -5.10243 -3.6208 -0.204677 -6.09038 1.21703 -0.718729 -6.1782 0.0480234 -0.985952 -6.1806 -0.38228 -0.903397 -6.15254 0.638482 -0.928913 -2.17735 -5.8538 0.307023 -2.90231 -5.52729 0.292851 -5.85698 -2.20071 -0.213537 -4.36704 -4.4816 0.200803 -5.60379 -2.77213 -0.0542135 -6.00108 1.70223 -0.407077 -5.82059 2.26149 -0.0498541 -6.07147 -1.46376 -0.0502346 -4.77387 -4.04733 0.263308 -6.20019 -0.792314 -0.193077 -5.24492 -3.38713 0.330816 -3.9118 -4.86653 0.44749 -6.19764 0.770052 -0.143157 -3.41131 -5.20897 0.640138 -5.61033 2.71235 0.457744 -5.57839 -2.77818 0.526063 -6.24962 -0.0256812 -0.254646 -4.13608 -4.59327 0.960768 -6.02757 1.60918 0.312289 -2.33051 -5.69697 1.04517 -5.89523 -2.0318 0.385427 -4.58195 -4.119 1.02808 -4.99599 -3.61807 0.903784 -5.76014 2.26316 0.904402 -2.88135 -5.43729 1.08798 -5.61279 -2.62798 0.817319 -6.22628 0.208587 0.351277 -1.6356 -5.99404 0.780275 -6.20552 -0.56934 0.434528 -6.11198 1.11633 0.619154 -5.92184 1.66102 1.15845 -5.18013 -3.26119 1.28438 -3.66425 -4.96633 1.01247 -6.10918 -1.21812 0.568869 -5.43107 2.73949 1.45706 -5.78023 -2.13817 1.03802 -6.14125 0.300008 1.0941 -5.8894 -1.55303 1.3665 -5.64862 2.23074 1.53746 -5.19381 3.1321 1.59648 -5.99888 -0.974535 1.41858 -5.36803 -2.81127 1.58503 -6.13661 -0.387697 1.17136 -6.04968 0.946995 1.26944 -5.64618 -2.25037 1.51659 -4.06468 -4.45078 1.65651 -5.68875 1.96313 1.74917 -1.70218 -5.84825 1.42207 -5.93135 0.566792 1.88258 -4.9458 -3.44641 1.68705 -3.44006 -4.98229 1.5489 -2.8157 -5.30323 1.74586 -5.79908 1.49073 1.84359 -5.85185 1.13718 1.92783 -5.3459 2.56292 2.03846 -2.22199 -5.51211 1.91447 -5.39167 -2.58973 1.91925 -5.90127 -0.591176 2.00341 -5.97956 -0.20984 1.84801 -5.15719 -2.85158 2.11484 -4.62096 -3.78647 1.84413 -3.44318 -4.81789 2.05373 -5.47157 -2.24756 1.9732 -5.74102 -1.15271 2.20778 -4.12375 -4.04593 2.31502 -5.29222 -2.38912 2.36004 -5.37691 -2.21295 2.36013 -5.57631 -1.59203 2.32359 -5.80527 0.0804731 2.29551 -5.62719 1.16523 2.49366 -2.93262 -4.9499 2.43678 -5.36701 2.10808 2.41233 -5.54253 1.73847 2.34292 -3.66562 -4.31659 2.61025 -4.68241 -3.17361 2.61287 -1.68081 -5.65668 2.08341 -5.55062 -0.450807 2.83232 -5.6384 0.712844 2.64074 -4.97357 2.57429 2.75711 -4.08007 -3.69475 2.9993 -2.45559 -5.12096 2.62673 -4.76617 -2.64479 3.03294 -5.39051 -1.66726 2.72957 -5.14348 -1.97039 2.94009 -5.57188 -0.944727 2.69848 -5.34823 1.52282 2.87726 -5.05262 2.06593 3.06497 -4.59246 2.80867 3.20647 -3.49916 -4.25722 2.96083 -3.9614 -3.42932 3.42773 -1.65146 -5.57015 2.31353 -5.18964 -1.03088 3.30966 -5.41286 0.102329 3.11051 -4.13106 -3.13273 3.4628 -5.28958 1.01278 3.19109 -4.7872 -1.90853 3.51909 -5.37017 0.582415 3.1608 -0.940017 -5.67492 2.40491 -4.64485 2.24843 3.53396 -4.98066 1.6304 3.43234 -3.04351 -4.4488 3.14155 -4.39029 -2.52229 3.70674 -4.24786 -2.70765 3.74991 -5.1478 0.451099 3.5616 -2.09474 -5.21128 2.76844 -4.21132 2.76244 3.71834 -4.72253 -1.3806 3.86116 -5.06246 -0.421483 3.64447 -4.93151 1.05364 3.69664 -3.78012 -3.47859 3.53277 -4.35483 -2.18212 3.94281 -4.9378 0.298911 3.83807 -1.7726 -5.20564 2.9638 -4.62125 1.64575 3.90283 -2.5127 -4.50497 3.4568 -4.74279 -0.70043 4.04324 -4.88192 -0.14062 3.92892 -4.12809 -2.75363 3.841 -4.03925 -2.31155 4.20215 -4.37631 2.07763 3.97489 -1.03251 -5.2892 3.07211 -1.9875 -4.662 3.67171 -4.60498 0.980418 4.11712 -3.47967 -3.12954 4.11462 -4.59929 0.411431 4.24607 -3.25073 -3.82654 3.73652 -4.68611 0.0178606 4.1595 -4.19361 1.46947 4.40453 -4.23892 -1.9038 4.20953 -4.48446 -1.2966 4.17223 -0.868344 -4.99471 3.65408 -3.82446 -2.51652 4.2734 -1.56538 -4.64733 3.89772 -4.54164 -0.588985 4.28197 -4.21986 0.743552 4.5605 -4.02622 2.35213 4.16782 -2.66878 -3.85523 4.13363 -4.24574 0.169695 4.60785 -1.89606 -4.20674 4.21191 -4.13421 -1.40353 4.48626 -3.03508 -3.04551 4.52589 -4.21679 -0.703235 4.57755 -4.35633 -0.18011 4.50613 -3.87043 -1.94356 4.53484 -2.39668 -3.62395 4.51268 -3.43108 -2.51461 4.61443 -3.8586 1.79149 4.58858 -3.73309 -2.13271 4.57759 -3.90559 -1.01134 4.78911 -3.77508 -1.556 4.76755 -3.8713 1.16112 4.80276 -2.01904 -3.52093 4.7598 -3.90415 -0.301829 4.89501 -2.72696 -2.90437 4.81922 -3.79357 0.752912 4.92581 -3.91182 0.0965929 4.89846 -3.33663 -2.33279 4.76105 -3.37053 1.79527 4.92826 -3.51657 -1.9337 4.7933 -3.30936 1.19295 5.17287 -3.65884 -0.826455 5.01411 -3.38543 1.3809 5.09144 -3.57457 0.212996 5.12212 -3.25216 -1.23331 5.18953 -2.55372 2.01327 5.31992 -2.74387 -2.30893 5.13022 -3.19807 -1.68683 5.09991 -3.13385 -0.577433 5.35945 -2.60542 -1.68611 5.43087 -2.867 -0.0362238 5.55499 -3.01177 0.616576 5.43204 4.55728 3.53229 1.80305 3.9116 4.40662 1.68052 5.03826 -1.60384 3.15679 4.53559 -0.661662 4.25664 4.62354 3.23708 2.62878 4.86637 1.42622 3.64235 4.72647 2.93642 2.90482 4.77087 -2.92281 2.79241 5.68299 -0.126364 2.51289 5.17121 2.54823 2.44134 4.50275 3.55468 2.52333 5.62435 1.55324 2.16555 3.29915 5.02012 1.65707 4.67737 3.05717 2.79787 4.60362 2.90902 3.11026 5.38761 -2.11367 2.10444 5.59513 -0.310102 2.14136 5.17762 2.61228 2.0755 4.80496 2.97901 2.63314 5.37312 1.29935 2.27856 4.205 3.34536 2.99108 4.67457 -2.93257 2.95722 4.91757 -2.90412 2.51364 5.2506 -1.99934 2.79918 4.83882 -2.72697 2.90548 4.60808 -2.38202 3.48451 4.6506 -1.40689 3.64883 4.79545 2.20339 3.37063 4.42564 3.18537 3.08157 4.41108 -3.36116 2.94933 2.72343 4.90909 2.57712 3.90199 3.56705 3.04955 4.66335 -2.74257 3.0142 4.03076 0.309734 4.22807 4.33139 3.05981 3.25673 4.12642 -2.77088 3.72847 4.09938 0.418223 4.58516 4.10911 2.08115 3.94652 4.11956 2.69631 3.87949 4.24429 -2.79816 3.52827 4.29384 -2.71503 3.6667 4.03393 -1.48048 4.46139 2.56318 -4.85441 2.95391 3.17937 -4.3548 2.97543 3.77015 2.90271 4.07868 3.83937 -3.52618 3.39499 4.33113 -1.57037 4.03849 4.24267 -0.505042 4.29502 3.83226 3.44197 3.42161 4.24158 2.62483 3.76656 4.23219 -2.38181 3.97555 4.30679 -2.67556 3.56219 4.32523 0.573298 4.27375 1.85671 5.31822 2.76388 3.69434 2.75276 4.23622 5.17685 0.200972 3.43336 3.96149 3.04771 3.65316 4.08904 2.27001 4.16662 3.97854 2.41506 4.04745 5.03962 -2.48396 2.58648 3.0427 3.61287 3.89829 2.1409 -5.15609 2.85457 4.55305 1.75476 3.8451 2.9355 -3.70926 4.04189 3.24746 -2.12978 4.57293 3.67143 -2.01952 4.65179 2.46244 4.48234 3.5998 5.77528 -1.22473 1.99511 2.77157 -4.41244 3.46255 5.38677 2.50326 1.8273 2.30226 5.11987 2.81495 4.2523 -3.51886 2.86842 4.97093 -3.09927 2.08771 6.11589 0.294017 1.08419 2.42239 -5.31355 2.31573 2.5601 -5.16751 2.46865 2.85466 4.21641 3.59385 3.28552 2.47513 4.69752 3.58623 1.88936 4.78829 2.84453 -2.12524 5.12248 3.15363 -3.3527 4.19214 2.57749 4.7791 3.13472 5.47825 -2.74621 0.857847 3.62274 -1.91686 4.6633 2.65306 -2.40309 3.47897 3.27866 2.49355 4.71195 2.51326 5.25029 2.35507 5.26243 -3.08673 1.1952 3.23317 -4.53516 2.85363 5.64865 0.688522 1.35241 3.39228 4.06951 3.03959 4.24736 -2.3349 3.90902 5.15661 3.12375 1.38322 2.9091 -2.5968 4.90074 4.24477 -3.56472 2.07158 2.92194 3.94474 3.88702 5.24948 -1.19075 1.65661 2.2925 3.15644 4.92511 3.59854 -2.74746 4.25923 3.89029 -1.91267 4.48183 2.18142 -3.88848 4.37507 2.73615 -4.54732 3.21128 2.47213 -5.44827 1.90345 3.47857 -3.86605 3.51911 2.74708 1.86933 5.24698 1.71572 3.80549 4.62622 3.61702 1.5472 4.88942 3.86161 2.9923 3.92242 3.26117 4.74099 2.4707 5.47133 -2.14995 1.89354 1.4514 4.56494 4.00644 3.8997 -3.1152 3.76126 3.92011 0.836569 4.80661 4.36726 2.63122 2.78998 2.98515 -2.3439 4.81991 4.1391 0.530966 3.75618 1.50187 -3.87014 4.63145 1.14209 -4.40058 4.2851 1.88339 -3.14636 4.5171 4.03899 3.84793 2.8222 2.48704 5.26065 2.32791 2.47573 5.12934 2.63338 1.42433 4.19396 4.38242 2.34325 2.99635 4.81721 4.57015 -1.52112 3.97501 4.42237 1.47536 4.1588 2.33308 3.90111 4.06016 2.00951 -3.63673 4.57306 3.59805 -1.93539 3.55797 2.4749 -5.38485 2.07965 4.1412 -3.73987 2.87664 3.58444 1.40201 4.71809 4.65859 -0.468997 4.11687 3.94522 -1.09535 4.65758 3.29146 4.66944 2.45809 2.0268 -5.21402 2.84865 2.55992 -5.29235 2.21583 2.54524 -5.0656 2.62142 3.01041 -4.77126 2.62871 3.97539 -3.75307 2.90309 4.59 0.945584 3.84368 3.45538 -2.79514 4.2166 1.45188 -2.39933 5.19463 4.99455 2.45828 2.86878 1.66328 1.52706 4.84934 1.49951 -2.3302 5.42008 1.78632 -0.341629 5.6639 3.63543 3.9607 2.96162 2.94962 3.36525 4.11308 4.70483 -2.24011 3.29129 0.723649 2.38198 4.98134 1.5222 3.66922 4.73786 4.72645 -0.74739 3.88336 5.14435 0.174197 3.53721 5.37622 0.928416 3.04017 2.73752 4.81174 2.85784 1.29912 0.19603 6.0316 1.60362 0.283709 5.12776 2.42511 -5.32312 2.29139 2.20629 3.1416 4.77523 1.33963 -0.186096 6.03299 3.39244 0.932779 5.06786 2.48846 5.03839 2.72865 1.88363 -2.93027 5.11793 2.67723 -0.299019 5.55098 0.477748 -5.10385 3.47907 4.48886 2.66027 3.07745 1.34798 -5.04542 3.47695 1.74498 -5.22338 2.96748 2.27799 -5.2725 2.52707 2.58286 -5.18937 2.40168 5.31522 -0.233162 3.32069 1.89422 1.41708 5.26135 4.7209 1.50316 3.44779 2.75677 -3.57825 4.3498 2.4871 -2.61269 4.92574 2.8893 0.27262 4.78617 2.32779 -0.877284 5.72842 3.02309 -3.57191 3.81695 4.80641 -1.14679 3.44542 1.47922 0.361286 6.05436 4.19269 -1.81113 4.03556 4.59522 1.44979 3.71246 5.06641 0.274863 3.57026 3.59479 3.56827 3.6337 2.74543 4.00947 3.78409 2.39064 -5.27776 2.40791 4.14076 -2.50682 3.89111 5.20002 -0.129862 3.50913 2.82868 -1.82083 5.1817 -0.267756 -4.68917 4.10583 2.95353 0.483154 5.48751 -1.07508 -4.52046 4.18424 2.58134 -4.62695 3.34538 5.02926 -0.0819037 3.69276 4.67561 -1.1721 3.92567 3.89208 1.99563 4.4145 0.460836 -4.73703 4.06658 2.61301 4.58248 3.39096 2.30931 -5.12581 2.74434 4.54537 -1.08034 4.1872 4.39561 -0.373693 4.39601 3.99546 -1.73619 4.48916 3.75098 0.0620837 4.99767 0.763609 -4.83282 3.87161 2.72925 4.40577 3.48044 2.63255 -4.97756 2.70205 2.76517 -4.31824 3.50945 4.69902 1.22471 3.96118 4.40321 0.576796 4.38836 3.20704 2.75227 4.42705 2.74153 3.65404 4.28221 3.48611 -1.6323 4.6842 4.29728 -0.441015 4.34743 -1.30986 -3.85576 4.70231 3.81951 1.32422 4.67121 1.86675 -4.96266 3.31121 2.34492 -5.00139 2.94169 2.69245 -3.54512 4.39054 4.1093 -0.690708 4.50407 3.37428 -0.454861 5.01768 1.18097 -4.94154 3.64419 2.24087 4.45183 3.76338 2.62664 -2.65975 4.9181 -0.37202 -4.22332 4.59049 4.36994 0.612863 4.43212 2.61359 3.73771 4.24167 2.44227 -4.62838 3.40522 2.93874 1.95412 5.08549 3.10792 -2.09308 5.00821 -0.0336385 -4.10911 4.71319 3.36549 0.704901 5.18318 0.468976 -4.42493 4.39421 1.44365 -4.59689 3.96534 2.51889 -4.06501 4.00907 3.33806 0.253384 5.25425 3.16198 -0.482767 5.3578 1.7844 4.40287 4.07736 3.10662 -0.474724 5.42884 -2.20048 -2.82697 5.12592 2.99723 0.781116 5.44658 1.96931 -4.51878 3.84273 2.21873 3.75431 4.48655 3.09095 2.24233 4.94495 2.88201 2.90798 4.66104 2.75046 -3.39881 4.45941 3.28009 -1.09049 5.22513 3.25365 1.15059 5.22697 3.35809 0.555889 5.26069 -1.57617 -3.1665 5.17292 1.9854 -4.21005 4.17668 3.17053 -2.33228 4.76549 -0.762395 -3.57068 5.07837 2.99647 0.219761 5.51341 0.807761 -4.03772 4.65458 3.59504 -0.0112177 5.14782 3.14142 0.767818 5.32037 3.26391 -1.21724 5.16161 2.85206 1.93964 5.1799 3.28194 0.234754 5.29445 3.32926 0.452163 5.2533 1.41609 -3.74927 4.75447 2.78007 1.375 5.44678 2.0122 -3.43246 4.78491 1.75878 3.60903 4.76323 2.40108 -2.8359 5.01911 3.47427 -0.406123 5.14072 -0.0613492 -3.5603 5.13423 -0.911753 -3.11701 5.34018 1.54239 -3.5362 4.90597 -2.00649 -2.35101 5.43405 -2.79201 1.22053 5.47862 2.74334 -1.72417 5.35557 2.42462 1.76263 5.48963 2.29167 2.70727 5.12942 -1.52823 -2.71314 5.43992 2.59002 0.94541 5.63673 -2.42251 1.68879 5.50087 -2.052 1.95413 5.60007 1.89216 3.02558 5.12823 -1.56261 2.72231 5.42143 0.494271 -3.17345 5.33459 0.776787 3.26681 5.26554 1.46226 3.12582 5.20834 -2.09461 -1.57415 5.68613 -2.27783 1.2669 5.69825 1.28601 -2.70033 5.4773 1.7758 -2.39119 5.48913 -2.36364 -0.898317 5.71689 2.2576 -1.79632 5.49944 2.55123 -0.957681 5.64207 2.80293 -0.483115 5.59148 -0.534738 -2.84164 5.55192 2.77042 0.0331021 5.62941 1.89131 2.25877 5.51016 -2.27798 0.615323 5.78761 2.66974 0.508659 5.66228 -1.74433 1.82122 5.72985 2.14051 1.54729 5.6716 -1.08327 -2.40537 5.67764 -0.268986 3.10847 5.40187 -1.56231 -2.08426 5.6719 1.35108 2.38903 5.61316 1.28249 -1.93951 5.8184 2.14034 0.77726 5.81008 -1.49358 2.22049 5.65152 -0.958358 2.50128 5.65891 2.32037 -0.461209 5.78915 0.107633 -2.79319 5.58897 0.567677 2.71706 5.5892 -2.23835 -0.252414 5.82952 -1.87653 -1.00488 5.87873 2.2482 0.0809564 5.82806 1.60003 -1.46186 5.88401 -1.78764 1.31402 5.85944 1.91065 -1.08791 5.86314 -1.3479 -1.52689 5.91863 -0.384678 2.35422 5.77706 -1.3654 1.67898 5.87256 0.569325 -2.27343 5.78971 1.64056 1.57048 5.84059 -0.469437 -2.08372 5.85343 1.7799 -0.735604 5.96859 -0.980274 -1.58159 5.98647 -1.50746 1.26845 5.95642 1.80444 0.0682789 6.00655 1.69185 -0.36249 6.03323 -1.16956 -0.867428 6.0738 0.593892 -1.63531 6.00958 -1.71962 -0.110988 6.0181 1.16311 -1.4664 5.96985 -1.677 0.590658 5.99393 -0.847024 1.91485 5.90466 -0.305585 -1.51524 6.03884 0.328078 2.25995 5.80241 1.76388 0.981648 5.93423 1.0907 1.77377 5.89233 1.59779 0.919714 5.97147 1.24469 -0.926587 6.05667 -1.12357 0.764822 6.09718 -0.030596 1.54473 6.02682 -0.655621 1.21469 6.08779 1.15478 0.171173 6.11657 -1.27265 -0.0927935 6.13391 -0.898224 -0.204925 6.19746 0.815785 1.06234 6.08663 0.209836 -1.07063 6.1564 -0.518802 -0.770989 6.18838 -0.677869 0.247559 6.21832 0.790243 -0.564021 6.14683 0.0540118 0.383684 6.21289 -0.123828 -0.323191 6.2489"/>
    <TextureCoordinate point="0.472407 0.677134 0.470672 0.676736 0.470341 0.675554 0.468397 0.67471 0.466303 0.67385 0.466959 0.673503 0.468434 0.674247 0.46826 0.675169 0.472201 0.67797 0.469304 0.67501 0.473645 0.678029 0.47479 0.679859 0.465932 0.673076 0.465894 0.673394 0.473428 0.675894 0.469915 0.67742 0.46546 0.673826 0.466309 0.674395 0.472582 0.679589 0.483627 0.684118 0.479423 0.682716 0.479024 0.680487 0.476508 0.678814 0.47709 0.681226 0.46569 0.67429 0.466872 0.675512 0.474319 0.681118 0.469562 0.678052 0.480461 0.674026 0.477249 0.683032 0.468268 0.671975 0.465213 0.673584 0.483518 0.682718 0.48673 0.680299 0.481908 0.68705 0.482597 0.68555 0.489473 0.686651 0.487651 0.687985 0.466035 0.675054 0.466112 0.676417 0.486095 0.68953 0.470796 0.679986 0.465174 0.673092 0.490378 0.691019 0.495796 0.689645 0.494561 0.686717 0.474642 0.684124 0.495709 0.691971 0.472135 0.671704 0.47693 0.670467 0.468803 0.680366 0.464997 0.673801 0.465291 0.674314 0.465519 0.671956 0.487671 0.691481 0.491591 0.693028 0.464109 0.673016 0.503424 0.693418 0.464566 0.675251 0.500075 0.695626 0.507541 0.698439 0.51243 0.697268 0.504825 0.699998 0.488139 0.674485 0.478426 0.688943 0.48037 0.69288 0.516692 0.702024 0.511241 0.703512 0.515378 0.70511 0.518981 0.699372 0.532454 0.706398 0.468105 0.668643 0.501726 0.68671 0.490541 0.69455 0.496779 0.69707 0.463867 0.673959 0.464565 0.677534 0.515556 0.686574 0.463192 0.671643 0.489198 0.699918 0.49959 0.677403 0.510866 0.680364 0.46624 0.68544 0.499046 0.700958 0.472294 0.689414 0.507114 0.704723 0.519115 0.694798 0.511551 0.70794 0.520532 0.711444 0.463126 0.672531 0.463185 0.673183 0.479652 0.698245 0.464821 0.668979 0.503813 0.706224 0.513787 0.713506 0.474607 0.666667 0.527391 0.718787 0.491549 0.704211 0.485983 0.668411 0.461451 0.675927 0.470531 0.696414 0.504613 0.715745 0.534951 0.693356 0.462402 0.674069 0.462254 0.669287 0.465298 0.69657 0.493733 0.670664 0.525195 0.686659 0.467091 0.665298 0.476714 0.664501 0.516878 0.678834 0.461291 0.671713 0.528617 0.679301 0.462313 0.692661 0.490692 0.665243 0.498367 0.664791 0.459983 0.682832 0.508988 0.674486 0.481174 0.660274 0.459888 0.670143 0.520756 0.67375 0.460296 0.672465 0.458164 0.674937 0.4741 0.659952 0.463703 0.665321 0.507818 0.669459 0.481629 0.710244 0.460887 0.686556 0.490891 0.710977 0.533338 0.671952 0.459616 0.671171 0.457799 0.672438 0.5093 0.723733 0.470539 0.702297 0.465071 0.65896 0.498894 0.729011 0.507797 0.731821 0.517282 0.665778 0.482578 0.725519 0.52688 0.663001 0.459897 0.664353 0.456011 0.666816 0.490906 0.655827 0.457315 0.670539 0.461383 0.701722 0.513947 0.662691 0.478191 0.716155 0.458 0.669788 0.505293 0.654533 0.455287 0.68156 0.456679 0.685721 0.47034 0.70924 0.475298 0.653199 0.459157 0.660729 0.517473 0.658919 0.457007 0.692061 0.457456 0.697505 0.487017 0.732807 0.461669 0.706247 0.455371 0.669026 0.453444 0.674969 0.464966 0.714594 0.51358 0.645222 0.525083 0.645606 0.451208 0.688839 0.453107 0.660711 0.453581 0.670352 0.458335 0.648575 0.47002 0.652165 0.482648 0.650541 0.469121 0.720549 0.488523 0.646217 0.451467 0.664136 0.449079 0.701148 0.452388 0.70743 0.452856 0.667078 0.450153 0.672315 0.509156 0.642678 0.448332 0.681765 0.519525 0.643766 0.473931 0.647216 0.45226 0.693149 0.485779 0.74272 0.450997 0.667962 0.454342 0.652361 0.473292 0.731583 0.481325 0.740779 0.446722 0.66826 0.448097 0.675748 0.456117 0.718415 0.472081 0.644708 0.444696 0.695224 0.460449 0.731895 0.449494 0.697467 0.449576 0.665046 0.449111 0.662726 0.46694 0.64687 0.444346 0.688096 0.475014 0.75138 0.46634 0.746849 0.447485 0.664496 0.491064 0.64156 0.445937 0.673471 0.443726 0.679718 0.478276 0.639262 0.481732 0.63462 0.502065 0.633222 0.516278 0.633771 0.468858 0.640665 0.525062 0.627148 0.444845 0.658133 0.4449 0.66455 0.445542 0.711479 0.459135 0.640392 0.444734 0.660466 0.437984 0.66947 0.437727 0.683061 0.439094 0.675244 0.491786 0.629705 0.449866 0.719861 0.451277 0.648557 0.443791 0.661802 0.436081 0.690561 0.430808 0.701836 0.454143 0.734872 0.437591 0.661254 0.435891 0.721915 0.462412 0.625417 0.475919 0.627946 0.48743 0.629735 0.438276 0.652927 0.447355 0.638905 0.492151 0.624124 0.513647 0.62266 0.439853 0.6596 0.441437 0.657842 0.429804 0.680083 0.429049 0.718235 0.457477 0.751042 0.446654 0.742148 0.501268 0.620582 0.463815 0.760801 0.434462 0.666313 0.466246 0.622667 0.478505 0.619357 0.438434 0.656773 0.431431 0.670929 0.427295 0.690556 0.42679 0.6842 0.435962 0.737583 0.428245 0.728838 0.42169 0.709245 0.44253 0.640991 0.438582 0.646604 0.490713 0.616764 0.454958 0.629685 0.512716 0.613497 0.519423 0.615083 0.524711 0.613929 0.444087 0.63742 0.456597 0.620825 0.421828 0.715493 0.414845 0.687702 0.434846 0.654139 0.425347 0.666184 0.420186 0.673976 0.443519 0.755655 0.417058 0.696636 0.478114 0.611926 0.436882 0.639158 0.447275 0.629385 0.41227 0.724358 0.505041 0.610288 0.433323 0.65576 0.43613 0.747557 0.431039 0.650324 0.442706 0.63057 0.428431 0.65496 0.467844 0.60811 0.428638 0.652016 0.414468 0.707421 0.452391 0.617398 0.486913 0.603629 0.416467 0.732972 0.406101 0.677987 0.427801 0.658625 0.51599 0.60561 0.428183 0.750156 0.475236 0.604166 0.408712 0.699606 0.436308 0.634732 0.430262 0.643821 0.411856 0.714505 0.419683 0.661616 0.424817 0.648155 0.429466 0.635073 0.412396 0.672585 0.501418 0.595097 0.440052 0.621429 0.416736 0.750146 0.510236 0.593192 0.517641 0.592429 0.454289 0.611538 0.403521 0.712975 0.432653 0.627094 0.449003 0.607252 0.470263 0.598122 0.403632 0.687841 0.420741 0.650128 0.42061 0.639553 0.483283 0.592978 0.414019 0.650862 0.500127 0.586167 0.410785 0.742109 0.41975 0.644969 0.403215 0.724784 0.404161 0.657873 0.436235 0.610267 0.462885 0.589724 0.397364 0.697447 0.397245 0.707784 0.416712 0.642454 0.416953 0.645208 0.394802 0.712718 0.41992 0.625052 0.423231 0.62178 0.476844 0.584369 0.427422 0.618895 0.433224 0.612428 0.398227 0.745961 0.394922 0.678995 0.452496 0.593306 0.414143 0.635608 0.411717 0.638733 0.410588 0.645653 0.408884 0.641194 0.409863 0.759985 0.38888 0.687159 0.387517 0.727131 0.508133 0.578641 0.435092 0.593324 0.442847 0.587349 0.381256 0.699852 0.385483 0.713745 0.398392 0.64742 0.390508 0.66234 0.390039 0.669561 0.386083 0.694486 0.405888 0.635843 0.411616 0.61154 0.397903 0.639977 0.384428 0.65167 0.425855 0.594751 0.386983 0.676729 0.470683 0.567603 0.482536 0.567649 0.381439 0.740609 0.380098 0.725043 0.382056 0.681082 0.378624 0.690619 0.402157 0.638946 0.400914 0.634905 0.378647 0.712117 0.405531 0.617946 0.420744 0.597521 0.371491 0.700053 0.398874 0.628959 0.372748 0.71751 0.410577 0.602323 0.367398 0.710185 0.373248 0.725376 0.374376 0.654718 0.378285 0.665543 0.3684 0.686101 0.369177 0.693098 0.371844 0.740939 0.390959 0.757201 0.369709 0.75015 0.447028 0.57249 0.393389 0.620099 0.389456 0.629619 0.357894 0.697405 0.363544 0.704322 0.425436 0.586469 0.366037 0.666324 0.3616 0.739565 0.35322 0.718829 0.389427 0.622831 0.390489 0.604822 0.356028 0.734835 0.382607 0.631314 0.416904 0.584221 0.360503 0.678133 0.447822 0.559094 0.347603 0.725513 0.432139 0.57441 0.453546 0.545898 0.350015 0.706718 0.357328 0.750079 0.370989 0.64422 0.355257 0.649616 0.363444 0.758279 0.38334 0.606179 0.38108 0.620075 0.395633 0.592476 0.348046 0.687777 0.38043 0.612628 0.378132 0.624311 0.371559 0.62927 0.33815 0.713036 0.345145 0.66909 0.34967 0.743018 0.347561 0.761969 0.430609 0.560667 0.342475 0.695364 0.370966 0.61787 0.401189 0.575409 0.344886 0.735658 0.381587 0.593317 0.328359 0.703364 0.367518 0.621506 0.337174 0.7273 0.340802 0.744508 0.362823 0.634017 0.359715 0.64157 0.346004 0.657979 0.370949 0.613596 0.371426 0.60832 0.33189 0.693444 0.372761 0.598203 0.408435 0.560531 0.335885 0.737574 0.329369 0.681967 0.333716 0.671245 0.391852 0.575995 0.332666 0.719518 0.329413 0.711486 0.335883 0.747184 0.3359 0.755587 0.34762 0.644935 0.353434 0.630172 0.366394 0.598185 0.361347 0.618375 0.3317 0.728211 0.330044 0.734179 0.342461 0.648316 0.33084 0.65749 0.322033 0.6909 0.327417 0.719542 0.329216 0.728273 0.33004 0.746728 0.322531 0.664357 0.321534 0.674972 0.34602 0.62568 0.321925 0.699372 0.322857 0.713221 0.355817 0.605508 0.350237 0.607125 0.321399 0.722934 0.393689 0.558452 0.326753 0.650903 0.313171 0.737633 0.337541 0.641614 0.316969 0.691683 0.313615 0.697363 0.3165 0.70536 0.352481 0.595903 0.378287 0.572389 0.314941 0.673265 0.314626 0.68231 0.307088 0.70686 0.362485 0.56869 0.333404 0.632287 0.327233 0.642892 0.384188 0.559701 0.30511 0.721241 0.310504 0.689074 0.295781 0.700047 0.345254 0.598179 0.34385 0.609454 0.313787 0.654446 0.313106 0.64212 0.316928 0.667471 0.311045 0.667772 0.310792 0.677263 0.334832 0.616691 0.358223 0.571425 0.338918 0.598776 0.305825 0.682858 0.319812 0.639725 0.295002 0.758618 0.309634 0.660366 0.30953 0.674289 0.323525 0.618365 0.301137 0.688624 0.291537 0.703976 0.293996 0.71358 0.342848 0.588646 0.371861 0.555155 0.31733 0.630675 0.306202 0.669564 0.304863 0.661271 0.307692 0.677043 0.301348 0.684612 0.295753 0.729858 0.305764 0.656271 0.306413 0.64146 0.302796 0.672976 0.300694 0.677502 0.300627 0.663827 0.301227 0.67983 0.290814 0.695072 0.283016 0.72251 0.273438 0.74563 0.298805 0.647015 0.296494 0.657955 0.299615 0.660368 0.296368 0.659562 0.297153 0.671427 0.299371 0.675265 0.299531 0.677191 0.299597 0.678466 0.297513 0.682913 0.296383 0.687608 0.284338 0.704689 0.292346 0.650347 0.304877 0.633818 0.295967 0.665888 0.294052 0.675077 0.292962 0.682282 0.314205 0.61263 0.303268 0.627651 0.292685 0.637034 0.283903 0.645683 0.290862 0.659529 0.290548 0.667747 0.288421 0.686106 0.282262 0.692938 0.281413 0.651629 0.284742 0.661144 0.283805 0.674184 0.278186 0.665365 0.790781 0.818418 0.784243 0.818093 0.800939 0.800314 0.782093 0.824514 0.778704 0.824314 0.777968 0.817922 0.774403 0.825868 0.779257 0.828785 0.772592 0.832548 0.76974 0.831963 0.767775 0.8362 0.766951 0.834181 0.788249 0.827035 0.803327 0.813935 0.791059 0.803973 0.769405 0.827955 0.766658 0.831303 0.772882 0.837939 0.764789 0.837705 0.763899 0.841371 0.763267 0.839462 0.762065 0.841297 0.760908 0.844246 0.760515 0.843903 0.783106 0.834402 0.764731 0.832749 0.767173 0.841472 0.797049 0.829704 0.761625 0.839249 0.78424 0.794757 0.780371 0.810705 0.777202 0.805244 0.761081 0.841232 0.759379 0.843953 0.760401 0.845469 0.772128 0.820781 0.763623 0.826416 0.774089 0.84139 0.760677 0.837293 0.764672 0.811091 0.758568 0.84245 0.758597 0.846391 0.759158 0.84716 0.758095 0.845603 0.759427 0.830691 0.769198 0.843447 0.762763 0.84706 0.771123 0.794702 0.764615 0.818905 0.75783 0.844315 0.779543 0.841259 0.757487 0.847042 0.75765 0.847474 0.75705 0.847699 0.758525 0.825741 0.768801 0.847805 0.801027 0.836545 0.808926 0.835971 0.804124 0.842149 0.792849 0.842577 0.765197 0.847187 0.75775 0.838023 0.756889 0.847475 0.758087 0.848102 0.757256 0.847975 0.771823 0.848108 0.763202 0.849494 0.758956 0.816135 0.782838 0.846862 0.75684 0.844762 0.756562 0.846672 0.756548 0.847512 0.756795 0.848257 0.808139 0.843733 0.767505 0.85221 0.761564 0.796889 0.758618 0.849958 0.75869 0.821332 0.755146 0.84355 0.7549 0.845741 0.757475 0.850346 0.756544 0.847946 0.751713 0.828092 0.747551 0.830711 0.755534 0.847867 0.756619 0.803994 0.752939 0.813842 0.794824 0.84922 0.746645 0.835922 0.753706 0.842459 0.750301 0.840197 0.79218 0.851203 0.773831 0.853025 0.755903 0.848578 0.751556 0.82274 0.809034 0.854409 0.763323 0.852431 0.756119 0.849806 0.755167 0.848676 0.741274 0.826093 0.796474 0.85453 0.764727 0.856523 0.74422 0.812365 0.741631 0.819108 0.750344 0.843322 0.758762 0.853495 0.752812 0.844392 0.753761 0.848081 0.773715 0.860593 0.816153 0.848475 0.739544 0.800684 0.791325 0.856885 0.760252 0.857794 0.780298 0.857396 0.756096 0.853207 0.755125 0.850564 0.758069 0.787167 0.751094 0.846231 0.754152 0.852954 0.754027 0.850669 0.753389 0.849757 0.817504 0.861523 0.737673 0.786184 0.797115 0.867806 0.781403 0.861367 0.821644 0.862299 0.753719 0.851851 0.809605 0.866332 0.776961 0.864346 0.743041 0.83909 0.767174 0.864825 0.746597 0.841657 0.731447 0.814969 0.783236 0.868248 0.745828 0.846272 0.756846 0.858366 0.74949 0.848074 0.734553 0.831828 0.752694 0.851384 0.736246 0.835401 0.727834 0.795142 0.73546 0.781459 0.74351 0.843541 0.753064 0.855336 0.731175 0.826518 0.750979 0.851092 0.752829 0.852376 0.752178 0.854413 0.818756 0.875643 0.771626 0.869555 0.723511 0.787005 0.738528 0.840131 0.808342 0.874522 0.724566 0.80046 0.823559 0.877428 0.750529 0.854802 0.810796 0.875397 0.723994 0.815272 0.75858 0.86701 0.756812 0.863852 0.744095 0.851579 0.777184 0.878229 0.746692 0.853143 0.751434 0.855402 0.75184 0.856786 0.799744 0.877742 0.73544 0.839459 0.765517 0.870733 0.740623 0.850574 0.752046 0.860999 0.748758 0.853761 0.729602 0.835102 0.73811 0.846085 0.712762 0.804153 0.76202 0.87019 0.72254 0.826812 0.769808 0.879561 0.711124 0.797994 0.708195 0.790743 0.75079 0.864645 0.787776 0.882296 0.749117 0.857074 0.820738 0.879191 0.814388 0.884866 0.808691 0.881714 0.733115 0.846912 0.736577 0.851186 0.717126 0.823006 0.753549 0.870854 0.748098 0.859813 0.801014 0.883907 0.763922 0.87778 0.692589 0.786068 0.704775 0.778292 0.758314 0.8752 0.71148 0.818188 0.72122 0.838666 0.747841 0.863145 0.74695 0.858436 0.82359 0.888141 0.734208 0.852982 0.716932 0.832327 0.739623 0.85662 0.809418 0.89367 0.782493 0.886297 0.823856 0.892409 0.827853 0.887253 0.751211 0.880138 0.712427 0.8264 0.744316 0.859356 0.745696 0.861282 0.81841 0.895733 0.718747 0.843016 0.724209 0.84763 0.729708 0.850562 0.802909 0.89659 0.7925 0.895247 0.770145 0.885594 0.728751 0.856333 0.734219 0.861628 0.68725 0.793019 0.698614 0.797509 0.744722 0.872663 0.698232 0.817934 0.688877 0.779602 0.710895 0.83893 0.763387 0.883635 0.756356 0.882329 0.739458 0.86037 0.741829 0.863964 0.744098 0.867466 0.704273 0.831361 0.742784 0.865072 0.712173 0.846414 0.805578 0.902247 0.775684 0.89216 0.742827 0.882577 0.678713 0.804286 0.829932 0.894688 0.673296 0.784191 0.713366 0.85473 0.685701 0.811885 0.758826 0.889323 0.768309 0.892341 0.69607 0.826645 0.698997 0.842464 0.687901 0.825279 0.782864 0.901865 0.826528 0.904447 0.682306 0.769531 0.819598 0.900624 0.735006 0.871114 0.73878 0.868712 0.741452 0.868336 0.812957 0.905295 0.700824 0.849323 0.670168 0.796262 0.717971 0.865141 0.727664 0.865664 0.691706 0.836995 0.738301 0.874981 0.74077 0.87199 0.674063 0.772215 0.676824 0.813276 0.798453 0.911915 0.745019 0.892644 0.712511 0.861758 0.686354 0.830349 0.662727 0.788445 0.76838 0.901823 0.76176 0.900666 0.75243 0.893878 0.661758 0.772405 0.726907 0.869857 0.736092 0.880772 0.7374 0.87258 0.664479 0.807505 0.802265 0.916124 0.702524 0.8585 0.791211 0.909426 0.672241 0.822692 0.720388 0.869489 0.824069 0.909265 0.832301 0.904782 0.655652 0.783132 0.775907 0.911012 0.735893 0.884226 0.734405 0.879644 0.817517 0.912277 0.700711 0.868046 0.679108 0.833579 0.715133 0.868945 0.647034 0.789159 0.654293 0.793956 0.733115 0.876679 0.691932 0.84848 0.691245 0.854337 0.660884 0.820422 0.764583 0.908921 0.79036 0.919804 0.6412 0.769993 0.832039 0.916007 0.725692 0.88049 0.682139 0.841493 0.685391 0.848564 0.769483 0.908509 0.650736 0.805605 0.692397 0.85998 0.745361 0.905534 0.707335 0.872192 0.672361 0.832575 0.783954 0.917857 0.636388 0.782735 0.720441 0.879873 0.731369 0.895221 0.731083 0.890902 0.732699 0.885147 0.730677 0.882777 0.672155 0.844969 0.793864 0.930161 0.685376 0.861233 0.69007 0.874408 0.659988 0.82933 0.677219 0.855682 0.636917 0.797458 0.77059 0.919446 0.727951 0.891781 0.684095 0.866684 0.703893 0.876899 0.657038 0.836265 0.665854 0.839961 0.711999 0.886482 0.7246 0.887271 0.765358 0.919328 0.694883 0.877867 0.639577 0.816348 0.643892 0.823258 0.658925 0.843813 0.732247 0.904992 0.669373 0.854191 0.665007 0.847084 0.720051 0.890492 0.677577 0.863566 0.683073 0.871318 0.747766 0.914965 0.649327 0.830996 0.787367 0.934446 0.669821 0.862646 0.725384 0.895771 0.621059 0.796669 0.625947 0.812317 0.651963 0.840442 0.69624 0.885261 0.704385 0.887661 0.657049 0.851905 0.661009 0.857333 0.613399 0.780912 0.726583 0.902593 0.676033 0.87188 0.721301 0.891624 0.75127 0.923114 0.626713 0.824636 0.687949 0.883675 0.644193 0.838221 0.653529 0.846601 0.735795 0.914739 0.609875 0.790518 0.723805 0.901136 0.76516 0.92938 0.680759 0.879347 0.634065 0.832091 0.645068 0.847792 0.706646 0.892935 0.728368 0.911237 0.670277 0.874013 0.718894 0.894986 0.610679 0.810969 0.618776 0.826137 0.633578 0.841371 0.689302 0.888563 0.605331 0.799805 0.714298 0.896608 0.650774 0.860699 0.658397 0.86972 0.719393 0.900424 0.66546 0.871249 0.674022 0.88061 0.626296 0.833928 0.692987 0.89461 0.722942 0.906616 0.716185 0.908314 0.658965 0.876599 0.675824 0.886148 0.682389 0.890447 0.633987 0.848585 0.637719 0.858637 0.595483 0.799542 0.602208 0.806836 0.707241 0.90153 0.72792 0.923042 0.618986 0.836011 0.620068 0.840952 0.623297 0.850315 0.642504 0.863725 0.687074 0.895628 0.603131 0.823302 0.720078 0.911783 0.709015 0.911083 0.64702 0.875314 0.60447 0.834108 0.666826 0.889573 0.630178 0.862219 0.692028 0.899599 0.586468 0.804606 0.699994 0.903958 0.717424 0.923386 0.715372 0.912023 0.647747 0.882553 0.655558 0.887417 0.671019 0.893282 0.61076 0.841498 0.680935 0.895741 0.685426 0.898224 0.687562 0.904116 0.636276 0.874035 0.594948 0.814772 0.71632 0.916715 0.614517 0.844884 0.680336 0.903786 0.614176 0.855461 0.689331 0.904225 0.580662 0.796078 0.695295 0.911893 0.637393 0.878111 0.704777 0.910636 0.598954 0.826294 0.662515 0.895608 0.60883 0.844213 0.674147 0.9006 0.61776 0.866712 0.628878 0.873218 0.590642 0.819596 0.645998 0.889559 0.711905 0.917769 0.6654 0.900564 0.600382 0.83483 0.56958 0.790174 0.577965 0.804453 0.584513 0.820217 0.63913 0.880647 0.642683 0.886029 0.58887 0.823282 0.704743 0.916924 0.590714 0.842654 0.651724 0.89745 0.657563 0.897478 0.662736 0.902286 0.605895 0.847989 0.606255 0.862173 0.546509 0.789922 0.677068 0.907412 0.679569 0.909819 0.685178 0.910296 0.616549 0.875015 0.637333 0.881037 0.628126 0.880961 0.707186 0.918309 0.580239 0.841406 0.600951 0.845443 0.594496 0.854816 0.630158 0.890455 0.635264 0.885519 0.638107 0.889856 0.669967 0.904522 0.665914 0.904551 0.55979 0.826569 0.597472 0.87555 0.688071 0.914601 0.697575 0.918273 0.570009 0.83813 0.65383 0.900847 0.657477 0.902214 0.661435 0.904166 0.663646 0.907393 0.639737 0.900585 0.645699 0.898414 0.589503 0.860174 0.667997 0.907622 0.670399 0.910393 0.597173 0.886321 0.674153 0.911976 0.683204 0.91762 0.687214 0.919849 0.649833 0.901467 0.702473 0.923535 0.704836 0.925553 0.652952 0.904627 0.655534 0.904066 0.626554 0.897525 0.582307 0.86529 0.696165 0.924048 0.664147 0.910848 0.668415 0.915196 0.674115 0.918007 0.651893 0.904647 0.603135 0.913404 0.616194 0.917273 0.64247 0.906544 0.678879 0.922782 0.653537 0.907065 0.647164 0.907076 0.65514 0.90844 0.659374 0.907392 0.5513 0.84888 0.560764 0.866694 0.536464 0.822238 0.578857 0.877295 0.651638 0.909058 0.655653 0.910382 0.659814 0.912565 0.666081 0.918077 0.523126 0.852171 0.534957 0.864574 0.57315 0.887328 0.579265 0.906879 0.592902 0.905799 0.653546 0.911887 0.651531 0.911843 0.646849 0.9151 0.659498 0.917196 0.654336 0.913238 0.662472 0.919891 0.504353 0.818908 0.502157 0.849006 0.655467 0.916448 0.653428 0.912687 0.652045 0.916841 0.656581 0.918634 0.653803 0.914426 0.653218 0.915945 0.523323 0.871273 0.541599 0.923715 0.544583 0.898368 0.576916 0.939911 0.531718 0.887654 0.499023 0.873398 0.507052 0.888004 0.516924 0.900769 0.527995 0.913371 0.505983 0.0139281 0.499279 0.00737011 0.518049 0.00767472 0.541752 0.0178974 0.534697 0.0288895 0.525199 0 0.499581 0.0255252 0.506768 0.0181222 0.516771 0.0196731 0.481724 0.0162038 0.476258 0.0355932 0.5528 0.0183496 0.551947 0.0341451 0.506359 0.0391525 0.43974 0.0337685 0.443517 0.0445046 0.434981 0.0466098 0.488151 0.0418316 0.527902 0.0384971 0.520524 0.0371655 0.426661 0.0442332 0.470195 0.0429321 0.475177 0.0504784 0.463575 0.0484894 0.445549 0.0316447 0.566864 0.0396399 0.441281 0.0540597 0.428128 0.0567477 0.560723 0.0447606 0.490483 0.054663 0.418881 0.0589659 0.407294 0.0426465 0.579504 0.0480827 0.573376 0.0279512 0.541081 0.0541825 0.504552 0.0625623 0.479517 0.0614919 0.513684 0.0551623 0.439237 0.0652505 0.527789 0.0532975 0.453989 0.0694452 0.556305 0.0520293 0.403504 0.0535451 0.413973 0.0651089 0.520049 0.0650101 0.588818 0.0280726 0.427026 0.0755548 0.472638 0.0746088 0.605157 0.0426772 0.391029 0.0529505 0.394513 0.0581838 0.389773 0.0635109 0.386832 0.0645266 0.387737 0.0554528 0.573963 0.0595417 0.44835 0.076078 0.485494 0.0744071 0.436639 0.0748732 0.607847 0.0312443 0.480895 0.076103 0.413168 0.0783409 0.399983 0.0675173 0.497013 0.0788583 0.562704 0.0642495 0.424432 0.0858725 0.552202 0.0675995 0.619929 0.0348341 0.380859 0.0620938 0.383787 0.059301 0.382479 0.0621709 0.383286 0.0636571 0.389102 0.0732263 0.582489 0.0658636 0.593747 0.0565955 0.430326 0.0860486 0.545435 0.0687804 0.534575 0.0727162 0.461458 0.0896334 0.380916 0.0646283 0.396444 0.0787529 0.52562 0.0852317 0.515039 0.0817743 0.37517 0.0595979 0.377705 0.0623884 0.374993 0.0622023 0.379318 0.0651506 0.374273 0.0659798 0.379827 0.0682554 0.381292 0.0707096 0.383479 0.0717863 0.354958 0.0376092 0.365537 0.0374337 0.3594 0.0444833 0.622345 0.0568378 0.569506 0.0773464 0.489898 0.0967468 0.444075 0.0900815 0.371985 0.0589777 0.374343 0.0583801 0.371811 0.0607892 0.402543 0.0815766 0.365016 0.0417712 0.501118 0.0922429 0.513709 0.0965138 0.48022 0.103587 0.564427 0.0862471 0.549381 0.078394 0.468436 0.104965 0.63034 0.058452 0.62791 0.034919 0.384473 0.0755192 0.603717 0.075862 0.590908 0.0738043 0.451419 0.103006 0.355166 0.0429036 0.366278 0.0490272 0.372351 0.0573274 0.37026 0.0579438 0.370555 0.0608275 0.371504 0.0637707 0.373524 0.0696234 0.376935 0.0728502 0.522752 0.0890999 0.364251 0.0503922 0.580174 0.0819726 0.369854 0.0549836 0.37087 0.0555048 0.369508 0.0564898 0.380198 0.0756775 0.421443 0.0992841 0.368741 0.0575882 0.369317 0.0593233 0.370092 0.062391 0.37082 0.0663093 0.384187 0.0866965 0.431841 0.101342 0.622575 0.0780011 0.369807 0.0542676 0.369183 0.0545275 0.369152 0.0539783 0.369324 0.0553762 0.368948 0.055832 0.574995 0.0885157 0.367886 0.0580415 0.369302 0.0623211 0.366591 0.0601716 0.547228 0.0935111 0.36821 0.0658818 0.369442 0.0482271 0.366273 0.0517259 0.367879 0.0528676 0.369916 0.0751138 0.402526 0.0957343 0.362232 0.0524843 0.37668 0.0863159 0.370208 0.0793835 0.355039 0.048991 0.351606 0.0332816 0.347441 0.0418217 0.350793 0.0458832 0.364466 0.054078 0.367199 0.0540367 0.532721 0.0978076 0.366817 0.0548043 0.369009 0.0549459 0.368852 0.0553461 0.367133 0.0565818 0.368632 0.0558193 0.494541 0.106354 0.360903 0.0562362 0.552081 0.0918619 0.364663 0.0574167 0.356056 0.0522677 0.361957 0.0598222 0.358436 0.0639544 0.365225 0.0687878 0.393628 0.0936076 0.371826 0.082858 0.526386 0.100832 0.368475 0.0554488 0.368578 0.05505 0.457243 0.117087 0.356597 0.0597322 0.368587 0.0540261 0.368651 0.0541805 0.368874 0.0533294 0.368454 0.0528663 0.368369 0.0541491 0.36873 0.0542986 0.336986 0.0364097 0.347633 0.0487794 0.35195 0.0522031 0.368749 0.0545638 0.36861 0.054806 0.367999 0.0549889 0.596551 0.0843977 0.583247 0.0951269 0.368435 0.0550724 0.421367 0.110002 0.569051 0.102779 0.434773 0.108853 0.357856 0.0720855 0.375652 0.0955291 0.633849 0.0798192 0.368434 0.0544872 0.617019 0.0932305 0.507701 0.113978 0.553386 0.109041 0.368633 0.0543594 0.368647 0.0544709 0.348468 0.0555507 0.352086 0.0619764 0.329532 0.0231572 0.346254 0.0254412 0.332152 0.0297314 0.36862 0.0543664 0.3686 0.0545915 0.429894 0.114672 0.603134 0.0966144 0.368475 0.0546749 0.368623 0.0546451 0.368482 0.054857 0.403972 0.109685 0.535118 0.11293 0.360213 0.0791191 0.385248 0.0986398 0.368037 0.0867696 0.489641 0.122207 0.472945 0.116609 0.444881 0.123141 0.368607 0.0544608 0.368569 0.054505 0.442035 0.130767 0.368554 0.0545618 0.368558 0.05468 0.348442 0.0651839 0.333891 0.0473651 0.341411 0.0556139 0.326207 0.0380799 0.368571 0.054571 0.368561 0.0546083 0.597112 0.112355 0.50289 0.125211 0.582506 0.109271 0.350606 0.0730371 0.353976 0.0839597 0.360675 0.0859372 0.45871 0.132422 0.370203 0.0912118 0.435702 0.134051 0.389773 0.116838 0.484494 0.130233 0.553549 0.124189 0.36541 0.0914019 0.370656 0.0969017 0.341873 0.0657215 0.332428 0.0537462 0.316642 0.0120341 0.325617 0.00988972 0.327186 0.0166757 0.318326 0.0197808 0.321955 0.031595 0.324467 0.00309226 0.315208 0.00454611 0.341559 0.0737209 0.374263 0.102085 0.362906 0.0902924 0.566841 0.115177 0.420837 0.124641 0.409144 0.12101 0.522909 0.134738 0.358174 0.0957726 0.476861 0.144304 0.365653 0.0958718 0.36223 0.0943669 0.339387 0.0800674 0.352623 0.0966054 0.376647 0.115504 0.365644 0.10491 0.360335 0.103299 0.61437 0.119463 0.58484 0.122384 0.333142 0.0703884 0.30902 0.0207288 0.307613 0.0140138 0.301042 0.0213146 0.310053 0.0277582 0.306347 0.0283396 0.317546 0.0404386 0.310945 0.034738 0.306443 0.00707389 0.321807 0.0530214 0.324998 0.0626339 0.343976 0.0904158 0.506127 0.143312 0.627494 0.111403 0.578295 0.133396 0.536737 0.137737 0.40923 0.133985 0.396486 0.12675 0.327153 0.0809904 0.328242 0.0711239 0.4922 0.152277 0.454409 0.160746 0.427096 0.152682 0.351058 0.105687 0.363445 0.116841 0.336861 0.0921574 0.327982 0.0882296 0.594404 0.135765 0.344196 0.100564 0.321262 0.0712436 0.293601 0.0365029 0.302871 0.0442473 0.312863 0.053061 0.306798 0.0513367 0.312659 0.0639563 0.605124 0.137039 0.468342 0.164774 0.563238 0.152285 0.440807 0.150097 0.380704 0.128116 0.351946 0.116344 0.514891 0.159209 0.344381 0.106382 0.329801 0.097557 0.283459 0.0207903 0.287179 0.0291365 0.316466 0.0808549 0.537486 0.157119 0.413754 0.158345 0.402785 0.143497 0.351448 0.120011 0.445845 0.164711 0.5842 0.152606 0.368273 0.13946 0.329277 0.107892 0.276773 0.0323984 0.276685 0.0194492 0.28618 0.0484996 0.303785 0.0762271 0.315041 0.0872004 0.302329 0.0602563 0.306897 0.0676718 0.294338 0.0537805 0.631282 0.139027 0.387237 0.146841 0.354904 0.130887 0.345538 0.11711 0.348863 0.125006 0.48803 0.171063 0.597828 0.157286 0.434758 0.172602 0.339789 0.113864 0.310632 0.0945453 0.317789 0.101661 0.514956 0.17877 0.590646 0.163138 0.335652 0.112878 0.532457 0.172417 0.424679 0.178586 0.567208 0.166683 0.401105 0.156555 0.341628 0.122256 0.336528 0.119923 0.30041 0.0863596 0.285164 0.0554607 0.294464 0.0616996 0.277152 0.0649911 0.288191 0.0639833 0.294193 0.0701255 0.295421 0.0764375 0.635057 0.15418 0.621261 0.152539 0.45692 0.1823 0.466198 0.186196 0.408722 0.168368 0.449434 0.183139 0.332934 0.129318 0.327588 0.117715 0.30417 0.102768 0.328221 0.124904 0.299097 0.0960323 0.392329 0.165666 0.379023 0.155479 0.541377 0.180268 0.485162 0.186126 0.61072 0.167168 0.416708 0.178687 0.334165 0.135167 0.288473 0.0890516 0.284244 0.0714159 0.285012 0.0800899 0.266602 0.0818223 0.402956 0.169921 0.306226 0.114447 0.318563 0.132632 0.514106 0.191534 0.281839 0.0978541 0.285203 0.107372 0.540811 0.191702 0.483655 0.202087 0.467446 0.196244 0.567701 0.186324 0.368778 0.157441 0.345823 0.150626 0.317083 0.126977 0.44582 0.195045 0.402526 0.181975 0.353012 0.160811 0.3355 0.144845 0.305134 0.128314 0.309701 0.135278 0.27053 0.091392 0.287571 0.118485 0.46324 0.208793 0.456875 0.207955 0.604261 0.176681 0.42963 0.200751 0.587879 0.189768 0.377711 0.173243 0.315817 0.137299 0.421678 0.205161 0.334794 0.159067 0.437378 0.216211 0.410782 0.197119 0.386931 0.184655 0.316213 0.152712 0.293811 0.130837 0.527515 0.206138 0.473689 0.211911 0.601909 0.195359 0.568802 0.202887 0.300154 0.137204 0.269099 0.11042 0.549116 0.21021 0.509334 0.209839 0.306684 0.141976 0.295803 0.14205 0.396641 0.197978 0.364355 0.18634 0.293104 0.132413 0.483784 0.216938 0.422615 0.217712 0.292109 0.138822 0.283512 0.130012 0.505058 0.224794 0.452443 0.226496 0.29401 0.145627 0.587208 0.21286 0.43393 0.225993 0.356357 0.178867 0.337803 0.176138 0.318303 0.166158 0.278657 0.138649 0.285114 0.142642 0.534982 0.224103 0.471562 0.229328 0.385497 0.209878 0.573987 0.218283 0.556631 0.238526 0.277801 0.148771 0.288705 0.162446 0.485628 0.239545 0.461039 0.232063 0.364959 0.197073 0.515645 0.241372 0.406024 0.226026 0.399176 0.229615 0.348078 0.203378 0.306252 0.170017 0.500942 0.248121 0.466688 0.242024 0.32611 0.184431 0.416024 0.242245 0.430856 0.245158 0.479716 0.252327 0.453833 0.250673 0.494338 0.254419 0.463766 0.261808 0.442006 0.25615 0.514686 0.265814 0.477666 0.265931 0.493364 0.271943 0.467562 0.272569 0.484887 0.28582 0.44419 0.811412 0.443245 0.811717 0.443562 0.811093 0.444449 0.812397 0.442647 0.812849 0.442301 0.814592 0.443066 0.810964 0.441702 0.811884 0.444522 0.815715 0.440573 0.814681 0.438759 0.816321 0.447001 0.810576 0.447754 0.811575 0.449168 0.809572 0.44674 0.809223 0.437732 0.819651 0.436324 0.818794 0.439188 0.813675 0.437197 0.815763 0.432395 0.820542 0.431239 0.82363 0.453855 0.809271 0.450782 0.820602 0.443576 0.809285 0.31282 0.912598 0.316614 0.912069 0.313725 0.914436 0.308798 0.917092 0.309919 0.915085 0.31128 0.915681 0.440804 0.809302 0.308831 0.914374 0.316539 0.909491 0.316994 0.910112 0.311895 0.911449 0.441325 0.820535 0.30516 0.917466 0.307354 0.914431 0.308286 0.913216 0.45229 0.806362 0.457917 0.806269 0.44574 0.806738 0.318551 0.912174 0.315371 0.918315 0.321423 0.910616 0.320175 0.907189 0.316815 0.907712 0.438429 0.811901 0.312141 0.90977 0.435048 0.815074 0.432364 0.817811 0.303806 0.923079 0.30992 0.921055 0.435164 0.826992 0.306587 0.913944 0.30398 0.91673 0.428879 0.826201 0.42321 0.828561 0.425909 0.825185 0.466914 0.808787 0.460811 0.815086 0.454809 0.803134 0.320218 0.915022 0.441382 0.806595 0.315115 0.922143 0.325604 0.904625 0.324134 0.907162 0.439236 0.809547 0.434147 0.812953 0.314981 0.906186 0.445353 0.825068 0.308357 0.909946 0.299645 0.924443 0.299092 0.919981 0.300965 0.917431 0.305165 0.913136 0.425837 0.822626 0.325434 0.909561 0.322809 0.916637 0.448487 0.79986 0.331141 0.901741 0.329128 0.904678 0.330354 0.899283 0.324217 0.902291 0.320273 0.902813 0.30484 0.930025 0.300271 0.931827 0.437934 0.829093 0.424401 0.830196 0.428079 0.814799 0.424545 0.820953 0.421961 0.826526 0.417679 0.833301 0.41683 0.837022 0.417622 0.831086 0.412888 0.837419 0.411658 0.840876 0.405781 0.842167 0.411044 0.836215 0.406544 0.845712 0.398231 0.851611 0.336832 0.895627 0.340904 0.895696 0.33262 0.903628 0.330932 0.908704 0.330018 0.918257 0.458548 0.824734 0.313029 0.930424 0.446612 0.832253 0.296815 0.936348 0.427277 0.833485 0.292557 0.916831 0.298552 0.915061 0.299851 0.903751 0.41808 0.828004 0.423824 0.839805 0.414056 0.832596 0.394141 0.850369 0.403791 0.839595 0.375637 0.86732 0.386815 0.85715 0.385906 0.861762 0.390548 0.858164 0.359892 0.881732 0.351096 0.888218 0.356624 0.880704 0.343424 0.890414 0.336749 0.892589 0.43614 0.797983 0.466672 0.817332 0.332857 0.894428 0.340423 0.902415 0.325974 0.897587 0.325132 0.920743 0.432066 0.806687 0.314657 0.903422 0.303216 0.901287 0.439711 0.835412 0.301303 0.94236 0.416747 0.819882 0.416293 0.825567 0.415756 0.828355 0.408616 0.835568 0.419019 0.846565 0.413131 0.851836 0.389569 0.848528 0.400281 0.839147 0.384148 0.855597 0.387771 0.867092 0.374252 0.871777 0.375177 0.863956 0.369085 0.872868 0.366794 0.871392 0.364135 0.877289 0.36576 0.887167 0.37105 0.87963 0.360717 0.875176 0.353319 0.880233 0.36188 0.889991 0.353018 0.894505 0.346664 0.884785 0.339556 0.888678 0.440328 0.841074 0.319214 0.927956 0.408435 0.830217 0.403158 0.858454 0.319762 0.896966 0.291324 0.913187 0.377822 0.85804 0.379949 0.875643 0.364296 0.868038 0.358392 0.872253 0.349661 0.87999 0.356992 0.907125 0.33666 0.911723 0.339803 0.885087 0.457683 0.830726 0.333119 0.889204 0.424896 0.798595 0.448234 0.837195 0.335126 0.919136 0.410374 0.80929 0.432543 0.851589 0.311254 0.943062 0.409474 0.824072 0.411044 0.863209 0.399438 0.868152 0.395036 0.870372 0.398377 0.834794 0.384594 0.843283 0.374697 0.856197 0.348915 0.877157 0.469266 0.832259 0.347755 0.910936 0.453541 0.840582 0.325853 0.889464 0.332395 0.926445 0.323533 0.933674 0.306842 0.895963 0.428196 0.856088 0.380953 0.881335 0.361426 0.865015 0.362471 0.901748 0.438829 0.774767 0.429662 0.787495 0.425673 0.781771 0.34127 0.919904 0.339746 0.878596 0.330749 0.884228 0.444332 0.849307 0.404488 0.815255 0.312918 0.88981 0.389782 0.881489 0.421745 0.861572 0.395854 0.821552 0.410492 0.872095 0.387952 0.832153 0.399626 0.876615 0.36163 0.85494 0.346982 0.869394 0.373824 0.9033 0.409882 0.797462 0.339368 0.93162 0.369697 0.83797 0.426581 0.866893 0.385658 0.894033 0.375316 0.895244 0.325975 0.941887 0.297361 0.888966 0.281947 0.910924 0.289899 0.897311 0.408159 0.881339 0.457917 0.846062 0.448901 0.855385 0.433181 0.863108 0.397854 0.806135 0.421995 0.875043 0.388511 0.817569 0.398983 0.883469 0.381622 0.904375 0.365757 0.908792 0.339891 0.867499 0.350625 0.921524 0.343615 0.926428 0.322787 0.876596 0.334558 0.938467 0.35016 0.850215 0.338046 0.852011 0.363852 0.918617 0.349322 0.935685 0.302364 0.879755 0.397911 0.892672 0.381523 0.911653 0.465708 0.845228 0.478998 0.838129 0.45738 0.853453 0.397263 0.799657 0.440451 0.877685 0.432697 0.881455 0.382349 0.818417 0.421531 0.883407 0.367592 0.821852 0.475637 0.846983 0.467332 0.851803 0.414442 0.769967 0.452323 0.861898 0.444294 0.869321 0.444091 0.874825 0.379157 0.812647 0.390407 0.902259 0.356291 0.83272 0.410625 0.89152 0.371306 0.918961 0.32081 0.864749 0.360221 0.934588 0.342441 0.942636 0.330377 0.9551 0.285285 0.882407 0.370157 0.929583 0.330452 0.856755 0.312743 0.868504 0.401311 0.780835 0.390125 0.790326 0.402081 0.901497 0.389653 0.797772 0.372211 0.809827 0.376687 0.798901 0.426386 0.890678 0.341949 0.842761 0.341592 0.833884 0.393732 0.916404 0.383641 0.925927 0.316218 0.846612 0.477715 0.855085 0.302802 0.868058 0.46789 0.861265 0.457954 0.866125 0.454134 0.873834 0.440399 0.887181 0.429854 0.899003 0.407792 0.910101 0.327303 0.840081 0.31072 0.854134 0.355781 0.946495 0.35101 0.950778 0.449387 0.88715 0.422934 0.903728 0.350645 0.820857 0.386058 0.78003 0.366929 0.793841 0.359206 0.810769 0.366281 0.943746 0.335886 0.822473 0.338906 0.814395 0.377814 0.935779 0.479448 0.86769 0.469702 0.871535 0.466773 0.875782 0.404164 0.919105 0.45789 0.884418 0.391933 0.926867 0.372323 0.784839 0.443731 0.897773 0.435013 0.904579 0.357468 0.796385 0.280725 0.868464 0.385548 0.93718 0.358392 0.960265 0.330783 0.825996 0.325392 0.831085 0.302654 0.848276 0.349999 0.967138 0.391512 0.767431 0.416239 0.910261 0.456756 0.892793 0.289722 0.859462 0.347455 0.806307 0.403016 0.92774 0.401301 0.935965 0.313755 0.838234 0.370724 0.951423 0.389807 0.954816 0.367579 0.9566 0.477569 0.879298 0.472549 0.884395 0.376053 0.775796 0.464213 0.894135 0.452237 0.902087 0.429033 0.917941 0.420168 0.922769 0.409963 0.925947 0.325165 0.81881 0.399692 0.951227 0.440379 0.910781 0.456795 0.907953 0.361842 0.780151 0.344186 0.797847 0.412298 0.936314 0.331174 0.810909 0.309409 0.829036 0.29915 0.83103 0.377726 0.958327 0.369675 0.970555 0.29469 0.842863 0.47766 0.886841 0.48083 0.892555 0.439975 0.922384 0.430163 0.92769 0.472202 0.903404 0.465672 0.91206 0.370704 0.7651 0.452473 0.919037 0.349703 0.779916 0.323113 0.805845 0.331572 0.794869 0.412091 0.94784 0.310263 0.813547 0.303794 0.818691 0.37715 0.762695 0.491585 0.878559 0.484148 0.888823 0.355581 0.764078 0.47375 0.910432 0.450836 0.928925 0.439737 0.934909 0.42741 0.943244 0.396468 0.962835 0.386571 0.964296 0.492417 0.896606 0.488934 0.903861 0.38336 0.970259 0.274917 0.842518 0.473576 0.923115 0.46751 0.930094 0.45947 0.932486 0.457542 0.941606 0.339257 0.767873 0.425877 0.955099 0.405474 0.962347 0.293342 0.821402 0.398422 0.971905 0.288067 0.832926 0.488963 0.920676 0.445646 0.950368 0.319631 0.784516 0.43706 0.959494 0.306957 0.791981 0.424036 0.963457 0.49817 0.908512 0.485715 0.933095 0.467237 0.939449 0.464301 0.947776 0.433786 0.970534 0.297112 0.80408 0.280624 0.811866 0.273438 0.822565 0.461592 0.957545 0.480826 0.939866 0.47288 0.949244 0.328091 0.762832 0.46119 0.963528 0.448014 0.96283 0.302923 0.778899 0.316237 0.771526 0.443168 0.973168 0.493214 0.951645 0.48182 0.955902 0.474611 0.962336 0.479553 0.971668 0.307331 0.768554 0.29298 0.786564 0.277987 0.794903 0.288308 0.784567 0.653517 0.430988 0.641865 0.427612 0.662391 0.425401 0.635742 0.433184 0.64807 0.436934 0.669122 0.417465 0.672034 0.421253 0.654869 0.422887 0.665908 0.429145 0.659487 0.434158 0.651552 0.44199 0.678017 0.4266 0.672714 0.43225 0.681466 0.415985 0.669646 0.438923 0.687576 0.426864 0.681291 0.429694 0.669137 0.40416 0.688655 0.418763 0.67981 0.433222 0.682379 0.397232 0.698771 0.421937 0.693798 0.425911 0.688676 0.43034 0.699453 0.42927 0.69377 0.406107 0.707103 0.42469 0.686729 0.440651 0.697967 0.43337 0.681472 0.45558 0.668095 0.385352 0.711837 0.420987 0.709084 0.427975 0.665365 0.461996 0.907254 0.301968 0.902074 0.288098 0.909977 0.282227 0.914897 0.298866 0.684241 0.385277 0.698119 0.393989 0.72352 0.423452 0.72419 0.42612 0.70595 0.43216 0.708724 0.402259 0.722123 0.417801 0.713454 0.431111 0.702796 0.449876 0.916331 0.304923 0.718953 0.408546 0.693026 0.464525 0.681045 0.474418 0.716377 0.44555 0.727584 0.428413 0.700082 0.384313 0.708472 0.390348 0.734606 0.417137 0.737242 0.425213 0.730082 0.432631 0.899443 0.30052 0.891717 0.29102 0.899775 0.312942 0.908848 0.309419 0.688538 0.362486 0.718092 0.39934 0.744971 0.422185 0.727377 0.406696 0.738866 0.428103 0.702247 0.372624 0.711383 0.380971 0.696662 0.483605 0.748291 0.424749 0.741147 0.408081 0.730079 0.444858 0.889072 0.30239 0.91319 0.315015 0.905621 0.319469 0.921203 0.317582 0.725464 0.394781 0.721528 0.390056 0.720233 0.461774 0.750962 0.416295 0.748139 0.428253 0.740557 0.39497 0.71859 0.367226 0.701316 0.361897 0.733083 0.454616 0.754799 0.420355 0.754637 0.426736 0.745589 0.435119 0.886883 0.309166 0.877065 0.300502 0.733174 0.391971 0.716178 0.358729 0.724223 0.377957 0.718584 0.486715 0.695745 0.498886 0.764164 0.417469 0.758635 0.425142 0.747623 0.408094 0.731775 0.375509 0.729737 0.471198 0.759068 0.408764 0.764311 0.423369 0.766997 0.427304 0.759189 0.428783 0.758533 0.434331 0.909178 0.326422 0.912031 0.331181 0.898142 0.323839 0.889106 0.320374 0.724454 0.348765 0.726683 0.362853 0.749892 0.39753 0.773126 0.422216 0.77301 0.425724 0.720821 0.499555 0.734575 0.340524 0.733501 0.344735 0.727752 0.335602 0.722396 0.342924 0.732458 0.356326 0.719395 0.517036 0.728921 0.506718 0.741421 0.385812 0.757095 0.443546 0.772818 0.43466 0.874666 0.312518 0.868793 0.306449 0.920845 0.347016 0.918802 0.336745 0.930337 0.336642 0.859026 0.300788 0.786137 0.419747 0.774726 0.403336 0.782274 0.42234 0.778356 0.428428 0.741688 0.375373 0.756066 0.397731 0.756319 0.383247 0.751305 0.46437 0.736617 0.4859 0.746158 0.320586 0.749098 0.330335 0.744958 0.349331 0.742199 0.353551 0.746918 0.363605 0.737048 0.510955 0.74973 0.379321 0.786278 0.416197 0.785532 0.4256 0.79055 0.424269 0.758855 0.3911 0.76625 0.400082 0.753194 0.456878 0.879303 0.325061 0.870543 0.320687 0.908308 0.342682 0.913398 0.350255 0.901281 0.342783 0.888651 0.328363 0.900732 0.330793 0.893868 0.33462 0.756173 0.320034 0.759414 0.334586 0.749102 0.343323 0.74441 0.492972 0.753093 0.371667 0.750423 0.476165 0.764606 0.392334 0.933673 0.35898 0.926171 0.351829 0.937628 0.340858 0.79163 0.421227 0.799124 0.423266 0.789111 0.428618 0.783098 0.311148 0.76999 0.303681 0.784476 0.300811 0.7669 0.314027 0.777352 0.317392 0.761534 0.30872 0.763416 0.317076 0.767296 0.327088 0.94535 0.348525 0.749664 0.52024 0.74191 0.523219 0.753538 0.357638 0.748233 0.510307 0.79992 0.417146 0.807034 0.419557 0.79462 0.426384 0.784292 0.401961 0.778541 0.395465 0.769326 0.453638 0.781742 0.448347 0.904843 0.354134 0.854247 0.311273 0.862412 0.317432 0.79186 0.402595 0.806522 0.414288 0.803432 0.425176 0.794161 0.432272 0.774652 0.324144 0.777806 0.297415 0.789266 0.295785 0.770911 0.339669 0.948482 0.35986 0.757833 0.530373 0.762959 0.343814 0.760274 0.512745 0.757159 0.353962 0.758654 0.365524 0.763572 0.375841 0.751741 0.490425 0.761365 0.476043 0.76717 0.387817 0.769926 0.393374 0.767216 0.464704 0.775137 0.386411 0.809107 0.407539 0.812636 0.421359 0.807816 0.429509 0.781184 0.325679 0.776893 0.333652 0.942485 0.364825 0.76721 0.524458 0.766354 0.356549 0.766608 0.364454 0.768515 0.376522 0.759385 0.487372 0.91172 0.358538 0.921358 0.364925 0.847916 0.306428 0.867884 0.3292 0.884863 0.344252 0.892336 0.349534 0.877515 0.33381 0.79215 0.317576 0.789437 0.324334 0.785193 0.337253 0.779092 0.346491 0.784819 0.399235 0.817941 0.417062 0.810536 0.425229 0.814881 0.423933 0.797838 0.441134 0.76965 0.347119 0.949864 0.369474 0.944352 0.371078 0.792822 0.311676 0.796077 0.298851 0.80352 0.303746 0.760933 0.498132 0.765103 0.492233 0.770583 0.370328 0.806118 0.300261 0.796533 0.317159 0.795468 0.327587 0.789184 0.329896 0.799356 0.339297 0.791871 0.341223 0.911054 0.367297 0.782477 0.378995 0.799918 0.401063 0.782808 0.388155 0.787363 0.393148 0.823677 0.419294 0.821225 0.414217 0.821079 0.42375 0.78072 0.552071 0.776305 0.52332 0.793789 0.550357 0.772056 0.5495 0.80507 0.31362 0.768757 0.507213 0.772538 0.357024 0.77915 0.364525 0.771397 0.497891 0.771948 0.484364 0.770317 0.470841 0.788869 0.456854 0.895157 0.35994 0.845089 0.312202 0.855388 0.320394 0.860833 0.328851 0.809812 0.315514 0.801082 0.322619 0.803224 0.328791 0.806771 0.323044 0.803068 0.33536 0.798874 0.534896 0.786567 0.519251 0.790312 0.348914 0.783482 0.353175 0.778337 0.359397 0.923215 0.374772 0.782553 0.370095 0.785883 0.38233 0.792581 0.394612 0.93365 0.370651 0.827516 0.420034 0.821698 0.427934 0.779584 0.513744 0.783995 0.496019 0.782464 0.476184 0.790742 0.464833 0.81725 0.317121 0.810652 0.322007 0.814897 0.304995 0.807379 0.329057 0.80962 0.551468 0.799538 0.345532 0.957825 0.369117 0.947003 0.380719 0.800603 0.526641 0.800212 0.515556 0.932969 0.375249 0.790337 0.355258 0.78685 0.360379 0.811077 0.310494 0.815341 0.309129 0.814387 0.313909 0.815315 0.403645 0.806072 0.394983 0.792916 0.383478 0.833618 0.41558 0.827685 0.411774 0.831531 0.422411 0.817638 0.440297 0.778842 0.502631 0.879782 0.356411 0.884589 0.363012 0.895757 0.372331 0.854849 0.32709 0.847157 0.32094 0.850162 0.323477 0.875407 0.344569 0.866073 0.341706 0.823253 0.537643 0.810418 0.529413 0.809794 0.337876 0.806731 0.34261 0.810543 0.348927 0.794965 0.506531 0.790835 0.36492 0.91367 0.378326 0.94231 0.381017 0.936158 0.379523 0.79007 0.369221 0.955192 0.378357 0.836959 0.31787 0.78975 0.484554 0.834354 0.310016 0.799058 0.387861 0.818193 0.311514 0.816957 0.325403 0.818251 0.332477 0.807895 0.447032 0.835255 0.412003 0.847462 0.412309 0.841979 0.416699 0.837505 0.420886 0.823592 0.407009 0.82541 0.434105 0.824246 0.305553 0.82571 0.528964 0.818504 0.337244 0.821713 0.329864 0.818882 0.344765 0.81558 0.517273 0.800076 0.354294 0.793619 0.35873 0.794711 0.493491 0.929918 0.385589 0.817182 0.397942 0.795799 0.372115 0.797877 0.381016 0.844691 0.327565 0.830371 0.310579 0.797596 0.47765 0.803748 0.386037 0.823529 0.310223 0.821083 0.316035 0.821489 0.321562 0.818121 0.452834 0.831038 0.306278 0.828021 0.308517 0.843953 0.410068 0.836616 0.399695 0.831026 0.405333 0.84538 0.421631 0.848308 0.417979 0.840117 0.426445 0.848461 0.333186 0.87238 0.35474 0.828383 0.338343 0.826364 0.343916 0.834874 0.518666 0.809548 0.356911 0.802749 0.35996 0.799608 0.364819 0.808812 0.501793 0.852846 0.40827 0.85698 0.41253 0.854015 0.343395 0.82532 0.313004 0.828208 0.314135 0.830415 0.318211 0.801464 0.370637 0.802132 0.37536 0.833641 0.324154 0.810978 0.385309 0.805044 0.466272 0.834701 0.539199 0.835683 0.52396 0.832099 0.511171 0.816849 0.354184 0.804438 0.359164 0.805164 0.367064 0.802492 0.495861 0.808827 0.482945 0.93972 0.385494 0.927903 0.393054 0.859347 0.34564 0.870198 0.409087 0.862665 0.408425 0.865042 0.413022 0.856263 0.419258 0.817093 0.392407 0.830128 0.39564 0.828475 0.318764 0.822527 0.393392 0.830009 0.325497 0.810825 0.379986 0.838833 0.329867 0.829295 0.330937 0.840223 0.531515 0.840959 0.542054 0.836424 0.438531 0.882663 0.371002 0.884039 0.381781 0.874366 0.364881 0.864173 0.36164 0.876561 0.374616 0.865086 0.349049 0.859106 0.354485 0.811289 0.363544 0.900298 0.385404 0.866911 0.379555 0.945587 0.389011 0.914304 0.394599 0.84358 0.334335 0.854722 0.345293 0.857331 0.349329 0.868258 0.414853 0.819618 0.383911 0.827564 0.390117 0.809441 0.373111 0.848587 0.535679 0.825982 0.352284 0.830571 0.348754 0.842347 0.51765 0.828228 0.458454 0.847937 0.398507 0.858906 0.421109 0.817301 0.495085 0.828534 0.496384 0.891988 0.392471 0.903165 0.396468 0.84035 0.332612 0.84438 0.339295 0.884907 0.406328 0.876329 0.405037 0.87514 0.411498 0.862448 0.399336 0.853596 0.396925 0.817248 0.365849 0.820216 0.372043 0.83383 0.330382 0.842598 0.38971 0.832607 0.389942 0.850415 0.517602 0.826989 0.381962 0.831293 0.344116 0.835795 0.33507 0.819911 0.482832 0.82114 0.468434 0.845966 0.50812 0.820365 0.355999 0.826346 0.35865 0.824081 0.359973 0.858869 0.431396 0.861511 0.372386 0.85389 0.358116 0.860641 0.379415 0.872579 0.385056 0.916758 0.401407 0.93617 0.392781 0.870644 0.397782 0.884847 0.40359 0.886135 0.40881 0.855547 0.352475 0.877634 0.41414 0.853869 0.347537 0.872728 0.417463 0.837711 0.332999 0.821374 0.36319 0.823001 0.367355 0.836645 0.386077 0.836083 0.340111 0.839035 0.344013 0.840283 0.349836 0.836046 0.352265 0.841253 0.495365 0.828459 0.364352 0.832936 0.484842 0.852962 0.363711 0.882055 0.390086 0.867772 0.390631 0.873444 0.391984 0.860703 0.394744 0.85309 0.391411 0.951372 0.398517 0.84035 0.335283 0.839823 0.334635 0.84128 0.336586 0.923327 0.400615 0.877636 0.39603 0.84744 0.343742 0.885581 0.412283 0.853903 0.350191 0.852121 0.353462 0.850567 0.355653 0.869157 0.425354 0.82903 0.37045 0.839357 0.334938 0.857728 0.524347 0.842868 0.340304 0.864598 0.515391 0.84026 0.451522 0.830168 0.359824 0.848352 0.440058 0.832875 0.476946 0.834602 0.36246 0.840203 0.360406 0.839522 0.365005 0.833014 0.366306 0.855746 0.371582 0.878275 0.392087 0.855146 0.388573 0.849891 0.387666 0.910271 0.400816 0.891593 0.395756 0.939165 0.399735 0.900662 0.400108 0.897829 0.406122 0.929333 0.402636 0.891437 0.398661 0.849689 0.347677 0.895333 0.409993 0.85304 0.349444 0.85318 0.351713 0.849042 0.359015 0.840448 0.35341 0.844343 0.353729 0.877706 0.39277 0.886221 0.416012 0.887952 0.421602 0.84654 0.361925 0.837338 0.369416 0.83255 0.370938 0.834173 0.374657 0.833875 0.380884 0.842636 0.344235 0.8437 0.479441 0.86249 0.506658 0.841824 0.384009 0.835955 0.357161 0.844231 0.365998 0.850621 0.366107 0.855596 0.377835 0.850546 0.380416 0.906451 0.406715 0.882745 0.39368 0.87919 0.39421 0.8466 0.345757 0.900646 0.413332 0.847116 0.350175 0.852087 0.35013 0.851086 0.348956 0.847303 0.351661 0.850067 0.353214 0.839649 0.373427 0.843914 0.368722 0.847916 0.366486 0.837494 0.376907 0.843902 0.474478 0.84957 0.460213 0.845163 0.383667 0.859606 0.536792 0.85886 0.451459 0.854612 0.499569 0.859795 0.436908 0.864767 0.497942 0.853021 0.49115 0.852297 0.378693 0.913942 0.407953 0.881933 0.426414 0.882389 0.432494 0.848345 0.34857 0.851965 0.349915 0.851687 0.349767 0.842595 0.37642 0.868993 0.526984 0.873155 0.488276 0.846152 0.368121 0.848825 0.370795 0.85328 0.375877 0.91505 0.416088 0.93125 0.410307 0.871632 0.443474 0.939109 0.404944 0.881195 0.508379 0.846209 0.373803 0.851952 0.350444 0.851643 0.351251 0.84995 0.349796 0.865405 0.483353 0.848975 0.376356 0.85022 0.350833 0.850825 0.351699 0.851655 0.350333 0.851168 0.350225 0.851253 0.351102 0.87783 0.502591 0.871545 0.51912 0.84725 0.370777 0.850433 0.374392 0.852206 0.376362 0.848719 0.3732 0.905102 0.419095 0.951766 0.408539 0.866232 0.464108 0.866598 0.45599 0.851687 0.350457 0.851273 0.350625 0.910116 0.42915 0.868705 0.4749 0.886869 0.51453 0.851598 0.350426 0.889335 0.49815 0.88485 0.49256 0.870315 0.537378 0.879771 0.525671 0.888688 0.443772 0.934675 0.416261 0.919018 0.421308 0.942401 0.411569 0.89279 0.504467 0.880329 0.467234 0.904572 0.437598 0.89632 0.492245 0.892306 0.478479 0.888219 0.454876 0.902928 0.493388 0.901982 0.480012 0.880523 0.53833 0.894979 0.465031 0.89531 0.446061 0.926904 0.42831 0.888033 0.534819 0.912267 0.492417 0.90514 0.497483 0.909832 0.489047 0.918569 0.433834 0.884465 0.543156 0.903976 0.511307 0.894831 0.519509 0.909754 0.454255 0.915631 0.442838 0.945936 0.422564 0.907215 0.467477 0.935511 0.440565 0.918235 0.487733 0.923133 0.480912 0.914245 0.499141 0.904209 0.522955 0.936021 0.434565 0.952662 0.428748 0.896442 0.541159 0.923999 0.491455 0.924325 0.466426 0.902955 0.530622 0.929333 0.484228 0.914017 0.510557 0.924393 0.450656 0.937256 0.451866 0.901983 0.542821 0.923127 0.502795 0.934903 0.478932 0.944405 0.463214 0.939665 0.481489 0.926653 0.496505 0.919967 0.519603 0.911816 0.527508 0.956516 0.442264 0.939133 0.484336 0.936892 0.491064 0.948922 0.451317 0.910858 0.539418 0.944339 0.477323 0.925706 0.510982 0.90896 0.547667 0.944226 0.483904 0.948023 0.480161 0.936185 0.507016 0.918466 0.538311 0.952238 0.475574 0.925252 0.524266 0.926559 0.51642 0.917753 0.548438 0.951541 0.480467 0.947532 0.492957 0.943899 0.499453 0.938539 0.512666 0.925974 0.531679 0.912989 0.550893 0.951769 0.494281 0.958291 0.486046 0.933098 0.522348 0.938901 0.521756 0.946837 0.511944 0.927454 0.543505 0.931735 0.536009 0.920302 0.554863 0.930408 0.555581 0.952836 0.501083 0.934259 0.531923 0.957744 0.497872 0.948529 0.519335 0.94019 0.531547 0.954885 0.510251 0.94687 0.52531 0.936459 0.541029 0.94135 0.537343 0.938492 0.548209 0.946222 0.534884 0.948788 0.531693 0.93897 0.553617 0.947329 0.54397 0.955539 0.526848 0.95371 0.533828 0.950796 0.540651 0.0142275 0.152884 0.00379911 0.147945 0.0126659 0.149132 0.00314769 0.144054 0.0154897 0.145648 0.0224177 0.151839 0.0224358 0.148231 0.0241301 0.155027 0.00128332 0.135882 0.030814 0.154496 0.0282397 0.149402 0.0259501 0.144371 0.0126261 0.161995 0.0167128 0.134869 0 0.119081 0.0273264 0.171216 0.0165911 0.178042 0.0137137 0.117333 0.039458 0.153185 0.0392446 0.156411 0.0364744 0.148564 0.0406067 0.166547 0.0211785 0.133863 0.0477163 0.156481 0.0495677 0.152947 0.0557636 0.157257 0.0562236 0.16079 0.0463762 0.142209 0.036216 0.17563 0.0275051 0.181701 0.0624866 0.159793 0.0597419 0.155504 0.0533072 0.148713 0.0428433 0.175073 0.0605416 0.171154 0.0524601 0.174837 0.0212843 0.118022 0.0457822 0.131181 0.0656302 0.157605 0.0631822 0.15091 0.0711725 0.161989 0.0404193 0.188149 0.0356666 0.188009 0.0263972 0.191067 0.0381602 0.113745 0.0732785 0.159347 0.0711434 0.156057 0.249832 0.317451 0.2605 0.325481 0.252653 0.342917 0.245013 0.304087 0.256869 0.303229 0.265681 0.316123 0.24064 0.312169 0.244329 0.291224 0.0786734 0.161784 0.072546 0.165923 0.0672624 0.13535 0.0519053 0.18323 0.0468327 0.185893 0.0302393 0.197651 0.0456585 0.11249 0.0350199 0.0962533 0.0790966 0.152547 0.0680597 0.17826 0.0613083 0.18235 0.03941 0.195908 0.055391 0.124383 0.090385 0.164549 0.0817394 0.162759 0.0859247 0.160621 0.0799304 0.158756 0.0812524 0.156839 0.223107 0.28531 0.236949 0.320169 0.237004 0.334692 0.0807236 0.168547 0.0487584 0.200795 0.0878638 0.155218 0.0802312 0.176654 0.0597488 0.186301 0.053831 0.192739 0.0358403 0.20752 0.0506437 0.0956624 0.0929232 0.162146 0.228289 0.273454 0.250311 0.281442 0.222449 0.31373 0.22092 0.29806 0.219408 0.303672 0.0916103 0.157113 0.0891235 0.172157 0.0686248 0.187219 0.0677056 0.118004 0.0644845 0.102694 0.0999769 0.164089 0.0976749 0.160472 0.0989835 0.167152 0.0868128 0.139685 0.0780132 0.188556 0.0711132 0.125915 0.0552 0.202988 0.0485242 0.211193 0.108894 0.167057 0.108373 0.163539 0.216811 0.266611 0.237422 0.257471 0.240256 0.264682 0.222375 0.256082 0.201722 0.281498 0.209585 0.300097 0.204472 0.309576 0.208963 0.33001 0.110031 0.159641 0.105402 0.146114 0.0930353 0.178113 0.0680762 0.20363 0.0383975 0.217376 0.109782 0.173839 0.0886776 0.185016 0.0612938 0.21397 0.116235 0.166363 0.114622 0.16813 0.205776 0.272475 0.204173 0.29225 0.197129 0.293559 0.228315 0.245318 0.105884 0.152274 0.0965245 0.185647 0.0889765 0.127728 0.0752947 0.104392 0.0619205 0.0875809 0.0563575 0.223558 0.0470893 0.22166 0.0671392 0.0908652 0.0635993 0.0817413 0.0462258 0.225694 0.0680521 0.0817018 0.123407 0.167893 0.118561 0.164353 0.0725572 0.0720035 0.0881595 0.192797 0.0826399 0.198141 0.0890003 0.114189 0.074578 0.0828386 0.128825 0.16966 0.121433 0.163355 0.0822011 0.0722588 0.129095 0.171014 0.123073 0.172638 0.206522 0.262749 0.211564 0.251834 0.195783 0.251531 0.192086 0.279054 0.185035 0.298359 0.185625 0.311451 0.123745 0.158046 0.103113 0.187081 0.10928 0.181477 0.0889552 0.20602 0.0775985 0.205457 0.0717259 0.210511 0.0662015 0.217513 0.133801 0.167808 0.136477 0.171776 0.133207 0.161731 0.121325 0.178417 0.0788998 0.0591409 0.115517 0.182715 0.0987109 0.189772 0.0998132 0.194999 0.0808101 0.214576 0.0856669 0.101047 0.142949 0.170552 0.0707605 0.225412 0.0658268 0.229237 0.0875724 0.0883872 0.087527 0.0757514 0.0763143 0.246729 0.064684 0.241809 0.0678506 0.251873 0.0975493 0.0670735 0.208411 0.241461 0.233091 0.239266 0.212842 0.226493 0.200904 0.231773 0.191239 0.262216 0.182793 0.266055 0.177859 0.275747 0.182058 0.286762 0.132022 0.179033 0.124005 0.151203 0.107621 0.19457 0.115166 0.1376 0.0782183 0.235263 0.0780189 0.225103 0.0906288 0.0963103 0.140778 0.166439 0.148237 0.169053 0.0884088 0.0546135 0.138266 0.1778 0.106506 0.128018 0.0973268 0.202371 0.0887216 0.214862 0.0871147 0.220896 0.0999983 0.112453 0.0842658 0.246604 0.100142 0.083923 0.154697 0.173559 0.102743 0.0756323 0.146033 0.175168 0.0811415 0.261517 0.100979 0.0524462 0.0891363 0.0422209 0.0958401 0.038222 0.199706 0.224424 0.193784 0.237012 0.18601 0.245705 0.177009 0.238797 0.167759 0.245416 0.181015 0.251854 0.177529 0.258005 0.166945 0.252367 0.171504 0.269004 0.224193 0.210863 0.240434 0.21758 0.222583 0.220043 0.17532 0.295612 0.169264 0.279091 0.165699 0.307488 0.141709 0.157854 0.131621 0.187059 0.121715 0.190588 0.115086 0.19208 0.104956 0.0349727 0.0925709 0.248806 0.0918529 0.239484 0.0921208 0.259664 0.0749694 0.269328 0.087331 0.268444 0.102687 0.20796 0.0939006 0.212799 0.162629 0.175834 0.157039 0.171673 0.164279 0.173813 0.149081 0.164871 0.0863474 0.228822 0.154163 0.178036 0.0980202 0.0936734 0.112457 0.0582663 0.0859044 0.275725 0.0726263 0.276831 0.143358 0.187402 0.130859 0.194556 0.13385 0.145718 0.123112 0.198666 0.116922 0.199285 0.112603 0.202963 0.1234 0.135393 0.111147 0.0458879 0.152629 0.244305 0.159667 0.255265 0.104733 0.0236118 0.100644 0.216131 0.096119 0.017551 0.103918 0.0018375 0.0985595 0.24453 0.0955114 0.00541619 0.0996584 0.260195 0.104681 0.250189 0.0943591 0.272514 0.165263 0.170514 0.151302 0.187007 0.107654 0.102467 0.0970229 0.228686 0.111903 0.0878495 0.115019 0.0696368 0.114228 0.0781985 0.18067 0.227959 0.178827 0.220442 0.173272 0.231289 0.166339 0.234662 0.160793 0.237189 0.166075 0.265702 0.211207 0.213963 0.160996 0.293176 0.160884 0.299131 0.196551 0.218997 0.111807 0.0951965 0.139347 0.150819 0.126575 0.19837 0.118309 0.0479719 0.110683 0.208871 0.107232 0.217503 0.153519 0.273866 0.151352 0.228399 0.136867 0.236565 0.147902 0.252354 0.140423 0.243022 0.152869 0.261448 0.125369 0.0405444 0.111701 0.0269086 0.103368 0.223369 0.123017 0.0807065 0.171434 0.175611 0.170123 0.172839 0.160223 0.165625 0.166961 0.179879 0.107794 0.255152 0.109413 0.267725 0.103334 0.275234 0.15641 0.218695 0.123515 0.0599221 0.105196 0.282006 0.0934645 0.279712 0.111149 0.116294 0.137409 0.192347 0.116975 0.209984 0.125844 0.124845 0.111059 0.216869 0.144026 0.22415 0.174017 0.174215 0.177207 0.177232 0.103908 0.229216 0.175727 0.171739 0.110413 0.234292 0.158647 0.189485 0.12294 0.0271011 0.158358 0.209416 0.116149 0.248221 0.114419 0.261411 0.131926 0.0790257 0.135818 0.0653514 0.130821 0.0504508 0.203424 0.207488 0.179389 0.209914 0.156464 0.312267 0.142783 0.300838 0.215569 0.195598 0.117273 0.274806 0.116673 0.278829 0.171146 0.209031 0.136155 0.0299942 0.141633 0.042465 0.145933 0.20779 0.148975 0.146164 0.134535 0.200434 0.143832 0.198936 0.124802 0.211089 0.123418 0.111944 0.12623 0.233223 0.131579 0.225052 0.144878 0.258561 0.136303 0.248321 0.125583 0.24067 0.132976 0.247633 0.130761 0.250128 0.18321 0.172834 0.122383 0.217545 0.22136 0.194856 0.11135 0.224598 0.184814 0.203901 0.120883 0.233997 0.121133 0.243217 0.168512 0.166403 0.174629 0.183348 0.178104 0.179538 0.125915 0.248057 0.126805 0.25324 0.160302 0.156643 0.125445 0.0936174 0.14804 0.267479 0.139919 0.293106 0.120634 0.266851 0.168671 0.188302 0.121451 0.278437 0.155147 0.152182 0.115557 0.288478 0.149811 0.196955 0.147286 0.202991 0.142607 0.209684 0.135903 0.218259 0.144301 0.133656 0.128325 0.206459 0.133682 0.257255 0.138449 0.262022 0.188061 0.177293 0.183467 0.179238 0.178474 0.168878 0.18079 0.184229 0.12869 0.217667 0.209843 0.192205 0.121094 0.225526 0.11856 0.229126 0.132602 0.120079 0.123542 0.101022 0.141098 0.0862348 0.141592 0.26578 0.140177 0.270095 0.129261 0.261985 0.140036 0.27954 0.128905 0.281543 0.128051 0.290216 0.146075 0.0634509 0.14954 0.0319776 0.150365 0.0448167 0.169468 0.200576 0.171579 0.159527 0.164409 0.200271 0.155522 0.199213 0.140035 0.204524 0.135397 0.209344 0.134576 0.214545 0.133107 0.213669 0.123228 0.222761 0.192541 0.175959 0.190555 0.180949 0.1861 0.184776 0.200621 0.196309 0.150887 0.0775573 0.136697 0.278369 0.126875 0.274354 0.137186 0.287216 0.175707 0.198309 0.148899 0.0198385 0.18389 0.167538 0.162884 0.191839 0.157053 0.196714 0.13699 0.110693 0.138424 0.101819 0.135055 0.267299 0.133291 0.275672 0.188177 0.171734 0.194329 0.173828 0.157922 0.054778 0.198927 0.182437 0.204268 0.188411 0.135025 0.288295 0.181896 0.189011 0.195065 0.191533 0.185989 0.193947 0.186875 0.187667 0.171107 0.191699 0.17652 0.196036 0.184036 0.161062 0.171933 0.153866 0.169127 0.195682 0.166128 0.144537 0.149866 0.118847 0.150293 0.0966489 0.218937 0.185879 0.211695 0.184708 0.201597 0.175541 0.160695 0.0827779 0.20917 0.177615 0.199734 0.184728 0.162871 0.0777659 0.198875 0.18986 0.194396 0.188566 0.158736 0.0384073 0.194151 0.170883 0.163687 0.0700467 0.158403 0.0223391 0.133635 0.294946 0.188577 0.191241 0.176568 0.193656 0.158237 0.131871 0.152482 0.105244 0.223285 0.180495 0.214202 0.180607 0.16594 0.0600828 0.164369 0.0518816 0.163493 0.0253803 0.166108 0.0349774 0.194239 0.163716 0.166667 0.132869 0.165157 0.0982939 0.170485 0.0834254 0.169422 0.0736253 0.172402 0.0672101 0.217703 0.177822 0.207848 0.173694 0.183794 0.143843 0.162751 0.12137 0.174481 0.0846444 0.171768 0.0586172 0.17338 0.0478414 0.163576 0.108726 0.178232 0.102996 0.182415 0.0820457 0.18229 0.0743852 0.214654 0.170309 0.222505 0.174336 0.206264 0.166224 0.199943 0.150773 0.183207 0.136608 0.173069 0.123819 0.185483 0.0687084 0.178945 0.0339669 0.170233 0.0202487 0.178144 0.112874 0.182448 0.0891682 0.184247 0.0571668 0.179902 0.0212847 0.223487 0.171188 0.216817 0.167872 0.211539 0.160361 0.183982 0.121774 0.186655 0.105967 0.194656 0.0913143 0.194113 0.0950513 0.19438 0.0863187 0.224819 0.166031 0.197426 0.138442 0.190282 0.128849 0.195512 0.0774268 0.183838 0.0441756 0.189256 0.0208839 0.194606 0.0632098 0.190821 0.0561509 0.234845 0.158101 0.224817 0.152842 0.200233 0.130435 0.193239 0.119449 0.208946 0.0968693 0.202767 0.107576 0.203525 0.0889139 0.189838 0.0381933 0.196157 0.0434348 0.190246 0.0293318 0.213339 0.13939 0.204484 0.125152 0.204056 0.119242 0.201519 0.0753291 0.2094 0.0833628 0.228001 0.140978 0.197885 0.0197441 0.216838 0.129707 0.215138 0.100767 0.215534 0.113222 0.217447 0.0980766 0.213024 0.0915195 0.201176 0.0543541 0.20129 0.0416587 0.202912 0.0348011 0.217018 0.0935811 0.209983 0.0663778 0.20671 0.0458082 0.217782 0.123953 0.22902 0.118329 0.225158 0.103237 0.223728 0.0991834 0.209179 0.061306 0.22914 0.130208 0.202502 0.0226639 0.226491 0.0972661 0.223406 0.0918979 0.218773 0.0858251 0.236987 0.109786 0.231003 0.101983 0.219462 0.0762718 0.216463 0.0624698 0.207221 0.0507873 0.239615 0.136727 0.235268 0.104987 0.23348 0.0928841 0.241338 0.121101 0.209533 0.0338258 0.239926 0.102392 0.223282 0.0807847 0.214645 0.0486303 0.211228 0.0393954 0.215306 0.0263732 0.210535 0.0163879 0.229985 0.0846663 0.222242 0.0678454 0.218843 0.0586919 0.232326 0.0793229 0.226346 0.0713485 0.239282 0.0877791 0.230909 0.0683788 0.221999 0.0549111 0.219718 0.0390741 0.215141 0.0149449 0.221216 0.0270914 0.238346 0.0795257 0.233838 0.0645009 0.223503 0.0443207 0.225275 0.050562 0.221403 0.0209028 0.230304 0.0575688 0.243923 0.0818664 0.225182 0.0336399 0.234562 0.0464181 0.222144 0.0142463 0.239187 0.0668712 0.239866 0.0589103 0.230096 0.0419122 0.249336 0.0757526 0.226929 0.0247662 0.236793 0.0320399 0.227301 0.0222077 0.237805 0.0394108 0.226321 0.0138325 0.248371 0.0701674 0.246361 0.0644324 0.232843 0.0116766 0.23732 0.0275606 0.234257 0.0231149 0.242205 0.0448671 0.246473 0.0544592 0.245992 0.0478013 0.23546 0.0168371 0.242305 0.0355749 0.254625 0.063902 0.246182 0.0406806 0.244073 0.0229423 0.255249 0.0536352 0.244868 0.0260961 0.250131 0.0353855 0.246038 0.0287474 0.2389 0.00601971 0.254664 0.0503852 0.253114 0.0451538 0.252611 0.0404623 0.246495 0.0149516 0.242996 0 0.258864 0.0475909 0.254833 0.0365572 0.250457 0.0235407 0.253853 0.0297171 0.252748 0.00824302 0.263721 0.0442562 0.940257 0.140564 0.940572 0.138545 0.945568 0.140006 0.943162 0.142304 0.957078 0.139186 0.937754 0.125712 0.943575 0.123903 0.940433 0.143855 0.946535 0.143674 0.935731 0.145254 0.945326 0.146077 0.939634 0.150405 0.945076 0.150159 0.942953 0.153187 0.931865 0.11195 0.945715 0.12074 0.948391 0.108418 0.933685 0.143368 0.932736 0.141064 0.958646 0.108293 0.945866 0.0897089 0.933034 0.13703 0.939884 0.154145 0.948698 0.184952 0.949594 0.194439 0.942322 0.191593 0.943779 0.156801 0.94609 0.15979 0.943761 0.159503 0.939847 0.156488 0.94808 0.172849 0.951746 0.170426 0.951712 0.176017 0.947836 0.178497 0.941591 0.182503 0.935073 0.188835 0.940393 0.196989 0.943382 0.203113 0.948297 0.207801 0.945962 0.220688 0.936016 0.214929 0.936314 0.155579 0.93395 0.146454 0.945497 0.162081 0.949477 0.161503 0.94267 0.175457 0.918055 0.123161 0.925189 0.138894 0.922488 0.146961 0.933965 0.0921225 0.951063 0.163427 0.948968 0.163293 0.940619 0.159299 0.941645 0.160766 0.943648 0.163173 0.953444 0.166078 0.949969 0.164843 0.951259 0.167113 0.944658 0.16726 0.922339 0.144568 0.932151 0.154663 0.939238 0.160503 0.935722 0.165747 0.934515 0.178392 0.935311 0.157747 0.928449 0.153368 0.922887 0.150433 0.925634 0.18487 0.932645 0.201382 0.9257 0.100732 0.920477 0.110256 0.934127 0.159352 0.917204 0.142992 0.932121 0.15736 0.925674 0.161852 0.915046 0.138893 0.926071 0.154904 0.92448 0.178471 0.923605 0.198316 0.926135 0.21406 0.928279 0.224909 0.936972 0.227416 0.943709 0.231035 0.933275 0.0729678 0.906533 0.108321 0.917408 0.154225 0.92065 0.166658 0.918137 0.150146 0.914174 0.147323 0.918107 0.175984 0.919404 0.182897 0.915148 0.214505 0.930772 0.231936 0.941601 0.232668 0.939157 0.242563 0.932943 0.236014 0.946835 0.237395 0.911793 0.165204 0.9194 0.0854909 0.904215 0.14676 0.909774 0.154553 0.913327 0.179266 0.91365 0.187459 0.911814 0.200937 0.905806 0.134102 0.920695 0.0722602 0.884416 0.141635 0.914385 0.0961063 0.917954 0.0514698 0.943987 0.0694174 0.90005 0.1633 0.906684 0.178671 0.906754 0.192659 0.919734 0.22179 0.924989 0.227199 0.914171 0.225997 0.917432 0.232772 0.92991 0.232574 0.922795 0.237936 0.92049 0.239917 0.928068 0.243286 0.932404 0.248735 0.895321 0.155196 0.902695 0.175105 0.904333 0.0688312 0.897289 0.110735 0.899513 0.125202 0.941861 0.053581 0.899482 0.148018 0.901135 0.186437 0.899059 0.200767 0.900465 0.215066 0.912062 0.0560371 0.924392 0.0425779 0.90036 0.0799391 0.889833 0.149375 0.895667 0.179588 0.912408 0.253226 0.909885 0.248464 0.92153 0.253543 0.907614 0.242019 0.921017 0.26309 0.936789 0.25455 0.934342 0.264353 0.906503 0.222845 0.90145 0.231468 0.891789 0.0916124 0.89052 0.12982 0.883663 0.157223 0.881194 0.16155 0.886974 0.171206 0.883931 0.181818 0.91841 0.272285 0.909335 0.258233 0.894066 0.192551 0.908686 0.267812 0.895346 0.0539223 0.893092 0.0187034 0.887974 0.116165 0.875246 0.150315 0.877402 0.156628 0.881281 0.200389 0.889587 0.211516 0.887924 0.223368 0.877683 0.216595 0.890985 0.232 0.887529 0.240565 0.893733 0.25124 0.911721 0.274388 0.908194 0.0201981 0.885324 0.0644568 0.875813 0.124489 0.875366 0.172281 0.873981 0.178136 0.874551 0.188755 0.897984 0.262443 0.898125 0.267411 0.888632 0.0555134 0.887344 0.0257961 0.878064 0.0943086 0.870751 0.140494 0.867282 0.159677 0.869425 0.165595 0.883294 0.261845 0.882718 0.252204 0.873755 0.202154 0.87929 0.231725 0.879883 0.243699 0.873702 0.0690089 0.870678 0.110549 0.86091 0.153098 0.862978 0.173576 0.867377 0.179571 0.869411 0.260221 0.886262 0.269385 0.866373 0.211122 0.863916 0.23068 0.857827 0.130636 0.860289 0.182973 0.874224 0.0530209 0.897826 0.00873338 0.857839 0.163284 0.857982 0.208857 0.869303 0.27144 0.857375 0.220692 0.871739 0.239433 0.871078 0.251815 0.864117 0.246275 0.8794 0.0401558 0.85341 0.161977 0.864242 0.083409 0.857832 0.0969741 0.850219 0.147946 0.845205 0.172692 0.853766 0.180511 0.863786 0.258869 0.856564 0.237312 0.848317 0.175925 0.848829 0.187183 0.847743 0.209111 0.850059 0.253522 0.846812 0.247224 0.851997 0.259387 0.848847 0.222586 0.848887 0.115701 0.839716 0.172732 0.845048 0.180314 0.836064 0.201783 0.855232 0.0681808 0.852656 0.125965 0.83749 0.158107 0.841264 0.186236 0.840065 0.219013 0.844586 0.228321 0.864948 0.0393756 0.861817 0.0548077 0.842646 0.132981 0.840527 0.177108 0.83641 0.191073 0.872753 0.0127068 0.85033 0.0842383 0.836745 0.178288 0.837437 0.180717 0.83078 0.191396 0.837836 0.236572 0.832285 0.229403 0.841433 0.244759 0.831941 0.251614 0.832526 0.261951 0.868557 0 0.835345 0.145831 0.827875 0.206758 0.820156 0.214632 0.860903 0.0189776 0.840637 0.101313 0.826144 0.169144 0.822246 0.199829 0.824211 0.238174 0.824905 0.187955 0.853127 0.0413404 0.82968 0.134369 0.820825 0.208559 0.818247 0.22957 0.825962 0.247688 0.852753 0.0256173 0.838861 0.0753913 0.816749 0.197318 0.84139 0.0506075 0.822698 0.154443 0.81289 0.217476 0.842355 0.0434629 0.824528 0.119946 0.812119 0.183707 0.81388 0.206067 0.80869 0.222165 0.811015 0.244471 0.831453 0.0516744 0.825177 0.095566 0.811884 0.142656 0.809099 0.23242 0.841962 0.0287082 0.810792 0.167446 0.808299 0.212177 0.802221 0.233727 0.809159 0.188945 0.805404 0.202253 0.805022 0.218293 0.804861 0.227581 0.801563 0.244269 0.803899 0.162612 0.803649 0.182484 0.802222 0.212655 0.84051 0.015608 0.810617 0.110041 0.797849 0.230966 0.79699 0.23866 0.795657 0.204805 0.797658 0.224566 0.831544 0.0211652 0.825981 0.0293476 0.800614 0.172891 0.793504 0.23681 0.794309 0.244758 0.805484 0.0499678 0.81182 0.0880566 0.795363 0.119836 0.795422 0.146898 0.786829 0.196549 0.793431 0.216061 0.789944 0.226953 0.789355 0.240709 0.80688 0.0636283 0.813046 0.0255189 0.789541 0.181739 0.785785 0.240711 0.802285 0.0827536 0.790231 0.163569 0.781581 0.205471 0.784582 0.220084 0.783704 0.232954 0.780031 0.24116 0.774369 0.212627 0.772889 0.225488 0.819624 0.0131334 0.797406 0.0318474 0.784803 0.150292 0.776713 0.193749 0.768781 0.233899 0.775963 0.160767 0.773574 0.178921 0.770243 0.202361 0.805909 0.013407 0.763713 0.223275 0.779278 0.10639 0.763205 0.113972 0.767466 0.245782 0.754178 0.236804 0.784205 0.0726768 0.770686 0.138224 0.76134 0.206404 0.792801 0.0154058 0.782606 0.0908834 0.759678 0.18013 0.754884 0.186538 0.754573 0.212169 0.754664 0.247395 0.762589 0.160002 0.748512 0.218427 0.776878 0.0556162 0.745548 0.237948 0.779131 0.041654 0.737951 0.24057 0.744073 0.250992 0.729317 0.243769 0.745523 0.221424 0.720674 0.253485 0.716985 0.257526 0.714806 0.247191 0.711909 0.254243 0.765517 0.0828271 0.71861 0.239574 0.759062 0.143914 0.73668 0.220883 0.726525 0.224714 0.722326 0.232505 0.713179 0.235438 0.763325 0.102219 0.746459 0.169301 0.747209 0.197124 0.772636 0.0252564 0.710761 0.242395 0.70569 0.265641 0.705077 0.255569 0.760298 0.0647959 0.742247 0.205479 0.765918 0.0438446 0.749086 0.122631 0.746469 0.152833 0.742165 0.183227 0.717856 0.219434 0.713798 0.227664 0.70889 0.235106 0.706457 0.241218 0.702935 0.245907 0.696629 0.263939 0.771106 0.00804514 0.732622 0.202051 0.728203 0.213456 0.709473 0.227898 0.69213 0.256748 0.745558 0.13575 0.735241 0.166822 0.736722 0.190402 0.725535 0.208812 0.710371 0.219815 0.71707 0.210189 0.710897 0.21399 0.698727 0.236203 0.69536 0.241971 0.694609 0.249604 0.687579 0.264761 0.722322 0.197009 0.713813 0.194769 0.70773 0.216042 0.699611 0.223727 0.696661 0.239321 0.748278 0.0856979 0.738782 0.118639 0.735255 0.153535 0.72635 0.172915 0.709413 0.196641 0.708415 0.203139 0.706916 0.207119 0.703155 0.216037 0.686021 0.256429 0.692113 0.226017 0.692509 0.235595 0.688447 0.244171 0.685171 0.249229 0.733554 0.128282 0.716841 0.184746 0.746269 0.0282224 0.678024 0.265496 0.719434 0.172489 0.737967 0.0467658 0.70421 0.199222 0.700206 0.206068 0.686605 0.239307 0.719148 0.15186 0.754393 0.0174616 0.711097 0.185689 0.67814 0.254546 0.713506 0.177651 0.703657 0.193082 0.6851 0.217129 0.683602 0.231927 0.679549 0.242958 0.737565 0.0708608 0.722454 0.130073 0.717098 0.140289 0.709022 0.180704 0.67687 0.234994 0.675194 0.247495 0.671628 0.262048 0.674151 0.27088 0.664293 0.263509 0.713601 0.164183 0.709313 0.173585 0.700264 0.183776 0.687732 0.198391 0.671593 0.249151 0.663514 0.271086 0.710242 0.162118 0.739444 0.0162599 0.675563 0.240441 0.665594 0.257146 0.728869 0.0857425 0.722034 0.096739 0.720314 0.109591 0.707741 0.164185 0.701543 0.173809 0.69467 0.191209 0.672863 0.222017 0.696028 0.181574 0.66282 0.24954 0.722496 0.0529568 0.654573 0.279345 0.703018 0.15201 0.690845 0.188447 0.687358 0.193198 0.672035 0.207869 0.665258 0.240955 0.656144 0.261497 0.711152 0.109309 0.70674 0.134956 0.698658 0.168506 0.689265 0.173803 0.667908 0.23334 0.652752 0.269611 0.698017 0.155183 0.686702 0.179981 0.724316 0.0390542 0.680562 0.187732 0.646585 0.281427 0.692499 0.167339 0.655908 0.244373 0.654862 0.252536 0.718618 0.0707697 0.69387 0.140661 0.660811 0.227948 0.652761 0.23544 0.645857 0.268819 0.639814 0.27993 0.708448 0.0967676 0.699231 0.117703 0.688231 0.150546 0.721609 0.0147011 0.665045 0.217485 0.653547 0.243468 0.647362 0.258319 0.682395 0.158927 0.678629 0.175414 0.67131 0.194271 0.64748 0.25088 0.703862 0.0702913 0.694147 0.109938 0.691936 0.126385 0.716269 0.0285141 0.670218 0.183834 0.661922 0.206013 0.635742 0.264383 0.70596 0.0911803 0.70065 0.10324 0.684838 0.142549 0.654661 0.213162 0.69515 0.0924947 0.672856 0.147462 0.673716 0.165019 0.648941 0.23196 0.642773 0.232072 0.638454 0.257132 0.70243 0.0605773 0.692953 0.0976834 0.672332 0.152785 0.702191 0.0230246 0.696619 0.0444845 0.69626 0.0807096 0.683092 0.120492 0.67747 0.134953 0.6938 0.0313107 0.654189 0.193028 0.647137 0.216543 0.681959 0.106716 0.659503 0.170788 0.650789 0.201084 0.666648 0.150869 0.653807 0.180845 0.685516 0.083512 0.67207 0.130496 0.680825 0.0915503 0.677994 0.118621 0.66787 0.140588 0.676852 0.105733 0.679506 0.0778578 0.66666 0.112275 0.652472 0.142507 0.654817 0.163943 0.684356 0.0617038 0.658655 0.121983 0.644948 0.182338 0.671531 0.066051 0.661423 0.0991792 0.653588 0.130437 0.675807 0.0485353 0.663806 0.0846293 0.647315 0.154636 0.638334 0.160999 0.647166 0.128281 0.664975 0.0703536 0.644873 0.103385 0.657305 0.0528322 0.661185 0.0377394 0.650601 0.0820663 0.649121 0.0620463 0.0607666 0.60196 0.0555443 0.595126 0.0744964 0.599869 0.0884089 0.601422 0.0748231 0.585746 0.0340161 0.615814 0.02791 0.633258 0.0165295 0.615283 0.101789 0.593023 0.150456 0.569181 0.143246 0.581347 0.127811 0.567868 0.132809 0.581816 0.106439 0.576304 0.0510342 0.607029 0.0176515 0.636547 0.125886 0.58708 0.0693109 0.613419 0.0554788 0.615553 0.10218 0.60783 0.0796057 0.612426 0.152035 0.561915 0.169738 0.564957 0.161882 0.571805 0.0438407 0.629678 0.201595 0.545898 0.210113 0.560088 0.196443 0.557257 0.122798 0.602875 0.215394 0.548286 0.181548 0.55686 0.186494 0.570337 0.158717 0.587061 0.132437 0.597404 0.0927094 0.617022 0.0783213 0.62473 0.165117 0.585762 0.176078 0.577272 0.0840335 0.620068 0.0488526 0.641559 0.0330852 0.647702 0.0204156 0.646995 0.224252 0.554389 0.151272 0.60522 0.0671432 0.638281 0.206189 0.573742 0.0416978 0.652834 0.221876 0.565677 0.194915 0.582016 0.182021 0.596345 0.103914 0.621981 0.0253457 0.659079 0.0111739 0.652097 0.238583 0.566983 0.128866 0.614117 0.117413 0.618291 0.092424 0.626379 0.244675 0.556221 0.213857 0.574484 0.0792387 0.640693 0.0553618 0.65197 0.0157015 0.663623 0.162805 0.604945 0.190052 0.597924 0.0398834 0.666449 0.231149 0.577611 0.0228007 0.669625 0.214203 0.591817 0.176928 0.607985 0.112872 0.632401 0.0979429 0.637011 0.0525469 0.659156 0.00576065 0.676 0.0292456 0.678571 0.0743463 0.654839 0.201624 0.60257 0.141928 0.62576 0.0927089 0.653419 0.0491162 0.668412 0.0411537 0.672469 0.0258815 0.686088 0.228257 0.581544 0.109944 0.643682 0.0738768 0.663692 0.0616677 0.667738 0.241434 0.583442 0.162399 0.620123 0.0433803 0.678971 0.251554 0.582689 0.238895 0.592545 0.223755 0.596484 0.194064 0.60971 0.133266 0.642731 0.0102381 0.704878 0.0168933 0.693953 0.0208232 0.705596 0.0877048 0.661934 0.015354 0.71666 0.0070343 0.71856 0.0340767 0.696733 0.062124 0.674186 0.0476989 0.686274 0.0155316 0.719621 0.0372115 0.704416 0.021521 0.720406 0.0709142 0.671568 0.0135108 0.724755 0.028966 0.715165 0.0466854 0.696427 0.0620504 0.682201 0.181816 0.618937 0.022305 0.723989 0.118184 0.65442 0.113996 0.660655 0.0312451 0.718981 0.0578231 0.688861 0.0895047 0.670421 0.212914 0.6114 0.152049 0.635462 0.0190769 0.732408 0.0349396 0.716509 0.0404685 0.710832 0.220892 0.614948 0.0858557 0.679269 0.0800132 0.683478 0.177165 0.628936 0.254447 0.594996 0.234481 0.607579 0.190825 0.628931 0.0270386 0.723885 0.145139 0.650029 0.0349326 0.721729 0.0387195 0.716355 0.0524013 0.704611 0.0740735 0.69134 0.0227961 0.739295 0.0102862 0.739039 0.0646006 0.699163 0.040627 0.719266 0.0487287 0.710817 0.24506 0.605736 0.202676 0.623666 0.0154296 0.744257 0.0336292 0.741676 0.110854 0.671065 0.0656236 0.702979 0.0544968 0.709058 0.0399829 0.725644 0.102248 0.683236 0.210993 0.62676 0.171864 0.646314 0.148523 0.657292 0.0523555 0.721827 0.263429 0.601278 0.257912 0.612595 0.0849533 0.693131 0.0502541 0.729134 0.0709525 0.709431 0.0229751 0.748662 0.00933273 0.756383 0.140635 0.663811 0.0591388 0.720411 0.0423564 0.734581 0.0642523 0.717443 0.233857 0.624324 0.123982 0.676408 0.0839011 0.70173 0.187206 0.644549 0.0166705 0.761504 0.0969444 0.69756 0.215502 0.630597 0.197822 0.642058 0 0.763944 0.109023 0.68941 0.0573375 0.726885 0.247506 0.625491 0.0452326 0.741084 0.00506905 0.773908 0.0293077 0.758892 0.0787053 0.712581 0.0702591 0.718336 0.0524279 0.737387 0.0399202 0.752394 0.229693 0.63439 0.0173266 0.770253 0.162718 0.666673 0.124237 0.68319 0.0596843 0.728917 0.0585235 0.735907 0.256239 0.630049 0.067407 0.728391 0.08972 0.71177 0.0807068 0.71626 0.18259 0.65638 0.0149857 0.783116 0.0555275 0.744995 0.245807 0.641834 0.207278 0.653453 0.0283329 0.768832 0.14022 0.679847 0.0890742 0.723754 0.0854915 0.727101 0.0698626 0.737972 0.0520969 0.760128 0.22047 0.647713 0.189782 0.658133 0.15677 0.678177 0.137029 0.697969 0.120611 0.700283 0.102159 0.714397 0.0711205 0.741757 0.11055 0.707626 0.0439776 0.771099 0.172685 0.676062 0.0910102 0.726846 0.105391 0.722762 0.233318 0.649104 0.0376458 0.78324 0.0861313 0.733035 0.260142 0.643955 0.269369 0.632528 0.129033 0.710293 0.155763 0.692043 0.102422 0.731263 0.272714 0.642548 0.0682643 0.758239 0.219751 0.657949 0.185378 0.675623 0.0887883 0.742559 0.0816845 0.756295 0.247401 0.659105 0.226181 0.659451 0.191238 0.67829 0.140117 0.705441 0.0965834 0.742555 0.268498 0.653207 0.23852 0.659054 0.165422 0.695554 0.205095 0.671761 0.0583005 0.76967 0.179467 0.691215 0.124318 0.730068 0.159408 0.705824 0.0982453 0.748041 0.110735 0.735685 0.0556468 0.781349 0.142722 0.719062 0.262098 0.662272 0.194922 0.688216 0.0870953 0.757659 0.0858643 0.770116 0.235138 0.678643 0.220915 0.679005 0.205187 0.689768 0.108496 0.755993 0.255773 0.669216 0.157051 0.718504 0.177027 0.702581 0.122636 0.751688 0.26438 0.676668 0.248291 0.686717 0.133262 0.735346 0.173312 0.710856 0.0967348 0.774335 0.190789 0.699116 0.149672 0.732136 0.225318 0.69287 0.161715 0.726287 0.18497 0.711766 0.141559 0.751025 0.111148 0.770954 0.153258 0.743653 0.201058 0.705868 0.173448 0.731328 0.262845 0.698321 0.215136 0.702789 0.225265 0.706711 0.243013 0.701475 0.178689 0.723026 0.127654 0.772917 0.194061 0.724094 0.256825 0.706869 0.16856 0.738925 0.205645 0.711591 0.141481 0.768172 0.154631 0.761724 0.185608 0.733005 0.221929 0.721353 0.242578 0.716459 0.179304 0.748233 0.169997 0.753746 0.215831 0.727532 0.245648 0.725562 0.191977 0.742306 0.228731 0.726726 0.145553 0.781528 0.263521 0.714693 0.206592 0.74111 0.218212 0.736665 0.164708 0.766864 0.258502 0.726949 0.244643 0.735423 0.181292 0.763251 0.251328 0.741238 0.227358 0.745224 0.218919 0.745596 0.198411 0.762374 0.17478 0.780109 0.241304 0.749392 0.229855 0.751806 0.208662 0.76034 0.185437 0.775082 0.219209 0.763619 0.242327 0.760525 0.506842 0.497177 0.528429 0.507367 0.516603 0.516524 0.525174 0.488243 0.502142 0.507899 0.514512 0.528255 0.52257 0.476323 0.506432 0.490519 0.483938 0.515782 0.498822 0.4664 0.509733 0.461059 0.485103 0.486294 0.490547 0.480174 0.476576 0.494823 0.490739 0.528407 0.465388 0.518135 0.479337 0.537156 0.50516 0.437586 0.495091 0.443312 0.473662 0.486678 0.47988 0.476608 0.459445 0.525212 0.471747 0.545476 0.469285 0.505948 0.485913 0.463336 0.460266 0.512218 0.500324 0.397642 0.508187 0.423336 0.498549 0.412504 0.500897 0.380426 0.523095 0.385292 0.516548 0.360685 0.457564 0.536767 0.489213 0.42761 0.453812 0.464334 0.479306 0.456338 0.480096 0.44237 0.456031 0.491024 0.447973 0.524162 0.449414 0.503225 0.460354 0.45483 0.480824 0.40981 0.467099 0.447104 0.454178 0.478835 0.448538 0.543218 0.477205 0.419557 0.443384 0.506775 0.482182 0.380003 0.435744 0.535301 0.491226 0.369076 0.495831 0.349898 0.440601 0.488404 0.461317 0.43258 0.431427 0.513769 0.446667 0.469251 0.484572 0.352256 0.431626 0.498106 0.423546 0.523198 0.421412 0.53518 0.468036 0.394275 0.486313 0.316999 0.496994 0.328699 0.483483 0.329897 0.448662 0.441845 0.455843 0.422115 0.463152 0.4119 0.47735 0.353671 0.435542 0.471903 0.442974 0.457065 0.427451 0.489157 0.46899 0.374617 0.436391 0.463298 0.467805 0.342409 0.405527 0.521459 0.445848 0.430776 0.448789 0.412064 0.456795 0.378439 0.412946 0.497602 0.428075 0.476715 0.46026 0.356101 0.467407 0.33089 0.410647 0.511997 0.452015 0.390205 0.430385 0.44875 0.409308 0.500908 0.437643 0.422742 0.424923 0.454351 0.466259 0.321029 0.407788 0.535864 0.482778 0.304777 0.433975 0.434569 0.413074 0.479994 0.418228 0.463402 0.4503 0.351796 0.439591 0.395531 0.437412 0.403131 0.444169 0.371293 0.389703 0.516075 0.461928 0.304738 0.396197 0.505234 0.421367 0.438453 0.407574 0.481812 0.418046 0.44693 0.450228 0.344199 0.450965 0.326221 0.387471 0.525176 0.419438 0.421728 0.407558 0.469063 0.424814 0.407094 0.409413 0.454934 0.397613 0.489905 0.433355 0.366831 0.389996 0.494483 0.446245 0.316027 0.409982 0.442566 0.427929 0.39096 0.38701 0.478454 0.435155 0.347899 0.449841 0.300106 0.371185 0.503955 0.412435 0.428016 0.391643 0.466407 0.399582 0.456687 0.432441 0.32557 0.374667 0.496796 0.439597 0.304907 0.406874 0.436927 0.422085 0.381768 0.368125 0.51756 0.368848 0.529738 0.417708 0.399655 0.426252 0.35922 0.423012 0.346729 0.394756 0.448395 0.382183 0.48652 0.411582 0.412601 0.426462 0.313744 0.40493 0.425397 0.414407 0.376356 0.400995 0.413334 0.421408 0.326064 0.425678 0.307174 0.431187 0.294864 0.355173 0.523696 0.401944 0.405817 0.392061 0.438133 0.409125 0.394483 0.414822 0.3636 0.414846 0.287064 0.397281 0.421664 0.372345 0.469607 0.412011 0.334645 0.349128 0.508316 0.403747 0.369035 0.382976 0.449959 0.37069 0.484138 0.361824 0.489803 0.408016 0.347459 0.405952 0.357228 0.4041 0.315069 0.346366 0.497898 0.387844 0.427643 0.395934 0.395642 0.399045 0.384977 0.378255 0.436692 0.374224 0.456705 0.409044 0.299665 0.363393 0.477282 0.389392 0.419524 0.388398 0.405599 0.339526 0.51519 0.363817 0.460739 0.379007 0.421439 0.383474 0.417213 0.384748 0.410474 0.391622 0.376461 0.389978 0.350131 0.345657 0.480928 0.395617 0.326446 0.395873 0.333718 0.357603 0.463859 0.366542 0.441546 0.332337 0.501333 0.31877 0.512731 0.37806 0.385942 0.383906 0.362713 0.394053 0.313519 0.398133 0.301273 0.355797 0.451837 0.332703 0.484858 0.364858 0.431831 0.377477 0.410663 0.370903 0.414049 0.377004 0.395221 0.384841 0.339203 0.384034 0.32774 0.387222 0.304375 0.343939 0.463578 0.343014 0.447683 0.321815 0.497888 0.387005 0.296 0.370584 0.395071 0.378586 0.37372 0.34993 0.443637 0.377271 0.350386 0.361089 0.411089 0.378835 0.362237 0.300747 0.50138 0.367769 0.321864 0.377631 0.289276 0.371208 0.334857 0.307423 0.514854 0.32196 0.464733 0.353203 0.42463 0.346868 0.435988 0.371157 0.360199 0.317028 0.488088 0.355869 0.306426 0.355277 0.401833 0.366349 0.383216 0.364851 0.34377 0.329339 0.450479 0.345901 0.413349 0.361999 0.361112 0.283504 0.517688 0.303762 0.488864 0.361297 0.33146 0.310396 0.466922 0.350066 0.385093 0.358381 0.375176 0.279517 0.501068 0.335825 0.437825 0.32461 0.415963 0.353614 0.317917 0.362933 0.292264 0.290339 0.494483 0.299372 0.472494 0.353361 0.34299 0.313265 0.446477 0.346608 0.352894 0.316121 0.454572 0.339909 0.29299 0.346761 0.368569 0.332864 0.325902 0.329662 0.405559 0.338088 0.396125 0.276107 0.487671 0.316314 0.429303 0.280704 0.473569 0.337564 0.38084 0.327559 0.343119 0.336281 0.308054 0.302038 0.455478 0.323314 0.358993 0.27969 0.462267 0.322697 0.395576 0.292296 0.441004 0.329836 0.288168 0.320211 0.381521 0.32737 0.370212 0.318569 0.405211 0.281249 0.451023 0.293038 0.427628 0.321006 0.314428 0.323257 0.296956 0.303609 0.412224 0.309172 0.384285 0.304339 0.393464 0.310598 0.330994 0.268678 0.450519 0.309258 0.295254 0.304307 0.36889 0.278602 0.435078 0.300535 0.340364 0.302741 0.356036 0.286107 0.413207 0.302229 0.309237 0.287153 0.406215 0.290565 0.328389 0.291116 0.378939 0.297931 0.31768 0.292546 0.292844 0.289342 0.349633 0.281564 0.388965 0.285201 0.302451 0.271039 0.416568 0.280748 0.400975 0.277793 0.369347 0.266602 0.402752 0.280651 0.286133 0.27371 0.354694 0.279637 0.341817 0.542423 0.679255 0.535156 0.679526 0.541966 0.669945 0.538797 0.684866 0.549855 0.653036 0.543587 0.664505 0.542945 0.655812 0.563749 0.730207 0.552203 0.737634 0.555835 0.723665 0.550431 0.674861 0.541241 0.647496 0.555306 0.712323 0.547772 0.728771 0.541499 0.720524 0.53762 0.707053 0.549138 0.699637 0.557129 0.686376 0.578756 0.751993 0.56834 0.741484 0.573832 0.73877 0.555701 0.647835 0.560341 0.719501 0.556152 0.701852 0.556992 0.665273 0.55943 0.711234 0.548896 0.635608 0.564669 0.638247 0.587119 0.742212 0.563837 0.683823 0.557378 0.627163 0.569335 0.668426 0.572581 0.726748 0.570406 0.71388 0.565827 0.703748 0.568056 0.699753 0.574829 0.633765 0.569654 0.71049 0.572309 0.652826 0.599076 0.758904 0.608294 0.746291 0.621173 0.75719 0.579925 0.728784 0.575066 0.721459 0.594383 0.747329 0.599442 0.738334 0.605575 0.735905 0.578905 0.714772 0.573211 0.701214 0.5743 0.685174 0.620914 0.749353 0.574183 0.618689 0.581158 0.63092 0.575461 0.648712 0.585567 0.726548 0.578442 0.709203 0.576871 0.693181 0.594184 0.726225 0.580969 0.704929 0.581504 0.696458 0.578614 0.671106 0.62124 0.743325 0.601219 0.732173 0.58485 0.717351 0.6473 0.755506 0.638419 0.763147 0.638016 0.753483 0.579709 0.685418 0.630471 0.747844 0.591971 0.719019 0.589323 0.712286 0.583859 0.645901 0.582889 0.657275 0.65595 0.766917 0.613891 0.730015 0.604742 0.721676 0.584451 0.69955 0.594292 0.615397 0.590962 0.622335 0.588106 0.60946 0.587591 0.686043 0.592177 0.701732 0.591199 0.679477 0.590526 0.661132 0.590685 0.65203 0.599805 0.712596 0.593142 0.638946 0.676149 0.759488 0.662024 0.756568 0.59187 0.696723 0.647886 0.742833 0.635208 0.740494 0.627235 0.736683 0.593895 0.633245 0.597399 0.709156 0.659904 0.745256 0.594817 0.694586 0.607046 0.609291 0.614069 0.721873 0.604191 0.716345 0.597192 0.703191 0.682934 0.751856 0.675473 0.745478 0.599451 0.678783 0.599217 0.669641 0.599309 0.659662 0.631501 0.733314 0.622422 0.722175 0.615254 0.59637 0.608791 0.618447 0.604444 0.704932 0.642791 0.737698 0.636273 0.733738 0.604082 0.644384 0.616385 0.606066 0.606558 0.708019 0.698267 0.751618 0.667983 0.73873 0.603035 0.700357 0.604098 0.688732 0.638769 0.73202 0.601707 0.693348 0.630534 0.720942 0.612633 0.70947 0.608329 0.630871 0.604549 0.702784 0.60256 0.67252 0.649572 0.733831 0.640175 0.725975 0.624284 0.717822 0.616556 0.71421 0.732677 0.758571 0.718694 0.764799 0.728793 0.751309 0.705787 0.760515 0.663372 0.73898 0.612453 0.667003 0.607437 0.675243 0.611591 0.651941 0.614643 0.635585 0.618843 0.619597 0.609227 0.703629 0.609657 0.68524 0.65654 0.730126 0.619784 0.658199 0.605151 0.693964 0.641888 0.709318 0.61026 0.697765 0.629095 0.712478 0.624261 0.707552 0.616628 0.703029 0.620567 0.629926 0.628007 0.595052 0.631634 0.606918 0.64099 0.585344 0.642178 0.601928 0.622085 0.675647 0.621634 0.670253 0.655083 0.723871 0.61998 0.649727 0.610022 0.68869 0.637617 0.706873 0.612817 0.701836 0.715275 0.744071 0.66388 0.728392 0.62431 0.664642 0.652442 0.715768 0.646823 0.711077 0.627314 0.620802 0.791474 0.76786 0.778028 0.756416 0.784742 0.747376 0.747857 0.744066 0.756874 0.753643 0.687906 0.73014 0.680673 0.7289 0.673474 0.724393 0.631957 0.663233 0.646191 0.704117 0.626769 0.698682 0.622486 0.640221 0.614077 0.691063 0.621735 0.700557 0.795282 0.75222 0.613886 0.69717 0.632037 0.630403 0.634201 0.671297 0.66851 0.717563 0.617172 0.687828 0.624005 0.682114 0.652174 0.706695 0.629381 0.656094 0.626931 0.648752 0.635673 0.61612 0.621728 0.698364 0.622593 0.69347 0.735343 0.730531 0.634951 0.679138 0.622612 0.687528 0.624461 0.68787 0.653633 0.595556 0.633063 0.695673 0.627996 0.694843 0.806145 0.744586 0.805766 0.756537 0.63302 0.637469 0.794456 0.741438 0.775311 0.734513 0.763709 0.768937 0.768681 0.737977 0.710042 0.731217 0.659435 0.711031 0.630307 0.685821 0.635773 0.642043 0.820107 0.754697 0.644003 0.696419 0.638404 0.693121 0.629264 0.688396 0.638873 0.689454 0.684489 0.715841 0.667554 0.712703 0.63393 0.684499 0.65398 0.697652 0.822614 0.741408 0.639081 0.666096 0.637902 0.648537 0.63926 0.630956 0.645979 0.62383 0.725738 0.728931 0.676156 0.715403 0.657999 0.700563 0.645309 0.689582 0.808919 0.729546 0.658417 0.580983 0.640427 0.680506 0.81735 0.726 0.831931 0.730039 0.696321 0.721663 0.667043 0.700479 0.661064 0.689083 0.647193 0.673651 0.799769 0.729298 0.650579 0.612032 0.753158 0.727167 0.670625 0.705088 0.671224 0.687138 0.655468 0.685418 0.647825 0.678722 0.785336 0.725367 0.66065 0.607415 0.715884 0.725403 0.709091 0.715818 0.653136 0.669992 0.657319 0.653877 0.648801 0.632881 0.655863 0.620147 0.680551 0.703251 0.6594 0.676579 0.817374 0.710037 0.834343 0.719264 0.651535 0.640386 0.679163 0.583572 0.763287 0.72169 0.736448 0.72085 0.695292 0.712248 0.676029 0.697618 0.669193 0.67656 0.775779 0.72473 0.826763 0.705575 0.674149 0.596751 0.686859 0.70939 0.804909 0.717574 0.65795 0.661859 0.668513 0.611818 0.730387 0.716061 0.658355 0.635638 0.692771 0.702155 0.79131 0.71252 0.660026 0.651731 0.78174 0.717178 0.764236 0.717578 0.722983 0.709686 0.666106 0.666513 0.680241 0.688984 0.695967 0.564176 0.690438 0.584233 0.677919 0.681145 0.838299 0.691902 0.822656 0.685958 0.6626 0.643577 0.748554 0.714623 0.677451 0.60473 0.666855 0.63078 0.669552 0.620657 0.714139 0.705742 0.68861 0.690098 0.671647 0.637376 0.671316 0.651508 0.814067 0.693655 0.739125 0.709597 0.702818 0.69933 0.802884 0.701534 0.673231 0.663441 0.766888 0.708219 0.679443 0.666447 0.679422 0.64393 0.698303 0.688608 0.673655 0.627996 0.708455 0.576668 0.684533 0.656975 0.682106 0.652818 0.756804 0.705414 0.831195 0.673579 0.678571 0.631802 0.733941 0.702518 0.697693 0.594175 0.722973 0.698251 0.690064 0.673974 0.777345 0.700567 0.800789 0.693785 0.747006 0.701695 0.815655 0.678107 0.810038 0.589148 0.800647 0.567163 0.820976 0.571141 0.708156 0.690857 0.685273 0.625687 0.684976 0.614176 0.825836 0.6606 0.811006 0.684143 0.821359 0.584652 0.688744 0.637627 0.798952 0.574973 0.78877 0.575941 0.785611 0.557779 0.693251 0.605875 0.756966 0.56455 0.771931 0.555664 0.767772 0.566761 0.766966 0.696416 0.720063 0.570994 0.718249 0.584593 0.702604 0.595407 0.819161 0.602208 0.809555 0.658164 0.79833 0.592903 0.746419 0.692775 0.731628 0.691527 0.837498 0.644895 0.809777 0.642691 0.781286 0.569493 0.720858 0.686806 0.713439 0.677183 0.704863 0.669981 0.785215 0.686801 0.698097 0.659199 0.699009 0.612769 0.801408 0.607259 0.699256 0.646155 0.828617 0.627999 0.778965 0.583686 0.699019 0.623679 0.796758 0.678966 0.736152 0.57997 0.746769 0.558638 0.73546 0.558839 0.804533 0.671498 0.819676 0.616215 0.712542 0.606181 0.743333 0.680605 0.706379 0.637235 0.767848 0.579808 0.753368 0.582882 0.712015 0.667224 0.768871 0.689949 0.728283 0.594217 0.806229 0.626566 0.804264 0.647629 0.709235 0.651848 0.73175 0.678281 0.782761 0.600417 0.72232 0.676628 0.794568 0.659622 0.739891 0.59452 0.764489 0.596418 0.760968 0.681589 0.71434 0.617667 0.774966 0.672875 0.723475 0.668686 0.782274 0.664696 0.77648 0.605205 0.722327 0.646478 0.72968 0.65283 0.783617 0.648392 0.75698 0.670444 0.790712 0.626505 0.744978 0.671659 0.783568 0.612564 0.753245 0.596938 0.770024 0.667136 0.733735 0.598708 0.71942 0.627735 0.724836 0.612539 0.725618 0.627134 0.7424 0.659855 0.768179 0.613945 0.741492 0.608423 0.75371 0.610122 0.736378 0.637344 0.779164 0.630952 0.771737 0.635554 0.733366 0.62249 0.758406 0.658823 0.766384 0.650222 0.759882 0.627711 0.745964 0.650713 0.74799 0.629986 0.754773 0.641824"/>
   </IndexedFaceSet>
  </Shape>
 </Scene>
</X3D>
